"GeneID","genename","AUG_Hairpin","Rmotif","TranslationCat","Ribo_Mock_RPKM_AVG","Ribo_IC_RPKM_AVG","RNA_Mock_RPKM_AVG","RNA_IC_RPKM_AVG","RNAlog2fc","RNA_adjp","Ribolog2fc","Ribo_adjp","TE_Mock","TE_IC","log2_TEfc","Direction"
"AT1G01050","AtPPa1",1,"TRUE","Non DTG",11.75257668,4.557399883,34.97022769,31.28827207,-0.029149625,0.983118348,-0.923999214,0.484674152,0.336073782,0.145658407,-1.206189022,0.0269342305883947
"AT1G01090","PDH-E1",1,"TRUE","Non DTG",39.48403779,37.75521441,95.62941477,100.837926,0.08710171,0.843204116,0.164208907,0.912813822,0.412885908,0.374414825,-0.141105621,0.014302876596931
"AT1G01100","RPP1.1",1,"TRUE","Non DTG",11.7715654,11.59473215,108.5975638,63.70771637,-0.481757247,0.169562491,0.158814811,0.97690286,0.10839622,0.181998866,0.747615017,-0.0765101861301853
"AT1G01120","KCS1",1,"TRUE","Non DTG",31.14419046,31.95326758,37.5796294,48.49206014,0.390989632,0.338331372,0.07772423,0.97421589,0.828751932,0.658938133,-0.330797309,0.0303893680851834
"AT1G01470","AtLEA14",1,"FALSE","Non DTG",43.30309814,65.7605342,374.6318821,372.5918046,0.103595716,0.839515142,0.662650385,0.121730697,0.115588395,0.176494849,0.610629512,0.0686477410917507
"AT1G01490","AtHMP01",1,"TRUE","Non DTG",8.680949831,3.174407814,23.11680077,9.505418001,-1.03865339,0.068551957,-0.771752272,0.69286726,0.375525572,0.33395773,-0.169245648,0.801583113553002
"AT1G01550","BPS1",1,"TRUE","Forwarded",52.81835135,70.94661726,137.8874136,174.7766318,0.446653572,0.000156802,0.590432001,0.012271273,0.383054189,0.405927363,0.083673096,0.263718562269758
"AT1G01790","ATKEA1",1,"TRUE","Non DTG",22.20721704,23.35731089,35.36171538,36.45876603,0.126590327,0.668732232,0.07684137,0.960600801,0.628001691,0.640650067,0.028768106,0.00972737415542799
"AT1G01820","PEX11C",1,"TRUE","Non DTG",5.708299806,3.410143757,13.19488786,6.846860898,-0.564635141,0.464545861,-0.612439335,0.844904665,0.432614499,0.498059448,0.203235932,0.345804770271671
"AT1G02130","ARA-5",1,"FALSE","Non DTG",4.356394957,4.63621344,15.97190335,15.78112779,0.303888525,0.787177807,0.559803163,0.846328658,0.272753651,0.293782137,0.107148166,0.170117757494405
"AT1G02140","HAP1",1,"FALSE","Non DTG",8.450866105,5.470915338,43.66657014,34.1967937,0.018317035,0.989721267,-0.653465736,0.754869778,0.193531713,0.159983283,-0.274648824,-0.0119695547576128
"AT1G02305","AtcathB2",1,"TRUE","Non DTG",3.883527525,3.514483439,7.911879333,8.01328144,0.236291396,0.796172437,-0.234019726,0.968936277,0.490847669,0.438582304,-0.162427759,-0.0552968477480775
"AT1G02335","GL22",1,"TRUE","Non DTG",4.43517329,4.447712852,7.880670418,11.6693451,0.60386724,0.629612036,-0.000193241,0.999997657,0.562791369,0.381145027,-0.56226015,-0.00011669190932484
"AT1G02475",NA,1,"TRUE","Buffered_S",8.852913236,8.317023003,17.25520999,35.75934337,0.907666396,0.010955473,0.190992266,0.970346925,0.513057404,0.232583214,-1.141373274,0.173357261744093
"AT1G02560","CLPP5",1,"TRUE","Non DTG",37.34933867,28.19317156,115.8384441,134.400433,0.184332086,0.639258146,-0.350561881,0.593416806,0.322426108,0.209769946,-0.620160573,-0.0646198027968138
"AT1G03230","SAP1",1,"TRUE","Forwarded",2.225978971,7.68884228,8.719873807,41.32145194,2.005790647,5.52052e-30,1.870861608,0.00073248,0.255276512,0.186073865,-0.456185364,3.75255671515778
"AT1G03475","ATCPO-I",1,"TRUE","Non DTG",15.51759533,15.97917022,45.21201784,40.33622743,-0.117479755,0.881080612,-0.212975639,0.922062997,0.343218376,0.396149349,0.206917633,0.0250203258906884
"AT1G03590",NA,1,"TRUE","Buffered_S",3.154388088,2.159615617,7.705100637,2.073328601,-1.385914011,0.005946633,-0.543989661,0.877055808,0.409389603,1.041617627,1.3472794,0.75392289301904
"AT1G03630","POR",1,"TRUE","Non DTG",20.50908082,17.23770817,63.33083724,48.41218222,-0.301404446,0.113634617,-0.141823909,0.953728363,0.323840355,0.356061375,0.136843166,0.0427463567216994
"AT1G03680","ATHM1",1,"TRUE","Non DTG",71.83725805,64.17909006,332.9488446,258.382796,-0.365892442,0.00024991,0.177651063,0.891081568,0.215760647,0.248387629,0.20316157,-0.0650011812649658
"AT1G03730",NA,1,"FALSE","Non DTG",2.880906719,3.970633693,14.36997034,20.16511742,0.904878732,0.05733738,0.226925625,0.971959027,0.200481048,0.196906054,-0.025958399,0.205340171808307
"AT1G03930","ADK1",1,"FALSE","Non DTG",2.776164832,3.359221147,11.19378339,9.406451473,-0.245757191,0.789751742,0.291530156,0.943845246,0.248009519,0.357118852,0.526008799,-0.0716456322303518
"AT1G04210",NA,1,"TRUE","Non DTG",6.05542993,4.582687515,10.76424776,6.940237609,-0.615212957,0.09102178,-0.414049893,0.747006029,0.562550218,0.660307006,0.231155062,0.254728859018064
"AT1G04250","AtIAA17",1,"FALSE","Non DTG",12.04749124,12.94548728,17.49585815,12.10192499,-0.123853884,0.92932035,0.170988205,0.970027316,0.688591044,1.069704803,0.6354934,-0.0211775533074382
"AT1G04260","MPI1",1,"TRUE","Non DTG",5.138038142,1.748212441,12.14633971,14.19199984,0.104142155,0.971309347,-1.033490601,0.637202875,0.423011233,0.123182952,-1.779893364,-0.107629938360385
"AT1G04270","RPS15",1,"TRUE","Non DTG",29.43678492,28.64725624,173.4472017,119.8807316,-0.458345282,0.01617781,0.013628897,0.996883172,0.169716113,0.238964643,0.493673631,-0.00624674063881395
"AT1G04350",NA,1,"TRUE","Non DTG",5.47414902,4.109587411,16.63720224,13.88928996,-0.127214136,0.915784563,0.165255235,0.972259272,0.329030623,0.295881749,-0.153201153,-0.021022801940002
"AT1G04400","AT-PHH1",1,"TRUE","Non DTG",10.85390931,9.754812318,25.0154636,22.61159206,-0.069569776,0.92005305,0.01472945,0.996883172,0.433887993,0.431407585,-0.008271123,-0.0010247245371032
"AT1G04410","c-NAD-MDH1",1,"TRUE","Non DTG",54.62493062,54.97819816,250.3315783,242.2228928,0.066440423,0.835153443,0.042923074,0.985750099,0.218210307,0.226973584,0.056805153,0.0028518271930203
"AT1G04430",NA,1,"FALSE","Non DTG",14.96742662,13.45050906,45.79521542,36.77266135,-0.21453904,0.559876274,-0.177687309,0.917987537,0.326833851,0.365774697,0.162397862,0.0381208646930434
"AT1G04440","CKL13",1,"TRUE","Non DTG",9.508008386,7.070229552,19.46663112,13.94109854,-0.568637623,0.18657913,-0.218788518,0.936826375,0.48842598,0.507150102,0.054272866,0.124411382815213
"AT1G04530","TPR4",1,"TRUE","Non DTG",22.57325689,26.02952083,35.22187956,35.5196506,0.03528701,0.983280974,0.03657627,0.991004798,0.640887345,0.732820295,0.193388675,0.0012906672052527
"AT1G04710","KAT1",1,"TRUE","Non DTG",4.862537777,1.746346985,3.751436549,4.039714403,0.16073119,0.933211169,-0.915514088,0.640332872,1.2961802,0.432294665,-1.584179364,-0.147151668826005
"AT1G05350",NA,1,"TRUE","Non DTG",2.204646638,1.346119169,10.23321332,11.95234114,0.452916114,0.514163036,-0.10795979,0.987703677,0.215440309,0.112623891,-0.935775299,-0.0488967285550561
"AT1G06220","CLO",1,"TRUE","Non DTG",1.269815042,1.427882234,2.551051973,1.285280797,-0.681555334,0.482820266,-0.347740657,0.876460377,0.497761338,1.110949637,1.158267334,0.237004499627014
"AT1G06290","ACX3",1,"TRUE","Non DTG",2.286641141,2.140438757,6.28063133,5.755653983,-0.0163327,0.991366964,0.069658637,0.989950827,0.36407823,0.371884544,0.030606309,-0.0011377136205299
"AT1G06550",NA,1,"TRUE","Non DTG",2.114734818,1.669650167,7.614569057,2.803062435,-0.979623373,0.423246393,-0.25183353,0.968936277,0.277722193,0.59565215,1.100827601,0.246702012093097
"AT1G06700",NA,1,"FALSE","Non DTG",4.779467928,5.360013613,17.49490851,13.66541926,0.100350887,0.90066179,0.303344048,0.935505558,0.273191936,0.392231918,0.521792041,0.0304408442829706
"AT1G06760","H1.1",1,"TRUE","Non DTG",10.7326195,9.96616195,47.77327581,51.04171811,0.171190085,0.752374097,-0.167126813,0.968916847,0.224657391,0.195255221,-0.202365399,-0.0286104533232491
"AT1G06830","CEPD1",1,"TRUE","Non DTG",4.142373471,6.821044221,33.85733892,52.95262971,0.659852205,0.304979976,0.422007527,0.936826375,0.122347875,0.128814079,0.074301238,0.278462597217547
"AT1G07110","ATF2KP",1,"TRUE","Non DTG",12.13555774,10.33504746,29.45649354,25.80695008,-0.0687104,0.943216773,0.056262493,0.986150942,0.411982428,0.400475354,-0.040869347,-0.0038658183990272
"AT1G07630","PLL5",1,"TRUE","Non DTG",2.327530167,4.190159361,6.619206633,10.31335326,0.677851878,0.133340237,0.866577214,0.502992113,0.351632801,0.406284867,0.208421977,0.587410991941908
"AT1G07700",NA,1,"TRUE","Non DTG",6.303231655,8.180164361,20.08370516,13.92163729,0.006805963,0.997218616,0.604884643,0.722689705,0.313848048,0.587586373,0.904734703,0.00411682249952621
"AT1G08130","ATLIG1",1,"TRUE","Non DTG",1.638389996,1.484219751,2.967091803,2.357139235,-0.054641628,0.984023488,-0.095904725,0.988076608,0.55218716,0.629669953,0.189438484,0.0052403903068923
"AT1G08200","AXS2",1,"TRUE","Non DTG",27.5117853,19.49012836,96.68636792,89.17917627,-0.079168588,0.85074125,-0.373298651,0.650310213,0.284546683,0.218550217,-0.38070055,0.0295535271019748
"AT1G08380","PSAO",1,"TRUE","Non DTG",439.2504153,378.1772074,3819.207596,4101.415082,0.202507739,0.002289125,-0.089621544,0.915554809,0.115010877,0.092206519,-0.318829652,-0.018149056241129
"AT1G08480","SDH6",1,"TRUE","Non DTG",4.047863143,2.90469456,32.96292582,19.35462817,-0.650927622,0.341011771,-0.419322516,0.936826375,0.122800481,0.150077518,0.289391665,0.272948608190937
"AT1G08510","FATB",1,"FALSE","Non DTG",14.09746224,15.20487242,40.35784938,32.48248489,-0.07895484,0.913711595,0.05961499,0.987703677,0.349311533,0.468094497,0.422285528,-0.0047068919970516
"AT1G08570","ACHT4",1,"FALSE","Non DTG",22.83746776,6.811823451,45.17467202,17.36243933,-0.998341604,0.000202309,-1.232522516,0.052370483,0.505536991,0.392331015,-0.36574527,1.23047850558956
"AT1G08580",NA,1,"TRUE","Non DTG",3.872223414,2.748011126,15.25908006,4.914177129,-0.581492278,0.728332502,0.196728178,0.979422389,0.253765194,0.559200667,1.139871875,-0.114395916372009
"AT1G08640","CJD1",1,"TRUE","Non DTG",9.990358441,7.717368303,25.13766704,14.828532,-0.424811515,0.428447021,-0.293844128,0.922062997,0.39742584,0.520440479,0.3890475,0.124828369189534
"AT1G08830","AtSOD1",1,"TRUE","Non DTG",21.30337372,19.79252552,96.9157255,145.7077761,0.472592396,0.257385396,-0.294496864,0.901612329,0.219813385,0.135837126,-0.694401402,-0.139176978572246
"AT1G08880","G-H2AX",1,"TRUE","Buffered_S",4.166134657,5.46530703,32.70911123,11.9005523,-0.958022163,0.046944988,0.194258219,0.97690286,0.127369241,0.459248184,1.850257104,-0.186103679146908
"AT1G09070","(AT)SRC2",1,"TRUE","Non DTG",195.5929266,217.2294027,786.5808571,1117.87609,0.57761132,2.28355e-07,0.248054928,0.325806521,0.2486622,0.194323329,-0.355728109,0.143279334394585
"AT1G09250","AIF4",1,"FALSE","Non DTG",7.111599879,7.521265414,41.10110456,40.86470705,0.054550506,0.965867456,0.190785576,0.970346925,0.173026977,0.184052841,0.089123026,0.0104074497083015
"AT1G09280",NA,1,"TRUE","Non DTG",2.113951615,2.107719545,3.877815202,2.795867867,-0.481137402,0.642273214,-0.016393375,0.997324194,0.545139854,0.753869512,0.46768843,0.00788746585751175
"AT1G09430","ACLA-3",1,"TRUE","Non DTG",9.341862002,6.820878005,25.80674409,17.99664204,-0.191531511,0.708920711,-0.576588595,0.598051705,0.36199305,0.379008372,0.066267719,0.110434884825717
"AT1G09490",NA,1,"TRUE","Non DTG",2.875408292,2.997236849,6.382559345,12.59970489,0.776816717,0.404220802,-0.091737541,0.989720825,0.450510232,0.237881512,-0.921316722,-0.0712632554252729
"AT1G09570","FHY2",1,"TRUE","Non DTG",15.6431684,15.4818707,28.86204946,29.25704489,0.130293161,0.662642541,0.122474669,0.936826375,0.541997838,0.529167274,-0.034563254,0.0159576117664387
"AT1G09620",NA,1,"TRUE","Non DTG",10.05678738,8.572304669,14.02898116,12.57437627,-0.124745467,0.770024838,-0.16305831,0.92462256,0.716858,0.681728022,-0.072491082,0.0203407850291808
"AT1G09630","ATRAB-A2A",1,"FALSE","Buffered_S",4.925752303,9.153442492,12.50227823,36.25250807,1.598706176,0.000739521,0.893628724,0.542953978,0.393988377,0.252491289,-0.641919453,1.4286497601098
"AT1G09940","HEMA2",1,"TRUE","Forwarded",23.6634109,76.11274152,46.8863563,156.1381743,1.853482918,3.06934e-70,1.729134976,3.42766e-29,0.504697161,0.487470421,-0.05010329,3.20492214093234
"AT1G10130","ATECA3",1,"TRUE","Non DTG",2.751697587,1.746385937,4.534013914,2.046264482,-1.152142222,0.005088561,-0.68222377,0.722110564,0.606901002,0.85345074,0.491846683,0.786018810269017
"AT1G10200","AtWLIM1",1,"TRUE","Non DTG",2.585376857,3.786552797,12.12831422,19.86978178,0.968196004,0.154354668,0.562773032,0.884952175,0.21316869,0.190568414,-0.161686537,0.544874600741364
"AT1G10290","ADL6",1,"TRUE","Non DTG",3.526436348,3.078382289,7.456511621,6.340691178,-0.197180393,0.751390171,-0.203592807,0.952588312,0.472933796,0.485496329,0.037822145,0.0401445096962331
"AT1G10470","ARR4",1,"FALSE","Non DTG",18.53335613,12.33750604,86.2478458,75.87069069,-0.176562315,0.472560415,-0.329488905,0.853511895,0.214884858,0.162612281,-0.402127614,0.0581753238336151
"AT1G10590",NA,1,"TRUE","Non DTG",4.441819294,8.503290762,34.96264331,29.18320773,-0.399534185,0.417624471,0.213605406,0.95762488,0.127044722,0.291376152,1.197546363,-0.0853426617978041
"AT1G10940","ASK1",1,"FALSE","Non DTG",5.769677107,4.101952857,12.08199621,5.260032468,-0.563936738,0.344992233,-0.073302534,0.988742131,0.477543363,0.779834133,0.707535558,0.0413379919110941
"AT1G11260","ATSTP1",1,"TRUE","Non DTG",200.6169863,163.2954729,430.94586,351.5449115,-0.158745678,0.095285999,-0.244059227,0.270162393,0.465527123,0.46450814,-0.003161347,0.0387433474622709
"AT1G11475","NRPB10",1,"FALSE","Non DTG",3.194783404,4.379277587,15.05659909,41.81152258,0.776788683,0.404825512,0.252308781,0.971959027,0.212184929,0.104738534,-1.018529867,0.195990605702325
"AT1G11670",NA,1,"FALSE","Non DTG",4.294846474,4.567278283,7.327065593,8.737452145,0.366384582,0.795165521,0.322539085,0.922062997,0.586161871,0.522724269,-0.165248983,0.118173347836387
"AT1G11750","CLPP6",1,"TRUE","Non DTG",11.94404913,12.72621069,51.11556759,40.80376107,-0.412259346,0.618004653,0.376437369,0.786434957,0.233667544,0.311888178,0.416571509,-0.155189823553901
"AT1G11840","ATGLX1",1,"TRUE","Buffered_S",9.396292663,8.49792203,36.785493,18.82048281,-0.735474211,0.005882364,0.184435545,0.952200702,0.255434735,0.451525188,0.821851746,-0.13564758693923
"AT1G11890","ATSEC22",1,"FALSE","Non DTG",3.454152829,7.099941164,19.6088318,25.79909967,0.071308326,0.95837318,0.701673302,0.762937016,0.176152912,0.275201122,0.643658023,0.0500351485645125
"AT1G11910","APA1",1,"TRUE","Non DTG",29.17895058,23.86395175,55.50069724,55.16382489,0.104006991,0.801517302,-0.012143212,0.996875712,0.525740252,0.43260147,-0.281311629,-0.00126297894119509
"AT1G12050","AtFAH",1,"TRUE","Non DTG",2.872724606,2.42908266,6.549368266,9.184769431,0.528436315,0.341005585,-0.041139933,0.993889967,0.438626214,0.264468551,-0.729895861,-0.0217398345938669
"AT1G12110","AtNPF6.3",1,"FALSE","Non DTG",11.65323941,11.18348831,27.43530191,16.41808897,-0.488200255,0.51972092,0.022462944,0.993889967,0.42475346,0.681168699,0.681386442,-0.0109664149888507
"AT1G12360","KEU",1,"FALSE","Forwarded",4.921246288,12.70897849,9.262474408,33.79451571,1.877992566,5.95938e-13,1.282059751,0.006497024,0.531310109,0.3760663,-0.498567133,2.40769868154581
"AT1G12580","PEPKR1",1,"TRUE","Exclusive",4.5423892,10.7174141,14.27775528,16.33844588,0.208922893,0.838201512,1.252302551,0.031789465,0.318144492,0.655962885,1.043932045,0.2616346718662
"AT1G12640","AtLPLAT1",1,"TRUE","Non DTG",3.244767649,3.290995668,6.06731184,8.96568363,0.3370673,0.672393936,0.061388897,0.99102187,0.534794936,0.367065781,-0.542947175,0.0206921897617681
"AT1G12780","ATUGE1",1,"TRUE","Non DTG",4.181350694,6.677645318,33.5540373,28.53916341,-0.124146325,0.818413427,0.562434528,0.784594744,0.124615427,0.233981817,0.908913739,-0.0698241797043096
"AT1G12800","SDP",1,"TRUE","Non DTG",19.0843358,17.8924777,39.80236613,38.44440247,0.119052635,0.71982274,-0.058373351,0.982744851,0.479477419,0.465411778,-0.042955154,-0.00694950125032988
"AT1G12840","ATVHA-C",1,"FALSE","Non DTG",13.79444644,12.83047005,37.23521638,40.07576518,-0.073215288,0.961876206,-0.049271619,0.989950827,0.370467739,0.320155335,-0.210575864,0.00360743577531127
"AT1G13060","PBE1",1,"TRUE","Non DTG",4.920816321,6.194191637,27.91077932,19.79695315,-0.342852816,0.665208279,-0.040276936,0.993235243,0.176305228,0.312886109,0.82756235,0.0138090609274518
"AT1G13110","CYP71B7",1,"FALSE","Buffered_S",9.438946209,14.6005158,14.79016913,36.65614232,1.328679346,2.20612e-10,0.816696912,0.139122858,0.638190553,0.398310211,-0.680094786,1.08512831891638
"AT1G13210","ACA.l",1,"TRUE","Forwarded",14.52975892,60.58309905,31.65225409,125.6073316,2.084991047,6.1647e-188,2.097885262,6.64024e-51,0.459043419,0.48232136,0.071364087,4.37407198890325
"AT1G13245","DVL4",1,"TRUE","Non DTG",7.593622289,11.02055476,182.8211254,216.5432821,0.131979157,0.838088436,0.007610784,0.998616188,0.041535803,0.050893081,0.293114076,0.00100446485642909
"AT1G13260","AtRAV1",1,"TRUE","Non DTG",19.49473893,16.56969751,54.69906725,57.52329636,0.183359184,0.692896507,0.079792887,0.978661922,0.356399842,0.288051947,-0.307167688,0.0146307586493242
"AT1G13390",NA,1,"TRUE","Buffered_S",7.628475445,18.53730865,42.17559837,144.9465092,1.630816772,9.60321e-06,1.199640914,0.079170376,0.180874149,0.127890687,-0.500075014,1.95639452292861
"AT1G13440","GAPC-2",1,"TRUE","Non DTG",90.33442398,83.99470868,275.6392306,248.3814933,-0.028998098,0.908725478,-0.120072462,0.91649376,0.327727021,0.338168144,0.045246135,0.00348187302017728
"AT1G13960","WRKY4",1,"TRUE","Non DTG",2.182193914,1.593731389,5.516960476,4.944230734,-0.064111935,0.981376755,-0.540455632,0.885595941,0.395542786,0.322341629,-0.29524324,0.0346496563491679
"AT1G14000","VIK",1,"TRUE","Non DTG",9.038274332,8.666764107,26.48068571,23.70780593,0.025841441,0.981964984,0.476185309,0.692803458,0.341315721,0.365565845,0.099024419,0.0123053145675903
"AT1G14330",NA,1,"TRUE","Non DTG",6.53478065,4.786217134,8.258974171,11.77044047,0.179094106,0.92410538,-0.191190998,0.959589247,0.791233937,0.406630249,-0.960386767,-0.0342411808620578
"AT1G14400","ATUBC1",1,"TRUE","Non DTG",9.805488304,7.34613331,50.80228274,51.87435242,0.036818878,0.966755059,-0.25220885,0.955163936,0.19301275,0.141613976,-0.446732498,-0.0092860468786703
"AT1G14510","AL7",1,"TRUE","Non DTG",3.536931559,3.320240721,13.33393799,14.95426944,0.000759583,0.999728904,0.014259321,0.997778221,0.265257838,0.222026274,-0.25666497,1.0831137823143e-05
"AT1G14740","OBE3",1,"TRUE","Non DTG",15.38797792,22.26410655,32.12797051,48.24815585,0.641756887,1.03695e-05,0.601114749,0.07700851,0.478958916,0.461449897,-0.053727897,0.385769530048026
"AT1G14830","ADL1C",1,"TRUE","Non DTG",5.000228263,6.227435749,11.22600412,11.91553129,-0.028762728,0.982668937,0.339974729,0.879698359,0.445414789,0.522631815,0.23064549,-0.00977860065710071
"AT1G14980","CPN10",1,"FALSE","Non DTG",7.619466824,4.835080897,22.00855582,24.47604329,0.189636757,0.932567646,-0.284523541,0.96219347,0.346204762,0.197543404,-0.809455896,-0.0539561216053965
"AT1G15120",NA,1,"TRUE","Non DTG",24.36041024,10.7327231,89.78854939,98.30512613,0.552341391,0.058867034,-0.245351566,0.943845246,0.271308651,0.109177654,-1.313257443,-0.135517825248468
"AT1G15430",NA,1,"FALSE","Forwarded",1.7350902,5.30914554,15.53804016,44.84056431,1.730444687,4.33409e-10,1.964199503,0.004490309,0.111667249,0.118400507,0.084469138,3.39893859417439
"AT1G15670","KFB01",1,"TRUE","Non DTG",7.645738096,8.844242643,22.27761079,26.10564153,0.280660267,0.633913374,0.044769026,0.992589008,0.343202786,0.338786642,-0.018684272,0.0125648867904899
"AT1G15730",NA,1,"TRUE","Non DTG",7.994974345,5.688955588,20.77340877,24.56701502,0.235366468,0.778887704,-0.542248562,0.749189988,0.384865788,0.231568857,-0.73291419,-0.127627128816019
"AT1G15740",NA,1,"FALSE","Non DTG",8.132900975,5.967929094,19.66277129,23.25061589,0.216933843,0.588924523,-0.321540507,0.875322749,0.413619263,0.256678323,-0.688341915,-0.0697530178636784
"AT1G15930",NA,1,"TRUE","Non DTG",19.81233941,22.32927677,134.4255762,149.3844465,0.136806254,0.732267028,0.303989087,0.922781173,0.147385192,0.149475245,0.020314991,0.0415876082493501
"AT1G16080",NA,1,"TRUE","Non DTG",21.14976138,16.59056848,58.14706415,55.87353185,-0.029986633,0.971224214,-0.257872449,0.901612329,0.363728792,0.296930728,-0.292736731,0.00773272648897422
"AT1G16180",NA,1,"TRUE","Non DTG",21.52523125,21.61588499,37.25877317,47.37106566,0.360001084,0.3801394,0.118978567,0.95845772,0.577722491,0.456309874,-0.340362789,0.0428324130927666
"AT1G16470","PAB1",1,"TRUE","Non DTG",2.596313694,2.759940273,11.5083642,15.44491104,0.193004719,0.893246092,0.403921675,0.923472352,0.225602323,0.17869577,-0.336276437,0.0779587893813843
"AT1G16700",NA,1,"TRUE","Non DTG",6.683848572,1.942093642,16.15816036,15.04827013,-0.153870646,0.883739504,-0.226397532,0.961269059,0.413651581,0.129057601,-1.680400981,0.0348359345016457
"AT1G16740",NA,1,"FALSE","Non DTG",1.956121536,2.106880514,8.647940522,7.717396284,-0.504645812,0.817224768,-0.010530926,NA,0.226195073,0.273004059,0.2713549,0.00531438770238191
"AT1G16880","ACR11",1,"TRUE","Non DTG",76.50194516,52.69618247,239.8072699,225.4466454,0.001874725,0.996592681,-0.337113688,0.483133208,0.319014287,0.233741258,-0.448708627,-0.0006319954587358
"AT1G17050","AtSPS2",1,"FALSE","Non DTG",12.84101024,13.86064381,23.67550366,15.55461596,-0.534535826,0.233729313,-0.007263442,0.997778221,0.542375377,0.891095212,0.716287905,0.00388256996907309
"AT1G17080",NA,1,"TRUE","Non DTG",4.378661329,6.294481346,21.45563512,28.02018903,0.670449573,0.341100652,0.964521104,0.587220481,0.204079782,0.224640931,0.138487559,0.646662762326289
"AT1G17130","CWC16b",1,"FALSE","Non DTG",3.240192744,2.534108767,6.102274937,8.688744578,0.325544717,0.803803089,-0.344032249,0.943207839,0.530981114,0.291654191,-0.864401745,-0.111997881139579
"AT1G17220","FUG1",1,"TRUE","Non DTG",30.00047376,30.17270152,55.77661851,52.43947636,0.044095761,0.905437541,0.044355039,0.978293689,0.537868278,0.575381442,0.097265784,0.00195586919888968
"AT1G17340","SAC5",1,"TRUE","Buffered_S",5.182166323,7.274484289,10.39591714,21.9178672,1.164284981,3.48653e-12,0.73324644,0.305779661,0.498480918,0.331897452,-0.586800723,0.853707817463718
"AT1G17360",NA,1,"TRUE","Non DTG",7.759347746,6.389560519,8.220723754,8.076495177,-0.007069039,0.996103913,-0.378119738,0.76437457,0.943876473,0.791130358,-0.254682631,0.00267294317459178
"AT1G17730","CHMP1B",1,"TRUE","Non DTG",3.864754845,6.914682769,30.48043261,18.796144,-0.521760603,0.695422568,0.642587605,0.803894848,0.126794619,0.367877729,1.536732817,-0.335276896265126
"AT1G17840","ABCG11",1,"FALSE","Non DTG",8.578408009,6.044461974,10.52205212,7.455536052,-0.284721469,0.779788616,-0.364502384,0.81357393,0.815278988,0.810734725,-0.008063896,0.103781654226482
"AT1G17980","PAPS1",1,"FALSE","Buffered_S",9.922289833,12.46319828,17.54539547,32.1271283,0.844839084,2.07323e-05,0.318978199,0.794317245,0.565521014,0.387933779,-0.543770231,0.26948524945913
"AT1G18360","MAGL2",1,"TRUE","Non DTG",2.586778173,2.528816617,8.719967636,8.24589961,-0.175434584,0.889011975,0.080349765,0.989950827,0.296649974,0.306675649,0.047951962,-0.0140961275972728
"AT1G18460","alpha/beta-HYD",1,"TRUE","Non DTG",13.82360284,7.871709748,36.52751438,17.6970935,-0.896869662,1.38256e-06,-0.684818836,0.189593663,0.378443567,0.444802405,0.233086404,0.614193237974553
"AT1G18500","IPMS1",1,"TRUE","Non DTG",11.0409442,8.386755504,16.57168366,13.7416456,-0.284716529,0.428447021,-0.405821886,0.829957018,0.666253618,0.610316679,-0.126513446,0.115544198774154
"AT1G18730","NDF6",1,"TRUE","Non DTG",15.39238885,18.88766464,63.25699951,59.19765751,0.105223177,0.90200603,0.191810611,0.968936277,0.243330998,0.319061014,0.390912218,0.0201829218717311
"AT1G19020","HUP35",1,"TRUE","Forwarded",20.33357452,70.77323131,123.9261738,349.2322289,1.577655636,1.03565e-08,2.142516721,1.59269e-08,0.164078127,0.20265378,0.304634156,3.38015358010989
"AT1G19050","ARR7",1,"TRUE","Non DTG",4.461516477,5.540199789,25.81550257,24.27149645,0.142111023,0.906248061,0.524953436,0.859996219,0.17282315,0.228259506,0.40137846,0.074601669817325
"AT1G19120","LSM1A",1,"FALSE","Non DTG",2.845690404,2.566038689,8.27669836,12.91774783,0.22552526,0.881080612,0.316429487,0.95584419,0.343819514,0.198644433,-0.791463068,0.0713628423273416
"AT1G19350","BES1",1,"FALSE","Non DTG",7.339639126,2.326878819,21.93102774,19.59649155,0.156799701,0.923851866,-1.178988808,0.197386167,0.334669183,0.118739562,-1.494935015,-0.184865092576746
"AT1G19380",NA,1,"TRUE","Non DTG",88.77652863,102.5822384,391.5422206,556.0593236,0.641074598,6.85474e-07,0.387659117,0.538203091,0.226735519,0.184480745,-0.297540167,0.24851841259181
"AT1G19440","KCS4",1,"TRUE","Non DTG",2.358993107,2.789518213,10.02892643,5.560327546,-0.305539087,0.915784563,0.374403558,0.923119093,0.235218906,0.501682354,1.092770169,-0.114394921280872
"AT1G19450",NA,1,"FALSE","Non DTG",18.85789212,24.65370551,36.45290441,32.0880646,-0.012913989,0.990001729,0.432987779,0.464804964,0.517322074,0.768313883,0.57063307,-0.00559159941514043
"AT1G19570","ATDHAR1",1,"FALSE","Exclusive",14.18657012,5.721578794,58.31484289,27.60267655,-0.65433024,0.052093697,-1.451820408,0.013292701,0.243275458,0.207283478,-0.230985661,0.949969996003538
"AT1G19720",NA,1,"TRUE","Non DTG",8.929333776,10.27413303,10.20188166,6.33197532,-0.526178034,0.333347558,0.18332291,0.922062997,0.875263415,1.622579449,0.890499948,-0.0964604883709589
"AT1G19800","ABCI14",1,"TRUE","Non DTG",3.826129165,2.521702227,11.09458084,9.487177853,-0.154275111,0.881080612,-0.227715309,0.970346925,0.344864689,0.265801091,-0.375683387,0.0351308045723743
"AT1G19835","TCS1",1,"FALSE","Non DTG",6.39913397,6.190093354,9.198424639,10.76482261,0.338197936,0.53747118,0.022182264,0.993889967,0.695677164,0.57502976,-0.274781343,0.0075019959006071
"AT1G19870","IQD32",1,"TRUE","Non DTG",2.406429072,2.072407016,3.58119358,4.327906106,0.320514202,0.726497377,-0.311677218,0.937980091,0.671962858,0.478847499,-0.488815224,-0.09989697480885
"AT1G19910","ATVHA-C2",1,"TRUE","Non DTG",8.210973691,10.00306758,90.25461839,92.26485238,-0.027518846,0.9709843,0.021467368,0.996628465,0.090975662,0.108416882,0.253036862,-0.000590757194017328
"AT1G20010","TUB5",1,"TRUE","Non DTG",8.933062287,8.663911203,28.41584032,33.65772259,0.260213096,0.348242365,0.161693674,0.957926244,0.314369105,0.257412283,-0.288378547,0.0420748115151547
"AT1G20020","ATLFNR2",1,"TRUE","Non DTG",77.32225316,78.54386957,139.7609258,119.6286706,-0.101685882,0.619083926,0.086525559,0.949357573,0.553246572,0.656563925,0.247012876,-0.00879842778245804
"AT1G20260","AtVAB3",1,"TRUE","Non DTG",10.05332758,8.617459465,23.00297495,23.44814198,0.169795011,0.810849568,0.012008531,0.996883172,0.437044669,0.367511399,-0.249991742,0.00203898865323884
"AT1G20340","DRT112",1,"TRUE","Non DTG",781.2163141,720.7643651,4465.342734,3795.805154,-0.151769837,0.037554926,0.058931877,0.927853099,0.174951031,0.189884448,0.118170583,-0.00894408136639405
"AT1G20440","AtCOR47",1,"TRUE","Non DTG",77.13356013,47.51169922,385.6386694,231.6597217,-0.639643196,2.14025e-16,-0.587837755,0.094744584,0.200015108,0.20509262,0.0361666,0.376006420337665
"AT1G20450","ERD10",1,"TRUE","Non DTG",84.58383434,62.94358326,442.5456493,320.9581503,-0.416310664,4.9601e-05,-0.098423277,0.942837015,0.191130191,0.196111497,0.037118432,0.0409746598009259
"AT1G20696","HMGB3",1,"TRUE","Non DTG",3.68325089,3.339049724,24.43280607,19.80384306,-0.475151505,0.459543525,-0.084642639,0.988076608,0.15075022,0.16860615,0.161497049,0.0402180773080217
"AT1G20850","XCP2",1,"FALSE","Non DTG",6.264727295,5.44312118,12.89648517,11.95732114,0.087782524,0.94925199,0.010042201,0.997778221,0.485770131,0.455212427,-0.093733843,0.000881529750295324
"AT1G20950",NA,1,"TRUE","Non DTG",6.273608389,6.330126608,10.06323582,9.113354535,-0.013123776,0.995656605,-0.017716226,0.996883172,0.6234186,0.694598963,0.155979057,0.000232503781589376
"AT1G20970",NA,1,"TRUE","Non DTG",7.569889053,5.746754723,11.27431881,6.375142211,-0.751580282,0.051958533,-0.318855129,0.777333771,0.67142762,0.901431612,0.424986159,0.239645227770966
"AT1G20980","ATSPL14",1,"FALSE","Non DTG",11.03396451,14.61783216,22.05380732,23.52437622,0.21480662,0.410635344,0.392059852,0.573125834,0.500320164,0.621390851,0.312649402,0.0842170516458202
"AT1G21380","TOL3",1,"TRUE","Buffered_S",5.784849075,5.170749006,15.9140089,22.58478827,0.779444932,0.020182958,-0.029578878,0.993889967,0.363506713,0.228948306,-0.666960121,-0.0230551065513463
"AT1G21440",NA,1,"TRUE","Non DTG",4.634475891,3.078797311,7.406717106,11.02509311,0.792828197,0.219674203,-0.186047352,0.97421589,0.625712556,0.279253634,-1.163924002,-0.147503586642784
"AT1G21450","SCL1",1,"TRUE","Forwarded",5.092102886,9.931233948,9.567354209,17.58580401,0.994326173,0.000511503,1.024926115,0.035811031,0.532237312,0.564730162,0.085492035,1.01911086153571
"AT1G21660","AUXILIN-LIKE3",1,"FALSE","Non DTG",3.36515996,2.826348956,7.954874553,6.156271164,-0.221389893,0.883739504,0.125213102,0.982744851,0.423031179,0.45910079,0.118046916,-0.0277209152539781
"AT1G22450","ATCOX6B2",1,"TRUE","Non DTG",8.161566663,6.154143126,31.75898571,24.01723334,-0.256622421,0.608597674,-0.238645303,0.96282239,0.256984487,0.256238637,-0.004193248,0.0612417354161386
"AT1G22590","AGL87",1,"TRUE","Non DTG",5.540195603,2.858461276,18.35576916,7.227473532,-1.039188125,0.19753115,-0.067501797,0.993235243,0.301823125,0.395499377,0.389972076,0.0701470658585606
"AT1G22740","ATRABG3B",1,"TRUE","Non DTG",5.481902968,3.910226244,10.99072133,8.838398384,-0.425384982,0.787180678,-0.1140107,0.987703677,0.49877554,0.442413441,-0.1729955,0.0484984395673074
"AT1G22770","FB",1,"FALSE","Non DTG",2.943919918,3.47424134,4.397199609,4.296944515,0.051722763,0.982707503,0.255382067,0.936826375,0.669498813,0.808537631,0.272233425,0.0132090661258911
"AT1G22930",NA,1,"FALSE","Non DTG",11.03030105,13.04772864,17.88692842,20.4877344,0.240746945,0.338331372,0.192411428,0.884093298,0.616668261,0.636855613,0.046471727,0.0463224634740875
"AT1G23030","PUB11",1,"TRUE","Non DTG",3.339343154,2.009808576,8.22456372,3.973582847,-0.979369689,0.118725838,-0.540740693,0.846162176,0.406020704,0.505792544,0.316992473,0.529585044333055
"AT1G23400","ATCAF2",1,"TRUE","Non DTG",6.211045432,2.98081847,10.88479765,7.626622774,-0.289056403,0.630302686,-0.818296049,0.622409202,0.570616527,0.390843832,-0.545929263,0.236533712513052
"AT1G23490","ARF1",1,"TRUE","Non DTG",30.07743784,20.85642233,183.0226027,155.1883654,-0.026740732,0.970907841,-0.385830391,0.668084604,0.164337286,0.134394239,-0.290188548,0.0103173870831862
"AT1G24100","UGT74B1",1,"FALSE","Non DTG",5.005285696,5.695990019,13.98180643,10.85602333,-0.150484849,0.903093181,0.150284735,0.97421589,0.357985624,0.524684762,0.55154924,-0.02261557565348
"AT1G24120","ARL1",1,"TRUE","Non DTG",2.325721012,4.118520197,6.468104931,6.459948091,0.195750494,0.926343682,0.660384116,0.810154012,0.359567607,0.637546949,0.82626853,0.129270516936753
"AT1G24170","GATL8",1,"TRUE","Non DTG",7.613435293,7.735056917,14.50474646,11.73111319,0.016743817,0.993625042,-0.226592772,0.938843949,0.524892683,0.659362568,0.329049499,-0.00379402790789072
"AT1G24360","KR",1,"TRUE","Non DTG",14.11704381,9.886460043,39.75230438,33.07973556,-0.270342733,0.471653826,-0.082342394,0.987703677,0.355125169,0.298867566,-0.248821274,0.0222606678357228
"AT1G24510","CCT5",1,"TRUE","Non DTG",14.85708126,14.61345363,31.95343486,27.7952195,-0.12260773,0.922141838,-0.042827652,0.989705056,0.464960381,0.525754209,0.177280703,0.00525100119294996
"AT1G24560","MTV9",1,"TRUE","Non DTG",3.4545317,3.661736755,3.050546767,2.59812434,-0.193473825,0.904617798,0.222708503,0.95584419,1.132430336,1.409377026,0.3156353,-0.043088265935434
"AT1G25260","RDP",1,"TRUE","Non DTG",6.18836609,3.274820654,17.9661681,11.15257091,-0.138869269,0.92410538,-0.632179679,0.814690997,0.344445519,0.293638183,-0.23023623,0.0877903298993847
"AT1G25275",NA,1,"FALSE","Non DTG",27.51553012,38.13303683,354.7795747,504.2368934,0.554771369,0.020372448,0.942397364,0.241867267,0.077556692,0.075625241,-0.036383421,0.522815075768271
"AT1G25490","ATB",1,"TRUE","Non DTG",8.763147267,11.85711458,17.73492675,11.48199694,-0.545023658,0.289049066,0.335451862,0.837427463,0.494118041,1.032670069,1.06345176,-0.182829200910151
"AT1G25520","PML4",1,"TRUE","Non DTG",2.696303944,1.281254049,8.815577528,2.355968736,-1.161261638,0.270034291,-1.075199816,0.498044092,0.305856756,0.543833214,0.830308121,1.24858829950546
"AT1G25540","MED25",1,"TRUE","Non DTG",2.599095908,1.681752319,2.77237663,5.660473345,0.854510357,0.205423356,-0.585197332,0.813609979,0.937497409,0.297104538,-1.657844062,-0.500057181082768
"AT1G27000",NA,1,"TRUE","Non DTG",5.590968513,3.110591545,11.3429558,14.9666662,0.323110561,0.815253238,-0.665396554,0.758540086,0.492902257,0.207834631,-1.24586552,-0.214996653850407
"AT1G27020",NA,1,"FALSE","Non DTG",2.460500028,5.452428126,10.60444842,22.34752575,0.800882539,0.129614053,0.715916283,0.737099472,0.232025272,0.243983526,0.072501787,0.573364850440482
"AT1G27320","AHK3",1,"TRUE","Non DTG",5.038454627,4.349629326,7.210372029,5.998168923,-0.24051767,0.747298305,-0.250094846,0.915554809,0.698778733,0.725159525,0.053462702,0.0601522296389288
"AT1G27390","TOM20-2",1,"TRUE","Non DTG",7.009164811,2.236696175,12.87493448,13.38757001,0.248175131,0.845194792,-0.504589205,0.877055808,0.544403921,0.167072603,-1.704202278,-0.125226492052061
"AT1G27950","LTPG1",1,"FALSE","Non DTG",39.92936624,32.98823165,183.3010552,142.9687619,-0.258427975,0.876974496,-0.306195333,0.833374929,0.217834896,0.230737339,0.083016403,0.0791294398616407
"AT1G28140",NA,1,"TRUE","Non DTG",7.589845979,6.209073113,27.67251506,26.90246414,-0.114496426,0.95726607,0.018963506,0.996883172,0.274273804,0.23079942,-0.24897724,-0.00217125366142956
"AT1G29070","PRPL34",1,"TRUE","Non DTG",65.6260829,44.07666432,529.9321571,555.701755,0.122476042,0.580238479,-0.461707893,0.542953978,0.12383865,0.079317123,-0.642757399,-0.0565481552947995
"AT1G29470",NA,1,"TRUE","Non DTG",10.5298019,7.80988559,20.6734423,16.91937354,-0.197991302,0.5694272,-0.163130095,0.936826375,0.509339555,0.461594253,-0.142002498,0.0322983399044337
"AT1G29660",NA,1,"TRUE","Non DTG",27.03500776,29.69566752,49.40703941,32.30315045,-0.476809593,0.189188553,0.140134229,0.936826375,0.54718939,0.919280847,0.748465426,-0.0668173446948588
"AT1G29690","CAD1",1,"FALSE","Forwarded",14.67290605,30.99320092,32.05281814,87.99403744,1.414912781,1.60051e-22,1.246988048,5.99956e-07,0.45777273,0.35221933,-0.378157434,1.76437932686944
"AT1G29900","CARB",1,"FALSE","Non DTG",8.490799004,6.973480133,12.19731536,9.42674862,-0.269760931,0.782154576,-0.207221943,0.907652878,0.696120315,0.739754545,0.087709978,0.0559003842673089
"AT1G30120","PDH-E1",1,"TRUE","Non DTG",25.04176628,23.15033923,51.45180337,46.09775025,0.016906491,0.982707503,-0.096267192,0.971959027,0.486703374,0.502201064,0.045222311,-0.00162754041514327
"AT1G30380","PSAK",1,"FALSE","Non DTG",492.3136787,387.9564379,3596.239931,3110.130383,-0.095741637,0.580343496,-0.286626264,0.4833826,0.136896783,0.124739606,-0.134168943,0.0274420677225542
"AT1G30630","epsilon1-COP",1,"FALSE","Non DTG",11.22194214,10.2479146,32.64184451,17.98424493,-0.670628449,0.170889053,-0.163938322,0.96168669,0.343790074,0.569827348,0.728996972,0.109941702614523
"AT1G30690","PATL4",1,"TRUE","Non DTG",3.702103883,6.086015854,12.18332093,15.31179087,0.373269071,0.587080953,0.704765314,0.602292551,0.303866565,0.397472504,0.38741712,0.263067094029803
"AT1G30820","CTPS1",1,"FALSE","Non DTG",8.3637573,6.944963736,19.61210229,13.51480036,-0.399809416,0.299307786,-0.228545333,0.922062997,0.426458988,0.513878382,0.269019954,0.0913745761162555
"AT1G30910",NA,1,"FALSE","Non DTG",3.405691862,3.612530408,11.93606982,11.02103543,-0.187231645,0.854469801,0.134554516,0.987437048,0.285327743,0.327785028,0.200129929,-0.0251928633728588
"AT1G31130",NA,1,"FALSE","Non DTG",9.822853993,14.3740587,30.13379617,42.58691145,0.87089241,0.005635272,0.536478394,0.565100576,0.325974661,0.33752292,0.05022565,0.467214961463589
"AT1G31300",NA,1,"TRUE","Non DTG",4.178574871,5.409198303,9.582013855,11.47652055,0.212350353,0.862348251,0.345086967,0.936826375,0.436085246,0.471327375,0.112119295,0.0732793392581493
"AT1G31340","ATRUB1",1,"FALSE","Non DTG",5.910968827,3.804798687,22.51733256,24.76742393,0.390998286,0.685251906,0.073581752,0.989950827,0.262507507,0.153621091,-0.772982377,0.0287703389128771
"AT1G31650","ATROPGEF14",1,"TRUE","Non DTG",1.383936306,1.442012503,1.541852103,1.130164584,-0.433006113,0.832255121,0.177680472,0.978661922,0.897580451,1.27593142,0.507437628,-0.0769367305367253
"AT1G31800","CYP97A3",1,"TRUE","Non DTG",17.18919029,16.09660991,24.24295809,16.65762723,-0.47615232,0.273119298,-0.091853708,0.971959027,0.709038486,0.966320694,0.446638121,0.0437363561648026
"AT1G31810","AFH14",1,"TRUE","Non DTG",1.636733803,1.809881821,2.998485863,3.322490927,0.355422444,0.69866452,0.270094187,0.939792056,0.545853433,0.544736422,-0.002955293,0.095997536053733
"AT1G31970","RH5",1,"FALSE","Non DTG",6.926941031,6.506946326,12.48893005,11.76277496,0.139424121,0.904113451,-0.0680746,0.987703677,0.554646475,0.55318123,-0.003816302,-0.0094912412674266
"AT1G32050","AtSCAMP5",1,"FALSE","Non DTG",8.541314097,5.283229344,44.334877,32.08730629,-0.48681934,0.480715493,-0.156236048,0.970346925,0.192654512,0.164651694,-0.226598618,0.0760587297715683
"AT1G32400","TOM2A",1,"FALSE","Non DTG",12.57442175,7.937340332,35.39647837,30.76523738,-0.350553835,0.255435418,-0.253611212,0.937980091,0.355244994,0.257997045,-0.461459779,0.088904382965598
"AT1G32470","GDC-H1",1,"TRUE","Non DTG",75.63023418,53.14651824,440.1391799,396.2496086,-0.050772946,0.825947775,-0.29371952,0.735155717,0.171832542,0.134123838,-0.357437614,0.0149130053281059
"AT1G32550","FdC2",1,"TRUE","Non DTG",5.88213384,5.616848222,29.99239138,31.90722832,0.190840723,0.838201512,-0.26836183,0.953728363,0.196120868,0.176036858,-0.155865527,-0.0512143656628031
"AT1G32700",NA,1,"TRUE","Non DTG",9.2898246,9.111031237,30.71184292,23.1786173,-0.471746468,0.205242973,0.422682378,0.889232878,0.302483463,0.393079152,0.377963578,-0.199398918907341
"AT1G32900","GBSS1",1,"TRUE","Non DTG",12.54830539,10.51941186,21.96680572,14.43420793,-0.563019915,0.130305224,-0.252967428,0.901612329,0.571239421,0.728783451,0.351394655,0.142425699810329
"AT1G32920",NA,1,"TRUE","Intensified",45.59219134,128.7434779,226.2810518,1057.435486,2.179290816,2.08122e-87,2.205173322,3.18908e-20,0.201484795,0.121750669,-0.726741269,4.80571396832281
"AT1G32928",NA,1,"FALSE","Intensified",43.68402299,71.65720342,90.00936553,254.173534,1.776549459,3.42347e-12,1.150121183,0.011524971,0.485327529,0.281922363,-0.783660773,2.04324716544309
"AT1G33040","NACA5",1,"FALSE","Non DTG",9.008617583,7.014882613,23.66531521,26.17913119,0.097749695,0.95445,-0.210125177,0.964985376,0.380667551,0.267957044,-0.506529853,-0.020539671963571
"AT1G33560","ADR1",1,"TRUE","Non DTG",1.364316657,1.561687772,2.140334202,3.587918033,0.646821649,0.579294826,0.279502478,0.95807376,0.637431601,0.435262946,-0.550383336,0.180788253719546
"AT1G33600",NA,1,"TRUE","Forwarded",24.02029879,67.23642669,51.61789619,156.9610855,1.695436281,8.12023e-45,1.594466388,7.63443e-21,0.465348272,0.42836367,-0.11947472,2.70331616305022
"AT1G33780",NA,1,"TRUE","Non DTG",1.865713254,1.614212551,10.53214964,7.248733254,-0.27829736,0.806782691,0.173773609,0.979422389,0.177144583,0.222688916,0.330102404,-0.0483607366223722
"AT1G33811",NA,1,"TRUE","Non DTG",7.50078998,7.753836746,15.97045849,9.161968855,-0.755984731,0.409932295,-0.033427327,0.993885949,0.46966654,0.846306822,0.84954398,0.025270548810144
"AT1G34000","OHP2",1,"TRUE","Non DTG",56.50919659,44.33567102,236.5466897,203.6048946,-0.177108701,0.304426189,-0.27615956,0.820950493,0.238892358,0.217753464,-0.13366504,0.0489102609403316
"AT1G34190","anac017",1,"TRUE","Non DTG",7.395211194,4.690682597,15.83996289,17.9262969,0.353305558,0.372803303,-0.454074704,0.812173201,0.466870487,0.261664895,-0.835302008,-0.160427116670405
"AT1G34780","APRL4",1,"FALSE","Non DTG",1.139277491,2.069152846,7.06933877,9.524501193,0.359495309,0.826128346,0.861295253,0.749215808,0.161157575,0.217245271,0.430852776,0.309631603117468
"AT1G35620","ATPDI8",1,"TRUE","Non DTG",2.485658952,2.6335532,10.47157437,10.57614838,0.091471947,0.951490821,0.552532879,0.859996219,0.237372038,0.249008723,0.069046281,0.0505412582236454
"AT1G35670","ATCDPK2",1,"TRUE","Non DTG",7.8416198,6.748627848,16.427917,26.27546509,0.63501643,0.064155846,-0.08353687,0.987703677,0.477335002,0.256841423,-0.894124233,-0.0530472849607741
"AT1G35720","ANN1",1,"TRUE","Non DTG",10.6350243,9.4250027,21.69387818,27.09209205,0.513195601,0.201969546,-0.133235495,0.977375972,0.490231586,0.347887593,-0.494842211,-0.0683758699310575
"AT1G36370","MSA1",1,"TRUE","Non DTG",2.153972689,1.313801939,4.532884755,6.326735587,0.509980349,0.611875111,-0.49184563,0.899651201,0.475188055,0.20765874,-1.194283979,-0.250831606041525
"AT1G42970","GAPB",1,"TRUE","Exclusive",331.399745,247.2153138,1076.494926,961.0870226,-0.093832151,0.474329695,-0.34536936,0.003334616,0.307850726,0.257224692,-0.259201831,0.0324067499382934
"AT1G43190","PTB3",1,"TRUE","Non DTG",6.383944804,4.555011761,10.90359737,13.90410645,0.576913864,0.191195538,0.273579285,0.922491402,0.585489778,0.327601905,-0.837700236,0.157831682419707
"AT1G43670","AtcFBP",1,"FALSE","Non DTG",34.67739694,35.04442956,89.82840449,76.33113253,-0.058469783,0.901859254,0.154800791,0.930283453,0.386040442,0.459110567,0.250089646,-0.00905116865799835
"AT1G43690",NA,1,"TRUE","Non DTG",4.745117191,3.056841623,6.145692158,6.673972378,0.124361546,0.909025628,-0.414988832,0.878842945,0.772104601,0.458024315,-0.753372123,-0.0516086527202543
"AT1G44100","AAP5",1,"FALSE","Non DTG",8.997778024,12.37863588,20.3781599,34.29419633,0.668919545,0.075861929,0.487534356,0.521481325,0.44154026,0.360954249,-0.290729004,0.326121259587388
"AT1G44800","SIAR1",1,"TRUE","Non DTG",2.654041759,3.03149848,4.502379823,4.50241524,0.335971161,0.836053725,0.140035336,0.986150942,0.589475314,0.673304953,0.19182868,0.0470478344169451
"AT1G45145","ATH5",1,"TRUE","Forwarded",13.53959417,22.9647126,94.05091518,197.9479362,1.22013535,7.34818e-15,1.463565859,0.00326142,0.14396026,0.116013903,-0.311372907,1.78574844161902
"AT1G47260","APFI",1,"TRUE","Non DTG",7.347453333,11.63694757,35.74668939,38.33594179,0.227480282,0.653542394,0.652973845,0.563212999,0.205542204,0.30355189,0.562508499,0.148538674399224
"AT1G47530","DTX33",1,"FALSE","Non DTG",6.060691295,9.282397433,21.35146449,22.86800283,0.125465412,0.876007316,0.529833758,0.711620147,0.283853658,0.405912029,0.516019762,0.0664758107389783
"AT1G48440",NA,1,"FALSE","Non DTG",15.08315121,5.186536685,61.7806129,54.10708557,-0.037071305,0.983105828,-0.579478523,0.786434957,0.244140524,0.095856885,-1.348757818,0.0214820250670825
"AT1G48600","AtPMEAMT",1,"FALSE","Non DTG",8.286841862,7.541967651,25.95967665,20.86386564,-0.257877957,0.551440004,-0.18634097,0.95584419,0.319219764,0.361484673,0.179384501,0.0480532286489983
"AT1G48630","RACK1B",1,"TRUE","Non DTG",7.982404888,3.688419053,26.00537492,22.65667214,-0.109905956,0.920287067,-0.736974423,0.591485252,0.306952117,0.162796152,-0.914947017,0.0809978785073634
"AT1G48790","AMSH1",1,"TRUE","Non DTG",4.207817252,3.733320128,8.858240934,8.727521854,0.114647494,0.917484094,-0.055557472,0.991579971,0.47501725,0.427764054,-0.151164652,-0.00636952493777517
"AT1G48830",NA,1,"TRUE","Non DTG",6.163925513,6.505849513,57.59888208,38.24432728,-0.450594515,0.691968768,-0.009059779,0.997851096,0.107014673,0.170112798,0.668683064,0.00408228672451218
"AT1G48860","EPSPS",1,"TRUE","Non DTG",1.692448394,3.073280249,6.776530377,7.086316443,0.070476565,0.962879356,0.910677595,0.583853338,0.249751466,0.433692211,0.79617839,0.0641814287180612
"AT1G49970","CLPR1",1,"TRUE","Non DTG",30.56556588,27.2037205,87.74828123,79.64816329,-0.073233631,0.843585178,-0.039161755,0.989184187,0.34833236,0.341548623,-0.028373529,0.0028679575149824
"AT1G50370","AtFYPP1",1,"FALSE","Non DTG",2.717864403,2.855397866,7.425706937,4.317913086,-0.369452971,0.590259959,-0.107723805,0.987703677,0.366007496,0.661291186,0.853412476,0.0397988798046747
"AT1G50430","7RED",1,"FALSE","Non DTG",11.34004156,7.975460857,26.26013521,28.23560821,0.408680719,0.084537907,-0.320693654,0.897843151,0.43183485,0.282461097,-0.6124275,-0.131061313095457
"AT1G50570",NA,1,"FALSE","Non DTG",5.175015348,4.098722346,9.856539047,5.508332087,-0.799074045,0.171532027,-0.275666451,0.950627084,0.525033719,0.744094997,0.50307674,0.220277906071364
"AT1G50670","OTU2",1,"TRUE","Non DTG",3.483147346,2.36512959,8.998525037,3.108039416,-0.885053053,0.438614711,-0.341878593,0.952264185,0.387079808,0.760971556,0.975211476,0.302580692489994
"AT1G50732",NA,1,"TRUE","Non DTG",2.922487418,3.598652784,35.45556392,34.97399428,-0.161520507,0.915784563,0.162716408,0.986063809,0.082426765,0.102895104,0.319989568,-0.0262820367173789
"AT1G51110","FBN10",1,"TRUE","Non DTG",7.387613962,9.638319923,26.93349988,27.33923014,0.238078442,0.559876274,0.376244812,0.922018668,0.274290901,0.352545404,0.362102304,0.0895757786515429
"AT1G51160","AtBET5",1,"TRUE","Non DTG",4.141526901,2.158063422,12.55776353,9.188294185,-0.226335314,0.931427439,-0.162754807,0.982163253,0.329798128,0.234870954,-0.489714899,0.0368371603473544
"AT1G51650",NA,1,"FALSE","Non DTG",16.55860512,13.96514,125.4854522,105.9835918,-0.261166011,0.793879933,0.17099448,0.969931478,0.131956373,0.131767001,-0.002071917,-0.0446579462446193
"AT1G51730",NA,1,"TRUE","Non DTG",1.573895426,1.585328261,9.654127436,15.49957175,0.343111245,0.7107176,0.110430593,0.987703677,0.163028242,0.102282069,-0.672568668,0.0378899782503183
"AT1G52190","AtNPF1.2",1,"TRUE","Non DTG",8.503421387,15.68539036,15.35714985,19.17942064,0.48342112,0.119109062,0.82935478,0.056709065,0.553710908,0.817823992,0.562657445,0.400927616624954
"AT1G52670","BADC2",1,"TRUE","Non DTG",3.12395504,4.17117957,15.07676962,18.7180295,0.172821498,0.922517004,0.230938066,0.971692204,0.207203209,0.222842878,0.104980512,0.0399110625113429
"AT1G52740","H2A.Z",1,"TRUE","Non DTG",7.810424131,6.711567658,37.55487685,50.3740214,0.468481153,0.484129903,0.383495845,0.907652878,0.207973632,0.133234701,-0.64243075,0.179660575636309
"AT1G52760","AtMAGL3",1,"TRUE","Non DTG",2.129434119,3.044069269,7.205524312,9.048010945,0.526008224,0.380616532,0.208261944,0.97421589,0.29552799,0.336435189,0.18703383,0.109547495290227
"AT1G52980","AtNug2",1,"FALSE","Non DTG",5.632486155,2.959730281,10.09526454,8.782709794,0.01807633,0.991878792,-0.738169712,0.622057365,0.557933488,0.336995113,-0.727365475,-0.013343399310117
"AT1G53210","AtNCL",1,"TRUE","Non DTG",94.62758771,78.17219753,169.5610325,173.3154319,0.114120818,0.361850887,-0.232625725,0.583853338,0.558073906,0.45104003,-0.307200714,-0.0265474380248431
"AT1G53500","ATMUM4",1,"TRUE","Non DTG",7.234982516,6.922113464,16.68403468,12.87453702,-0.110682472,0.903853679,0.073734176,0.987703677,0.433647056,0.537659215,0.310170723,-0.00816108087056307
"AT1G53520","AtFAP3",1,"TRUE","Non DTG",4.095843024,2.727023778,10.45877673,16.56680027,0.633365291,0.188232408,-0.364551656,0.938037002,0.39161779,0.164607754,-1.250414009,-0.230894365686972
"AT1G53590","NTMC2T6.1",1,"TRUE","Non DTG",1.775994785,1.806769553,3.554575379,5.987088146,0.589352576,0.502220913,-0.44398511,0.90508732,0.49963627,0.301777677,-0.72739212,-0.261663768284143
"AT1G53670","ATMSRB1",1,"TRUE","Non DTG",11.79793322,16.26015748,75.69242967,73.55859715,0.064721601,0.922141838,0.570121349,0.694972648,0.155866753,0.221050402,0.504062133,0.0368991664715598
"AT1G53750","RPT1A",1,"FALSE","Non DTG",11.12336813,11.12160678,27.44907478,15.68569322,-0.279970406,0.62091374,0.038080184,0.991194573,0.405236541,0.709028707,0.807079768,-0.0106613245750347
"AT1G53840","ATPME1",1,"FALSE","Non DTG",19.51690154,13.99661624,39.21797099,32.63792469,-0.028494089,0.984953863,-0.410649111,0.600729762,0.497651996,0.428845166,-0.214680371,0.0117010723166049
"AT1G53850","ATPAE1",1,"TRUE","Buffered_S",3.653352129,4.254164501,15.92304177,4.389891418,-1.749947943,0.001983393,-0.096312512,0.987703677,0.22943808,0.969081942,2.078513805,0.168541882259563
"AT1G54100","ALDH7B4",1,"TRUE","Non DTG",3.145798092,4.500051379,7.756655893,7.087075075,-0.135514955,0.908492735,0.45535528,0.849958955,0.405561125,0.634965953,0.646759866,-0.0617074502782124
"AT1G54170","CID3",1,"TRUE","Non DTG",2.551618821,1.776583065,5.214931314,7.65619523,0.150241867,0.881080612,-0.057401425,0.992589008,0.489290974,0.232045162,-1.076287048,-0.00862409726046048
"AT1G54270","EIF4A-2",1,"FALSE","Non DTG",17.7394487,18.49152245,45.96967893,28.31851018,-0.554331865,0.143853481,-0.105210548,0.971959027,0.385894553,0.65298359,0.758840057,0.058321559290512
"AT1G54410","AtHIRD11",1,"FALSE","Exclusive",88.58666083,89.94672598,378.4912452,388.2266577,0.019514983,0.962813683,0.613617357,0.011525487,0.234052074,0.231686115,-0.014657963,0.0119747322903599
"AT1G55090",NA,1,"TRUE","Non DTG",2.541836111,2.628108465,5.362065959,6.877675281,0.302616033,0.791764127,0.197116835,0.964026953,0.474040441,0.382121627,-0.310978231,0.0596507146452156
"AT1G55330","AGP21",1,"TRUE","Non DTG",27.21604801,13.68014071,266.3653737,286.6324517,0.055807429,0.967018989,0.381956373,0.879698359,0.102175623,0.047727118,-1.098169928,0.021316003167295
"AT1G55450",NA,1,"FALSE","Forwarded",62.96105828,186.5017201,267.5020171,866.3490149,1.857972482,9.36596e-79,1.862568018,3.24019e-50,0.235366667,0.215273195,-0.128741331,3.46060012329728
"AT1G55480","ZKT",1,"TRUE","Non DTG",31.93913338,22.83709811,96.64476186,76.23424741,-0.268459436,0.078986907,-0.344994507,0.672701628,0.330479715,0.299564813,-0.141693545,0.092617030772318
"AT1G55810","UCK3",1,"TRUE","Non DTG",2.651294211,2.321777499,5.296586595,1.519726943,-0.566200966,0.693600941,-0.315028195,0.943207839,0.500566575,1.527759647,1.609783727,0.178369268326236
"AT1G55840",NA,1,"TRUE","Buffered_S",3.478112834,2.756422423,9.432921775,3.485282333,-1.728546977,0.000129062,-0.260149788,0.964026953,0.368720627,0.79087493,1.100921436,0.449681129614591
"AT1G55860","UPL1",1,"TRUE","Non DTG",2.450623047,2.693611728,1.598279916,2.259625287,0.565895407,0.034008207,-0.090191326,0.968936277,1.533287769,1.192061243,-0.363170132,-0.0510388571346397
"AT1G56050","EngD-2",1,"TRUE","Non DTG",5.380295244,5.772784653,18.26256442,15.47390295,0.086544793,0.922854658,0.155352454,0.97421589,0.294607872,0.373065843,0.340634297,0.013444945973472
"AT1G56070","LOS1",1,"TRUE","Non DTG",115.3847751,90.20357308,192.5607179,182.0351017,-0.008978813,0.989569688,-0.301136379,0.222186516,0.599212427,0.495528457,-0.274099633,0.00270384723453813
"AT1G56140",NA,1,"TRUE","Forwarded",1.927084249,6.349773296,5.882202509,16.32942361,1.46482305,4.77606e-16,1.809285882,0.000105591,0.327612701,0.388854711,0.247239929,2.65028366399318
"AT1G56450","PBG1",1,"TRUE","Non DTG",6.233694876,7.308087313,18.61456974,21.01848026,0.416302107,0.537781464,0.105890318,0.985607912,0.334882566,0.347698179,0.054180241,0.0440823624943
"AT1G58270","ZW9",1,"TRUE","Buffered_S",2.198558435,1.99386154,10.61287014,3.754345667,-1.295218778,0.038666827,0.014603802,0.997778221,0.207159647,0.531080971,1.358188829,-0.018915118580594
"AT1G58290","AtHEMA1",1,"TRUE","Non DTG",85.77158083,72.14713788,264.4567309,212.2228256,-0.209591363,0.089126555,-0.267013682,0.293810078,0.324331245,0.339959369,0.067894314,0.0559637615500286
"AT1G58440","DRY2",1,"TRUE","Non DTG",5.533006579,6.913595777,10.77637928,11.09429984,0.093978972,0.967018989,0.374484875,0.88182617,0.513438367,0.62316648,0.279426526,0.0351937035820485
"AT1G59610","ADL3",1,"TRUE","Non DTG",8.831860816,8.926317553,9.245600671,11.19482383,0.333444993,0.601246914,0.018742505,0.996057284,0.955250084,0.797361146,-0.260645172,0.00624959444852746
"AT1G59870","ABCG36",1,"TRUE","Forwarded",186.4748586,384.3987692,288.79002,702.4143749,1.361303659,5.70472e-60,1.071980075,8.70538e-46,0.645710882,0.547253563,-0.2386789,1.45929039847259
"AT1G60870","MEE9",1,"TRUE","Non DTG",3.790497923,2.344116788,19.51113748,19.39701702,0.098764722,0.94775343,-0.012735867,0.998240801,0.194273549,0.120849344,-0.684879841,-0.00125785436368397
"AT1G61580","ARP2",1,"TRUE","Non DTG",4.467758376,5.178729881,12.61483985,15.29181083,0.403133911,0.543055038,0.204343493,0.968936277,0.354166873,0.338660342,-0.064590222,0.0823777915204911
"AT1G61740",NA,1,"TRUE","Non DTG",20.04951224,13.11770282,24.77301685,16.19162083,-0.514499093,0.135382199,-0.471095587,0.565100576,0.809328648,0.81015378,0.001470117,0.242378252227803
"AT1G61780",NA,1,"FALSE","Non DTG",10.08453297,8.791987783,18.68020776,14.68286436,-0.205925065,0.921603476,-0.398080206,0.906973926,0.539851221,0.598792413,0.149494076,0.0819746922957634
"AT1G62020","alpha1-COP",1,"TRUE","Non DTG",4.201029259,2.88915281,6.051996251,4.179306674,-0.391733995,0.631863745,-0.521475778,0.670988246,0.694155959,0.691299547,-0.005948855,0.204279789811673
"AT1G62180","APR2",1,"FALSE","Non DTG",7.802761303,6.538529066,17.94553886,8.743844608,-0.483972088,0.840319859,0.071351653,0.987703677,0.434802285,0.747786513,0.782266928,-0.0345322084846615
"AT1G62300","ATWRKY6",1,"FALSE","Intensified",7.115789861,14.03142421,12.22907582,39.16200058,1.675815988,2.33849e-12,0.999460141,0.033101583,0.581874703,0.358291814,-0.699573445,1.67491128365653
"AT1G62380","ACO2",1,"FALSE","Non DTG",41.0975746,39.07716645,99.60353393,75.09715389,-0.323771637,0.038899699,-0.011982758,0.996883172,0.412611611,0.520354826,0.334711302,0.00387967717343485
"AT1G62740","Hop2",1,"TRUE","Non DTG",4.377935439,3.286175613,6.862855961,5.447291405,-0.026138654,0.992455179,-0.171147744,0.971959027,0.63791743,0.60326782,-0.080571071,0.00447357166329658
"AT1G62750","ATSCO1",1,"FALSE","Non DTG",70.82967314,66.3319575,130.7695236,104.1569364,-0.206657987,0.137450304,-0.107479585,0.900701154,0.541637464,0.63684628,0.23361765,0.0222115146796954
"AT1G63460","ATGPX8",1,"TRUE","Buffered_S",3.484612966,4.691388084,7.622629392,1.855327062,-1.744679829,0.04443149,0.310436216,0.959670996,0.457140546,2.528604353,2.467631628,-0.541611804246287
"AT1G63500","BSK7",1,"TRUE","Non DTG",8.237566071,9.079382048,16.93230598,18.88949993,0.40760113,0.839515142,0.366333437,0.761143727,0.486499953,0.480657618,-0.017430067,0.149317922877984
"AT1G63700","EMB71",1,"TRUE","Non DTG",4.060690442,3.359765029,8.728793298,12.52039308,0.50068041,0.058306153,-0.140077254,0.971959027,0.465206393,0.268343414,-0.793790439,-0.0701339369643941
"AT1G64040","TOPP3",1,"TRUE","Non DTG",4.677875385,3.443500686,16.32374663,13.42261841,-0.140774585,0.943262951,-0.453279448,0.873896222,0.286568733,0.256544631,-0.159671375,0.0638102261812291
"AT1G64060","ATRBOH",1,"FALSE","Non DTG",1.71457464,1.671940475,3.04871687,4.070398276,0.429168398,0.590061892,0.192920542,0.970346925,0.562392217,0.41075599,-0.453295014,0.0827953999514317
"AT1G64230","UBC28",1,"TRUE","Non DTG",21.12832334,27.88545905,161.9458861,125.3121574,-0.175875665,0.825210799,0.215920093,0.935505558,0.130465329,0.222527962,0.770320168,-0.0379750899432368
"AT1G64280","ATNPR1",1,"TRUE","Forwarded",10.55585756,21.13845271,27.22325209,54.16628942,1.003594605,2.50756e-14,0.810729967,0.033179254,0.387751527,0.390251076,0.009270147,0.813644220993028
"AT1G64400","LACS3",1,"TRUE","Non DTG",4.125543496,6.428732068,7.038852789,8.98789433,0.506848111,0.551506255,0.556198853,0.694972648,0.586110211,0.715265649,0.287307184,0.281908337983417
"AT1G64550","ABCF3",1,"TRUE","Non DTG",7.859069208,6.357382873,14.66053401,9.836659213,-0.480843312,0.350835917,-0.251122331,0.915554809,0.536069778,0.646294919,0.269771849,0.1207504933552
"AT1G64750","ATDSS1(I)",1,"FALSE","Non DTG",4.574877411,4.867858048,18.88805678,16.23369587,0.208381405,0.844582923,0.380279418,0.943714309,0.242210062,0.299861355,0.308036805,0.0792431594154223
"AT1G64760","ZET",1,"TRUE","Non DTG",3.7989077,4.091505858,6.367802037,10.38527188,0.652634671,0.326661755,-0.018600013,0.996883172,0.596580685,0.393971954,-0.598624337,-0.0121390133648507
"AT1G64980","CDI",1,"TRUE","Buffered_S",10.64894598,14.82114263,11.50903108,23.12084266,0.879420521,0.011692934,0.874430073,0.126997114,0.925268678,0.641029518,-0.529481563,0.768991750375728
"AT1G65010",NA,1,"TRUE","Non DTG",3.022715516,2.390603841,4.72189162,5.015243322,0.116851168,0.886876096,-0.39296822,0.862203904,0.640149279,0.476667569,-0.425424901,-0.045918795493881
"AT1G65220",NA,1,"TRUE","Non DTG",6.462777199,8.027026713,25.32472748,20.54925449,-0.223088536,0.699727763,0.304746947,0.916442123,0.255196318,0.390623744,0.614172132,-0.0679855502566996
"AT1G65590","ATHEX1",1,"TRUE","Non DTG",2.762519425,2.940213415,9.453536781,9.601246544,0.085698913,0.948576504,0.071414513,0.989950827,0.292220731,0.306232467,0.067568718,0.00612014613652437
"AT1G65820",NA,1,"TRUE","Non DTG",9.210849765,14.32131762,41.15867424,43.91895874,0.32795334,0.565568719,0.552891535,0.75327594,0.223788787,0.32608509,0.543110729,0.181322625560977
"AT1G65980","TPX1",1,"TRUE","Non DTG",7.804385905,7.741958504,45.93935142,27.05437787,-0.594522171,0.081412528,0.241881591,0.952264185,0.169884547,0.286162873,0.752281881,-0.143803968606254
"AT1G66100",NA,1,"TRUE","Non DTG",64.42496823,69.16316772,283.2886415,243.5125863,-0.295503647,0.117431206,-0.267828069,0.814690997,0.227418113,0.284022969,0.320660442,0.0791441711584676
"AT1G66160","ATCMPG1",1,"TRUE","Forwarded",10.62130778,23.60430479,34.6961567,61.28642943,0.851046882,0.000934335,1.155818779,0.001563993,0.306123467,0.385147332,0.331296788,0.983655968024997
"AT1G66260","ALY3",1,"FALSE","Non DTG",6.159115094,9.586736741,31.57221818,41.52028087,0.495087829,0.054243106,0.392111066,0.862498781,0.195080214,0.230892868,0.243156149,0.194129416392816
"AT1G66340","AtETR1",1,"TRUE","Non DTG",2.845123638,4.735275539,5.470039042,8.014977826,0.725580755,0.191430035,0.807127287,0.401973308,0.52012858,0.590803324,0.18380963,0.585636026282562
"AT1G66410","ACAM-4",1,"FALSE","Non DTG",7.47532761,10.06321463,35.90305216,46.339977,0.384081538,0.492679305,0.554212026,0.808039381,0.208208694,0.217160544,0.060731693,0.212862607324176
"AT1G66430","FRK3",1,"TRUE","Non DTG",5.761012155,3.693107087,13.46834961,5.779544615,-0.873835306,0.086865561,-0.245914705,0.943661442,0.427744477,0.638996207,0.579058142,0.214888951493575
"AT1G66670","CLPP3",1,"TRUE","Non DTG",12.46820613,13.75501603,39.44341303,32.11452106,-0.142069517,0.805711375,0.25346804,0.922062997,0.316103632,0.428311417,0.438262521,-0.0360100820177367
"AT1G67060",NA,1,"FALSE","Non DTG",3.802597884,10.47481342,10.51082588,38.06553857,1.41550903,2.25341e-07,1.425588158,0.070464133,0.361779172,0.275178385,-0.394742202,2.01793291071007
"AT1G67230","AtLINC1",1,"TRUE","Non DTG",3.472262493,4.511425782,7.21239983,4.387739398,-0.320619351,0.555234274,0.412648769,0.856116445,0.481429562,1.028189091,1.094708971,-0.132303180507729
"AT1G67250","UMP1a",1,"FALSE","Non DTG",5.42663403,2.61875247,13.92367624,4.478327447,-0.122075965,0.956311975,-0.442472149,0.906973926,0.389741469,0.584761276,0.585330332,0.0540152145747988
"AT1G67785",NA,1,"TRUE","Non DTG",8.515704145,7.999410828,61.78788272,55.71886567,-0.046349124,0.981376755,-0.025572274,0.996883172,0.137821588,0.143567367,0.058925968,0.00118525249858798
"AT1G67860",NA,1,"TRUE","Non DTG",14.46086246,13.46930419,130.4174708,123.1771491,0.163183289,0.857511431,-0.229355299,0.964026953,0.110881329,0.10934905,-0.020075769,-0.0374269520403984
"AT1G68000","ATPIS",1,"TRUE","Non DTG",6.242577885,5.041136436,13.5917477,12.43901134,0.084710538,0.95445,-0.166310057,0.977375972,0.459291772,0.405268256,-0.180533761,-0.0140882144032807
"AT1G68300",NA,1,"FALSE","Non DTG",4.548700119,2.886391892,15.93915387,10.62889063,0.333860874,0.841537623,0.281055972,0.957946642,0.285379021,0.271560974,-0.071603115,0.0938335924548395
"AT1G68440",NA,1,"FALSE","Non DTG",19.58817966,13.5608402,59.23586765,35.31249281,-0.690110375,0.05292768,-0.511725856,0.634971898,0.330681063,0.384023871,0.215755566,0.353147322381356
"AT1G68660","AtClpS1",1,"TRUE","Non DTG",7.443998521,6.861764974,61.22728748,55.81401798,-0.206146072,0.757463193,-0.457186652,0.906973926,0.121579754,0.122939814,0.016049205,0.094247232480631
"AT1G68670","HHO2",1,"FALSE","Non DTG",7.89207273,4.571667263,19.99656895,16.0506964,-0.458892061,0.308542777,-0.461133473,0.834237431,0.394671343,0.284826723,-0.47056726,0.211610489821058
"AT1G68760","ATNUDT1",1,"TRUE","Non DTG",4.348818603,1.434349867,14.00068667,7.854422558,-0.412892381,0.745803703,-0.81403527,0.789817032,0.310614665,0.182616845,-0.766306097,0.336108960848278
"AT1G69010","BIM2",1,"FALSE","Non DTG",3.706067024,1.722159506,5.533224396,4.467682128,-0.437208787,0.791731101,-0.504656805,0.908780295,0.669784335,0.385470465,-0.797076312,0.220640389565346
"AT1G69030",NA,1,"TRUE","Non DTG",3.576840384,2.036751044,6.767282686,6.566887154,0.377734412,0.766303535,-0.475929164,0.915554809,0.528548983,0.31015472,-0.769049101,-0.179774822917192
"AT1G69410","ATELF5A-3",1,"TRUE","Non DTG",6.487865655,9.263260258,46.67644802,52.7257562,0.287183044,0.738746801,0.375109314,0.922062997,0.138996559,0.175687575,0.337962999,0.107725034627272
"AT1G69460",NA,1,"FALSE","Non DTG",3.504215053,2.233289431,18.86300643,13.93536419,-0.264462659,0.805625602,-0.067407565,0.991579971,0.185771821,0.160260572,-0.213112153,0.0178267838766153
"AT1G69700","ATHVA22C",1,"FALSE","Non DTG",2.885672427,2.937103343,13.28884699,8.664031449,-0.509985161,0.734780062,-0.324085873,0.957926244,0.217149947,0.338999617,0.64259204,0.165278986119731
"AT1G69870","AtNPF2.13",1,"FALSE","Non DTG",3.656251897,2.151925404,14.76108614,6.538898575,-0.825951853,0.117299047,-0.400368368,0.920224397,0.247695316,0.329096006,0.40994193,0.330684995432186
"AT1G70060","SNL4",1,"TRUE","Non DTG",3.449875514,2.658996868,5.412454676,4.152066106,-0.053700518,0.980169948,-0.333263327,0.883136951,0.637395733,0.640403308,0.006791399,0.0178964132903034
"AT1G70200","HPE1",1,"TRUE","Non DTG",2.658894099,1.885728317,6.230571539,6.631818954,0.0963201,0.947007976,-0.597190124,0.820169539,0.42674963,0.284345566,-0.585744593,-0.0575214124626924
"AT1G70320","UPL2",1,"TRUE","Non DTG",3.145443177,3.882418892,2.866589516,2.696768516,-0.071719831,0.931194938,0.177014037,0.870309705,1.097277151,1.439655969,0.391796127,-0.0126954168182677
"AT1G70410","ATBCA4",1,"FALSE","Non DTG",23.97580697,32.65469268,115.4585805,137.3423454,0.333293172,0.057215698,0.44975163,0.477165451,0.207657212,0.237761286,0.195309844,0.14989914737487
"AT1G70520","ASG6",1,"TRUE","Non DTG",3.955028288,6.487851265,11.61393828,20.12380092,1.007720202,2.12475e-06,0.737599963,0.555846517,0.340541528,0.322396912,-0.078992819,0.743294383709552
"AT1G70580","AOAT2",1,"TRUE","Non DTG",7.664602689,8.479489542,18.31006077,27.14170215,0.373941791,0.239875902,0.308253962,0.891081568,0.418600615,0.31241554,-0.422108211,0.115269038633126
"AT1G70590",NA,1,"FALSE","Non DTG",3.993027568,2.472089695,10.44346574,13.9670496,0.5381988,0.429636041,-0.429010117,0.921815233,0.382346978,0.176994409,-1.11117868,-0.23089273015726
"AT1G71010","FAB1C",1,"TRUE","Non DTG",2.661567236,2.855015102,4.616834162,3.750954988,-0.272776985,0.880882438,0.081217154,0.987459256,0.576491843,0.761143525,0.400868326,-0.0221541703984007
"AT1G71090","PILS2",1,"TRUE","Non DTG",2.463523676,4.0614862,3.831597129,9.407886372,0.818160374,0.145724605,0.380177634,0.922018668,0.642949557,0.431710805,-0.574640352,0.311046275219875
"AT1G71697","ATCK1",1,"FALSE","Forwarded",11.62101607,26.93483915,44.18947662,117.8476237,1.649873161,2.92172e-50,1.518893629,1.11965e-10,0.262981528,0.228556489,-0.202410684,2.50598183290099
"AT1G71880","ATSUC1",1,"FALSE","Non DTG",57.06445685,48.50493511,148.4320082,135.60043,-0.001838519,0.997187451,-0.219441737,0.731956595,0.384448459,0.357704877,-0.10402041,0.000403447802867503
"AT1G72020",NA,1,"TRUE","Non DTG",19.34916996,23.01366523,134.8762578,121.6765649,0.000472832,0.999698591,0.418100702,0.830984724,0.14345868,0.189138025,0.398804175,0.000197691391128064
"AT1G72150","PATL1",1,"TRUE","Non DTG",47.29020547,43.46423441,115.374652,99.84675445,-0.047338855,0.926698063,-0.132951424,0.90768458,0.409883841,0.435309436,0.086826181,0.00629376818277952
"AT1G72430","SAUR78",1,"TRUE","Non DTG",21.39096912,10.68960991,69.10698214,27.66217615,-0.44726208,0.846547438,-0.904558365,0.33100762,0.309534123,0.386434164,0.320124183,0.404574655811299
"AT1G72480",NA,1,"TRUE","Buffered_S",3.168219171,2.946677399,4.180339665,10.69029843,1.313193251,0.002479937,-0.004277083,0.999274118,0.757885585,0.275640331,-1.459193071,-0.00561663652956683
"AT1G72700","ALA5",1,"FALSE","Non DTG",2.667330508,3.394019806,2.487140157,2.5846948,0.19463751,0.922141838,0.356154101,0.877055808,1.072448812,1.313122078,0.292092257,0.0693209473949285
"AT1G73110",NA,1,"TRUE","Non DTG",8.483443656,8.856512349,20.26024858,22.02276392,0.10438447,0.874613527,0.020391348,0.996883172,0.418723572,0.402152626,-0.058254995,0.00212854005356556
"AT1G73200",NA,1,"TRUE","Non DTG",4.539602738,4.025214182,12.48480292,13.06064841,0.129262671,0.841537623,-0.178747961,0.964811001,0.363610284,0.308194054,-0.238553977,-0.0231054388746638
"AT1G73490",NA,1,"TRUE","Non DTG",3.597045816,3.233206774,14.13496556,7.5594526,-0.464800622,0.76457945,-0.383006921,0.918446523,0.254478569,0.427703823,0.749067934,0.178021855111105
"AT1G73500","ATMKK9",1,"FALSE","Non DTG",11.67120856,10.09983509,63.32855836,64.1753941,0.125316765,0.883616128,0.180093518,0.957770699,0.184296135,0.157378622,-0.227786236,0.0225687370732293
"AT1G73655",NA,1,"TRUE","Non DTG",26.84190371,25.06598666,91.69006102,65.20734642,-0.483059583,0.26610806,-0.022724312,0.993889967,0.292746056,0.384404335,0.392974874,0.0109771966786819
"AT1G73920",NA,1,"FALSE","Buffered_S",10.00225773,7.708578499,34.84724093,18.33012461,-0.84576615,3.94766e-06,-0.320579033,0.808039381,0.287031554,0.420541522,0.551038904,0.271134894511133
"AT1G74060",NA,1,"FALSE","Non DTG",7.400761864,2.933873396,38.07845739,13.71558208,-0.487910055,0.206755894,-0.105861006,0.979422389,0.194355611,0.213908048,0.138292004,0.0516506492598153
"AT1G74380","XXT5",1,"FALSE","Non DTG",22.04019526,23.92440299,42.30873711,42.76516513,0.231039376,0.446910989,0.221036755,0.876460377,0.520937205,0.559436703,0.102865431,0.0510681939482649
"AT1G74730","RIQ2",1,"TRUE","Non DTG",19.4508325,22.67007011,230.8892195,219.8781686,-0.034761144,0.974983219,-0.08303729,0.982876393,0.084243139,0.103102869,0.291453394,0.00288647119505976
"AT1G74920","ALDH10A8",1,"FALSE","Non DTG",11.03372959,7.037768655,27.73887097,20.81146368,-0.494235474,0.065126628,-0.242463561,0.917653449,0.397771402,0.338167885,-0.2341999,0.119834092998563
"AT1G75220","AtERDL6",1,"TRUE","Non DTG",12.7829307,13.22975281,27.98406106,24.16616472,-0.041546761,0.973779373,0.196427709,0.927958111,0.456793268,0.547449418,0.261184283,-0.00816093507960055
"AT1G75440","UBC16",1,"TRUE","Buffered_S",12.6203203,8.882430481,24.81174729,58.53742529,1.341139385,5.2363e-05,-0.343822262,0.927958111,0.508642949,0.151739343,-1.745058084,-0.461113577007989
"AT1G75510",NA,1,"FALSE","Non DTG",1.964801322,2.722376505,10.33296451,22.00411761,0.781221484,0.575647501,0.268512151,0.969732935,0.19014885,0.12372123,-0.62003613,0.209767461076252
"AT1G75850","LAZ4",1,"FALSE","Non DTG",1.872583098,1.692643608,4.005537532,4.713578733,0.067414803,0.982683177,-0.018594788,0.996883172,0.467498577,0.359099466,-0.380578465,-0.00125356396984676
"AT1G75950","ASK1",1,"TRUE","Non DTG",16.60858128,14.39534566,137.4189869,102.277117,-0.323457602,0.078983155,0.403420166,0.834237431,0.120860892,0.14074845,0.219771542,-0.130489319492802
"AT1G75990",NA,1,"TRUE","Non DTG",3.028458287,2.422626431,9.129341276,7.987612422,-0.178039725,0.874111818,-0.609602511,0.834237431,0.331728018,0.303297945,-0.129265146,0.108533463417749
"AT1G76030","AtVAB1",1,"TRUE","Non DTG",9.345339693,10.84815453,23.68345481,30.74118176,0.46123635,0.286625643,0.325759712,0.890513824,0.3945936,0.352886711,-0.161162454,0.150252220539931
"AT1G76090","SMT3",1,"TRUE","Non DTG",4.77751,3.436885964,9.344661313,7.415737307,-0.278832456,0.822774047,-0.093082522,0.988742131,0.511255554,0.463458429,-0.141604672,0.025954428219934
"AT1G76160","sks5",1,"TRUE","Forwarded",72.74426906,41.92629681,171.2584345,90.74281305,-0.760527055,9.51667e-14,-0.758172771,6.35501e-05,0.424763132,0.462034352,0.121341567,0.576610904709819
"AT1G76600",NA,1,"TRUE","Forwarded",30.42519837,77.29768639,88.11196469,238.110984,1.493357754,4.07797e-34,1.313085704,2.69655e-09,0.345301554,0.324628814,-0.089065769,1.96090671773495
"AT1G76700",NA,1,"FALSE","Non DTG",3.71712574,6.180923342,11.63241231,10.67303823,0.285209132,0.806675853,0.628122411,0.685652346,0.319549002,0.579115638,0.857814275,0.179146247631057
"AT1G76730","COG0212",1,"TRUE","Non DTG",4.946256252,4.352535273,23.24404397,22.34124665,0.042628472,0.9709843,-0.116222697,0.987703677,0.212796717,0.194820609,-0.127329596,-0.00495439598482898
"AT1G76850","SEC5A",1,"TRUE","Non DTG",3.472186729,3.321893381,7.137108461,7.754870845,0.329797044,0.510793711,-0.013024993,0.996883172,0.486497683,0.42836218,-0.183601823,-0.00429560418952069
"AT1G77060",NA,1,"FALSE","Non DTG",9.120027947,10.45959908,41.52082329,32.16291536,-0.319784383,0.455827723,0.290349724,0.922062997,0.219649497,0.325206809,0.56615427,-0.0928493073435603
"AT1G77090",NA,1,"TRUE","Non DTG",6.980836687,9.598219529,35.42307748,38.99216103,0.174956719,0.86872918,0.586600361,0.853564115,0.197070305,0.246157671,0.320872291,0.102629674524776
"AT1G77260",NA,1,"FALSE","Non DTG",3.158643613,2.873506863,6.122645331,4.356579678,-0.748524425,0.204795938,-0.084585703,0.987703677,0.515895245,0.659578632,0.354466511,0.0633144647012958
"AT1G77450","anac032",1,"TRUE","Non DTG",1.784473461,1.329223831,8.224987582,6.2692811,0.043855003,0.982938884,0.027974685,0.996883172,0.216957587,0.212021731,-0.033200899,0.00122682989459905
"AT1G77710","AtCCP2",1,"TRUE","Non DTG",8.158707571,9.051643874,51.87633383,34.73702133,-0.056131945,0.968520532,0.006528023,0.998844586,0.157272247,0.260576282,0.72844167,-0.000366430627994735
"AT1G78070",NA,1,"TRUE","Non DTG",9.972014878,9.574514225,23.73447057,17.15027851,-0.606872627,0.186333312,-0.033138907,0.993235243,0.420149034,0.558271647,0.41006612,0.0201110955469987
"AT1G78280",NA,1,"TRUE","Forwarded",14.95863003,27.91283109,28.1019215,49.26968364,0.912889295,8.3562e-14,0.964841206,8.00364e-05,0.532299189,0.566531567,0.089918977,0.88079320833229
"AT1G78300","14-3-3OMEGA",1,"TRUE","Non DTG",20.35989275,13.23797624,49.16697507,61.68950226,0.197642151,0.748858888,-0.354775382,0.767944319,0.414096916,0.214590421,-0.948382783,-0.0701185696203267
"AT1G78370","ATGSTU20",1,"FALSE","Non DTG",7.99661764,14.59283634,57.87240145,75.41287924,0.385942317,0.080726005,1.044996433,0.13307672,0.138176703,0.19350589,0.485863086,0.403308344608755
"AT1G78380","ATGSTU19",1,"TRUE","Non DTG",16.06715264,19.34547645,87.92502904,70.31591916,-0.390186306,0.099438263,0.177380384,0.936826375,0.182736961,0.275122286,0.590304539,-0.0692113967898215
"AT1G78510","AtSPS1",1,"TRUE","Non DTG",7.820015286,3.838306166,15.15263732,8.246865805,-0.844373823,0.03354049,-1.004008675,0.218231332,0.516082786,0.465426049,-0.149050554,0.847758643234914
"AT1G78570","ATRHM1",1,"TRUE","Non DTG",21.4387621,18.04827018,29.99485223,21.98057243,-0.369150118,0.093388538,-0.52815532,0.180134145,0.714748049,0.821101008,0.20012493,0.194968598700328
"AT1G78670","ATGGH3",1,"TRUE","Non DTG",1.544090351,1.567945491,3.907117082,4.832967753,-0.046621913,0.989721267,-0.110375995,0.988076608,0.395199406,0.324427054,-0.284686647,0.00514594003617844
"AT1G78830",NA,1,"TRUE","Forwarded",72.00775144,139.8778443,167.4191084,368.1328207,1.163149112,1.30566e-33,1.088764754,4.20549e-14,0.430104736,0.379965698,-0.178818833,1.266395756792
"AT1G78900","VHA-A",1,"TRUE","Non DTG",35.99247702,33.06938046,61.11591306,57.01552825,-0.11113602,0.691874927,0.131101049,0.915554809,0.58892153,0.580006561,-0.022006197,-0.014570048803685
"AT1G79010",NA,1,"TRUE","Non DTG",3.41872985,3.672142152,25.49634663,24.73361705,0.361632794,0.642273214,-0.412334528,0.920810098,0.134087048,0.148467656,0.146978786,-0.149113687423311
"AT1G79210",NA,1,"TRUE","Non DTG",6.008627139,2.154921368,10.87994698,7.448195174,-0.372640823,0.597795249,-0.730668171,0.777333771,0.552266215,0.289321281,-0.93269143,0.272276788581345
"AT1G79340","AtMC4",1,"TRUE","Non DTG",18.59229581,17.4365016,55.01658931,57.91222689,-0.055541579,0.935760083,0.087418055,0.970346925,0.337939811,0.301084979,-0.166595586,-0.00485533680780885
"AT1G79380","RGLG4",1,"FALSE","Non DTG",9.136851547,7.914795426,31.23161255,35.35547882,0.377779443,0.089338827,0.135942079,0.970346925,0.292551386,0.223863336,-0.386071791,0.051356122884882
"AT1G79440","ALDH5F1",1,"TRUE","Non DTG",2.33064946,1.75533008,4.140223797,2.054119664,-0.321097989,0.819473516,-0.120728285,0.987703677,0.562928376,0.854541296,0.602198839,0.0387656095289189
"AT1G79690","AtND",1,"TRUE","Non DTG",2.949588941,4.321370258,6.849384561,6.472364927,0.008116897,0.995296217,0.486207402,0.834237431,0.430635616,0.667664804,0.632656346,0.00394649540267159
"AT1G80070","EMB14",1,"TRUE","Non DTG",13.43634863,14.56268385,11.09572625,14.18714834,0.416937757,0.008995025,0.129134962,0.889467901,1.210948101,1.026470119,-0.238445404,0.0538412414065602
"AT1G80360","ISS1",1,"TRUE","Non DTG",5.987476856,4.434735248,12.13706614,8.659163497,-0.098678602,0.958222651,-0.202748456,0.966511025,0.493321597,0.512143609,0.054019962,0.0200069341957385
"AT1G80500","TRAPPC2",1,"TRUE","Non DTG",6.861408198,5.809736071,18.85858005,17.43215017,-0.120928556,0.953880993,0.126257023,0.987459256,0.363834826,0.333277078,-0.126561549,-0.0152680794762488
"AT1G80770","PDE318",1,"TRUE","Non DTG",3.207566746,4.094079657,13.26533026,10.47327847,-0.322232101,0.862482733,0.346653366,0.93175614,0.241800746,0.390907171,0.693007357,-0.111702842444902
"AT1G80920","AtJ8",1,"FALSE","Non DTG",34.59601978,32.33942869,273.4993585,206.8759104,-0.194626136,0.484225386,0.273750622,0.836101519,0.12649397,0.156322834,0.305459913,-0.0532790257874566
"AT2G01190","PDE331",1,"TRUE","Non DTG",8.652389887,5.208915181,11.39767339,18.41075509,0.560342659,0.589111946,-0.625033824,0.600202235,0.7591365,0.282927841,-1.423925173,-0.350233114905098
"AT2G01450","ATMPK17",1,"TRUE","Non DTG",21.66118488,21.96326501,91.41145586,121.8004782,0.433220351,5.59703e-05,0.035400003,0.989950827,0.23696357,0.180321665,-0.394092538,0.0153360017250611
"AT2G01570","RGA",1,"FALSE","Non DTG",15.29954917,9.963978446,20.19811812,16.21624961,-0.444450889,0.239218806,-0.485490746,0.598051705,0.757473993,0.614444072,-0.301914656,0.215776793660973
"AT2G01670","atnudt17",1,"TRUE","Non DTG",7.81063811,11.71557021,33.4088589,67.95943592,0.782267571,0.056141254,0.628745742,0.4962986,0.233789431,0.172390633,-0.43952832,0.491847404370933
"AT2G01720","OST1a",1,"TRUE","Buffered_S",5.061080431,3.537573578,15.24030371,2.319612304,-2.003372696,0.000391625,-0.325845611,0.935505558,0.332085274,1.525071052,2.199250805,0.652790200188837
"AT2G01850","ATXTH27",1,"TRUE","Non DTG",18.88347705,15.65451294,48.31747357,28.36593557,-0.672539797,0.052012471,-0.091087727,0.977375972,0.39082087,0.551877194,0.49783976,0.0612601214257714
"AT2G01970",NA,1,"TRUE","Non DTG",7.763901172,9.357497279,18.65692887,13.43387873,-0.481042054,0.124641733,0.249746242,0.915554809,0.416140364,0.696559606,0.743176581,-0.120138445230461
"AT2G02090","CHA19",1,"TRUE","Non DTG",2.945243495,2.971445613,5.191146704,4.916906417,-0.005667133,0.997219566,0.054039778,0.992587634,0.567358941,0.604332351,0.091080425,-0.000306250609216474
"AT2G02180","TOM3",1,"FALSE","Non DTG",10.16163696,11.92298632,55.50626984,68.11847044,0.264418576,0.593095765,0.626556735,0.474847692,0.183071876,0.175033089,-0.064782495,0.165673239651909
"AT2G02220","ATPSKR1",1,"TRUE","Forwarded",5.699068418,12.18879415,11.46152338,18.06373403,0.770977461,0.011042376,1.094193286,0.003863754,0.497234812,0.674766033,0.440460047,0.843598361483527
"AT2G02370",NA,1,"FALSE","Non DTG",1.418298588,2.33584044,2.58818941,5.525828575,0.676525033,0.613672182,0.818165916,0.749215808,0.547988715,0.422713157,-0.374467167,0.553509723321375
"AT2G02560","ATCAND1",1,"TRUE","Exclusive",5.51059276,2.063255727,3.863714877,5.363916691,0.494363141,0.376303128,-1.244472998,0.02996666,1.426242084,0.384654693,-1.890583065,-0.615221580180967
"AT2G03120","ATSPP",1,"TRUE","Non DTG",4.916205962,2.401647205,9.254315706,12.70609141,0.665535851,0.119310083,-0.678784076,0.777907309,0.531233872,0.18901542,-1.490843201,-0.451755137665909
"AT2G03240",NA,1,"TRUE","Non DTG",8.446034827,8.924348999,15.85164302,13.01124159,-0.180427037,0.822774047,-0.010539399,0.996883172,0.532817628,0.685895265,0.364346483,0.00190159253333076
"AT2G03510",NA,1,"TRUE","Non DTG",4.079204777,3.215100192,15.07878866,6.920597537,-0.856367646,0.098703118,-0.09100166,0.988742131,0.270526026,0.464569739,0.780127787,0.0779308773562924
"AT2G03690",NA,1,"FALSE","Non DTG",3.110923268,3.857548389,12.96907475,8.219468761,-0.346689532,0.783069917,0.330699963,0.953813161,0.239872414,0.469318456,0.968299942,-0.114650215404887
"AT2G03760","AtSOT1",1,"TRUE","Non DTG",1.5737439,3.067451026,8.035451577,13.76456482,0.740167989,0.173141294,0.863326587,0.715799379,0.195850088,0.22285129,0.186331534,0.639006703750024
"AT2G04030","AtHsp90.5",1,"TRUE","Non DTG",6.839758675,6.669950604,14.77729553,8.080958418,-0.453153254,0.841484661,-0.103406598,0.97690286,0.462855917,0.825391032,0.834514597,0.0468590363687699
"AT2G04305",NA,1,"TRUE","Non DTG",2.855195619,5.047415321,10.95481198,15.49807534,0.483410272,0.358572331,0.390640336,0.906973926,0.260633923,0.325680138,0.32143087,0.188839551079931
"AT2G04350","LACS8",1,"TRUE","Non DTG",7.191182878,5.865965281,9.776411569,8.362568056,-0.052624781,0.980484224,-0.175637407,0.957770699,0.735564663,0.701455013,-0.068501592,0.00924288007878287
"AT2G04390","dS17",1,"TRUE","Non DTG",4.75589779,3.103697271,19.95704325,6.55818784,-0.611653696,0.281997289,-0.814228316,0.640807688,0.238306734,0.473255318,0.989799001,0.498025758869256
"AT2G04400","IGPS",1,"TRUE","Non DTG",3.671906313,7.194525995,9.949451722,16.998166,0.798809012,0.199485169,0.951631413,0.383163772,0.369056147,0.423253073,0.197680224,0.760171748806694
"AT2G04865","MAIL2",1,"TRUE","Non DTG",1.638318657,1.919383919,2.984907888,1.43634985,-0.899862918,0.301472015,-0.05887123,0.992589008,0.548867408,1.33629277,1.283706544,0.0529760368140491
"AT2G05220",NA,1,"TRUE","Non DTG",6.905551082,1.812419989,23.15129587,49.17189931,0.259511546,0.632911756,-0.727320851,0.525653921,0.298279246,0.036858857,-3.016580375,-0.188748158481046
"AT2G05310",NA,1,"TRUE","Non DTG",24.06736051,19.29664031,87.38659349,66.39232136,-0.183807191,0.889011975,-0.045819459,0.992200253,0.275412504,0.290645664,0.077667325,0.00842194605192967
"AT2G05520","ATGRP-3",1,"TRUE","Non DTG",144.9077043,133.4093123,459.4177908,347.1904342,-0.213279222,0.403515188,0.024298602,0.989720825,0.315415962,0.384253998,0.2848046,-0.00518238693024764
"AT2G05710","ACO3",1,"TRUE","Non DTG",14.41795215,13.25510682,22.61870603,19.5979118,-0.110952518,0.840319859,-0.149719124,0.922062997,0.637434879,0.676353019,0.085498488,0.0166117138005542
"AT2G05830","MTI1",1,"TRUE","Non DTG",4.190147815,2.55584514,15.5204853,15.10418022,-0.044669193,0.981093497,-0.460518882,0.901612329,0.269975309,0.169214423,-0.673974928,0.0205710068202022
"AT2G06530","VPS2.1",1,"TRUE","Non DTG",8.319507003,14.10768526,52.18431795,59.59023737,0.312602226,0.629198102,0.834934029,0.300308825,0.159425424,0.236744908,0.570451679,0.261002236028549
"AT2G06990","HEN2",1,"TRUE","Non DTG",2.472049446,2.564566701,3.308223088,2.07195154,-0.494497476,0.661362023,0.230902378,0.948642345,0.747243877,1.23775419,0.728073758,-0.114180643123398
"AT2G07050","CAS1",1,"TRUE","Non DTG",11.40224985,9.80552131,17.4768353,11.68444598,-0.346944217,0.284940685,-0.157703377,0.939821128,0.652420742,0.839194372,0.363202354,0.0547142746515208
"AT2G12400",NA,1,"FALSE","Non DTG",3.877954217,3.846167846,7.124034503,8.385596991,0.414892397,0.793213278,0.090024552,0.987703677,0.54434804,0.458663569,-0.247093041,0.0373505021681311
"AT2G13540","ABH1",1,"FALSE","Non DTG",2.730904078,3.555865364,4.94169829,4.236564547,-0.116821123,0.94255556,0.310129809,0.932868832,0.552624608,0.839327555,0.602934141,-0.0362297125631555
"AT2G13560","NAD-ME1",1,"FALSE","Non DTG",10.38561572,11.55720517,29.01204063,27.30220607,-0.06855241,0.95901455,0.261828806,0.904040569,0.35797605,0.423306642,0.241840055,-0.0179489956587225
"AT2G13790","ATSERK4",1,"TRUE","Non DTG",4.715062994,7.088479206,20.28506589,31.45149536,0.925144016,4.25968e-05,0.750069057,0.149674068,0.232440112,0.22537813,-0.04451153,0.693921899670313
"AT2G14080",NA,1,"TRUE","Non DTG",7.071724884,10.43278231,7.61109146,7.320160391,0.278608046,0.464545861,0.598121787,0.17729888,0.929134135,1.425212257,0.617218003,0.166641542346098
"AT2G14750","AKN1",1,"TRUE","Non DTG",4.385845361,3.850177185,16.64866893,25.57635568,0.369393876,0.842187804,0.330161795,0.935505558,0.263435196,0.150536583,-0.80733398,0.121959745162167
"AT2G15890","CBP1",1,"TRUE","Non DTG",6.527604986,8.746950105,32.26176999,26.00134771,0.084460255,0.926577148,0.361561578,0.927733977,0.202332513,0.33640372,0.733465497,0.0305375830760824
"AT2G16280","KCS9",1,"TRUE","Buffered_S",10.3009209,10.8880184,22.74486681,9.617058245,-0.962053245,0.00080027,0.083670644,0.982876393,0.45288992,1.132156853,1.321841514,-0.0804956145714398
"AT2G16510","VHA-c5",1,"TRUE","Non DTG",8.236330838,5.173254946,31.82123121,31.18299509,-0.1389593,0.90200603,-0.115167759,0.985124941,0.258831306,0.165899874,-0.641699337,0.0160036311732087
"AT2G17190","DSK2a",1,"TRUE","Non DTG",6.267819323,4.396888392,9.307246425,10.32910863,0.402916238,0.548344531,-0.314202508,0.906326092,0.673434337,0.425679364,-0.661770129,-0.126597292493525
"AT2G17340",NA,1,"TRUE","Non DTG",5.639290102,3.920989087,16.53909837,10.94738384,-0.079658671,0.956311975,0.12231755,0.982744851,0.340967202,0.358166768,0.070998511,-0.00974365347297605
"AT2G17380","AP19",1,"TRUE","Non DTG",13.13949769,3.092294796,14.60948936,5.119541297,-1.34016332,0.084581727,-1.358928261,0.230339702,0.899381037,0.604017942,-0.574341063,1.82118580990359
"AT2G17480","ATMLO8",1,"FALSE","Non DTG",8.817387484,9.394106063,21.92093345,31.34797573,0.59798007,0.000543526,0.040366727,0.989950827,0.40223595,0.299671856,-0.424658431,0.0241384982371309
"AT2G17520","ATIRE1-2",1,"TRUE","Non DTG",5.36193582,5.07342647,9.554357243,8.013802628,-0.1621713,0.87326185,-0.055275892,0.989001094,0.561203196,0.633086027,0.17387833,0.0089641632642996
"AT2G17695",NA,1,"TRUE","Non DTG",8.014733828,4.57656671,27.45832673,15.72626192,-0.621513068,0.375087672,-0.529931633,0.892753191,0.29188719,0.291014275,-0.004320974,0.32935943505608
"AT2G17720","P4H5",1,"FALSE","Non DTG",4.698663665,6.679757445,12.49985041,11.33616365,0.079552329,0.971224214,0.807875145,0.563750746,0.375897592,0.589243209,0.648523554,0.0642683493259627
"AT2G17760",NA,1,"TRUE","Non DTG",3.13347084,5.091721835,6.282465449,4.831063402,-0.184277321,0.932731802,0.598817865,0.767944319,0.498764516,1.05395467,1.079382083,-0.11034855192914
"AT2G17790","VPS35A",1,"TRUE","Non DTG",2.423828788,1.546159922,3.759287165,3.657703646,0.025783304,0.993614173,-0.398451163,0.916442123,0.644757552,0.422713285,-0.609077313,-0.0102733874647826
"AT2G17820","AHK1",1,"TRUE","Buffered_S",3.803566098,3.455586329,4.738428644,9.276787715,0.977865773,0.002568639,-0.101364935,0.982876393,0.80270621,0.372498157,-1.10763877,-0.0991213005188698
"AT2G18110",NA,1,"TRUE","Non DTG",5.187901035,3.542774165,18.56202613,16.89755418,-0.108406789,0.929888526,-0.471840202,0.901612329,0.279490019,0.20966195,-0.4147317,0.0511506812199314
"AT2G18328","ATRL4",1,"TRUE","Non DTG",9.336023071,5.708392886,74.53040986,63.32923686,-0.207052232,0.799661869,-0.449157575,0.922491402,0.125264615,0.09013835,-0.474765994,0.0929990784234574
"AT2G18690",NA,1,"TRUE","Intensified",9.459347108,62.51848394,41.08382489,139.5928898,1.741739813,6.56105e-40,2.379288441,3.91084e-32,0.230245045,0.447862954,0.959887226,4.1441014043004
"AT2G18710","SCY1",1,"FALSE","Non DTG",11.79078145,9.092629254,30.32919991,24.52351034,-0.272656228,0.511304724,-0.308563555,0.86876,0.388760056,0.37077193,-0.068347968,0.0841317750045705
"AT2G18960","AHA1",1,"TRUE","Non DTG",25.66517072,25.34041399,52.92896343,50.52778147,-0.068207443,0.906742238,0.199674644,0.724476649,0.48489842,0.501514479,0.0486088,-0.0136192968991753
"AT2G19520","ACG1",1,"FALSE","Non DTG",4.88269435,3.592114052,7.83118654,5.714706975,-0.360300803,0.770024838,-0.36198172,0.915554809,0.623493557,0.62857362,0.011707075,0.130422304387321
"AT2G19760","PFN1",1,"FALSE","Non DTG",13.07207645,16.91391604,83.51498737,104.9183918,0.17628036,0.649629484,0.493781031,0.840756151,0.156523719,0.161210211,0.042561825,0.0870438979058512
"AT2G19790","AP4S",1,"FALSE","Non DTG",5.112627269,6.559426489,43.40679827,29.48448707,-0.702074923,0.210653232,0.413825631,0.936826375,0.117784022,0.222470429,0.917469745,-0.290536598019751
"AT2G19800","MIOX2",1,"TRUE","Non DTG",35.85449573,24.4964661,89.03859474,74.27676304,-0.230319073,0.328143734,-0.491537748,0.389344416,0.402684879,0.329799861,-0.288060509,0.113210518463868
"AT2G20140","RPT2b",1,"TRUE","Non DTG",2.345783788,2.921290552,10.1235865,14.85145616,0.725340386,0.212635585,0.220852163,0.970346925,0.231714698,0.196700614,-0.236348094,0.160192993159355
"AT2G20190","ATCLASP",1,"TRUE","Non DTG",5.801684865,5.839959443,8.765839331,6.095850215,-0.467959405,0.109155449,0.056778477,0.987703677,0.661851609,0.958022136,0.533551199,-0.0265700223137262
"AT2G20420",NA,1,"TRUE","Non DTG",9.033659242,9.455836723,26.01186795,20.61968902,-0.243658796,0.825896587,0.183969959,0.953728363,0.347289909,0.458582897,0.401042059,-0.0448258987101094
"AT2G20570","ATGLK1",1,"TRUE","Non DTG",9.908264992,7.135917273,52.43333256,43.52098145,-0.244669953,0.478390902,-0.103385506,0.982744851,0.18896882,0.16396499,-0.204760411,0.0252953268939012
"AT2G20580","ATRPN1A",1,"TRUE","Non DTG",8.58272973,8.080917692,12.58165106,13.58365699,0.317258318,0.410661175,-0.103417593,0.971959027,0.682162435,0.594900011,-0.197468108,-0.0328100916067886
"AT2G20740",NA,1,"TRUE","Non DTG",2.166651018,4.296026128,8.194100107,5.429899953,-0.048591427,0.984023488,0.808778585,0.708342423,0.264415981,0.79117961,1.581195872,-0.0392997055721908
"AT2G21120","AVI2",1,"TRUE","Forwarded",12.98870233,25.41852846,34.99414975,76.163867,1.188402719,5.35195e-16,1.128933,4.10277e-05,0.371167821,0.333734741,-0.153369764,1.34162704676883
"AT2G21190",NA,1,"FALSE","Non DTG",4.499878826,3.795661875,16.01478065,11.1072702,-0.463415046,0.638445784,0.030827611,0.996883172,0.280982857,0.341727698,0.282365072,-0.0142859787696351
"AT2G21270","UFD1",1,"TRUE","Non DTG",4.109473976,5.205643135,16.33427747,8.199989618,-1.020935361,0.091457626,0.522533553,0.841911044,0.251585905,0.634835332,1.335331328,-0.533472981566668
"AT2G21390",NA,1,"TRUE","Non DTG",11.66563717,10.2548974,17.32188948,14.71537112,-0.240875133,0.386908248,-0.171931309,0.901612329,0.673462164,0.696883369,0.049320331,0.0414139769222391
"AT2G21410","VHA-A2",1,"TRUE","Non DTG",3.853215592,3.70239507,7.793266688,8.334279432,0.095296364,0.93547689,0.04744915,0.991579971,0.494428812,0.444236973,-0.154433345,0.0045217314698906
"AT2G21790","ATRNR1",1,"TRUE","Non DTG",2.5201261,2.139675453,3.229715295,2.371506606,-0.246658107,0.905985046,-0.22453917,0.961585417,0.780293577,0.902243092,0.209499168,0.0553844066195512
"AT2G21970","SEP2",1,"TRUE","Non DTG",14.7791921,10.34620469,59.03609525,50.27684379,-0.089980194,0.885360313,-0.241584951,0.950627084,0.250341626,0.20578469,-0.28276255,0.0217378607584605
"AT2G22125","CSI1",1,"TRUE","Non DTG",15.88210282,14.59606854,20.54587089,14.07439829,-0.448860901,0.000241617,-0.123620255,0.906973926,0.773007039,1.03706519,0.423953128,0.0554882990411498
"AT2G22425",NA,1,"TRUE","Non DTG",4.352175261,6.900820294,35.36182057,38.34173378,0.430850141,0.498271124,0.374226652,0.944643059,0.123075543,0.179981957,0.548308186,0.161235605780158
"AT2G22470","AGP2",1,"FALSE","Intensified",2.907214236,11.28653466,16.31310417,153.0216356,3.13643048,1.12738e-25,1.89934741,0.016485907,0.178213429,0.07375777,-1.272739106,5.95717110883306
"AT2G22540","AGL22",1,"TRUE","Non DTG",3.387306911,4.762729803,19.62678217,9.390581056,-0.925305975,0.099970439,0.769700909,0.672048016,0.172585953,0.507181587,1.555187321,-0.712208850060631
"AT2G22670","IAA8",1,"TRUE","Non DTG",13.7250614,11.15646595,55.22782468,58.99689692,-0.006736546,0.994562397,0.162544351,0.951998049,0.248517147,0.189102589,-0.39417628,-0.00109498749755165
"AT2G22780","PMDH1",1,"TRUE","Non DTG",8.157576738,3.422408459,15.74334103,7.987558289,-0.61748984,0.264111053,-0.627052254,0.708015674,0.518160454,0.428467416,-0.274213419,0.387198395994099
"AT2G22910","NAGS1",1,"TRUE","Non DTG",1.914309404,2.23236525,5.821664328,4.966312233,-0.340123089,0.799661869,-0.019473083,0.996883172,0.328825108,0.449501591,0.451005758,0.00662324514231339
"AT2G23200",NA,1,"TRUE","Non DTG",4.305222993,8.393554315,8.961982342,16.80078643,1.015779637,0.026124598,0.931401732,0.10355847,0.480387355,0.499592942,0.056554919,0.946098913232131
"AT2G23810","TET8",1,"TRUE","Forwarded",36.21423428,103.5325458,141.3900971,349.6240089,1.399469495,5.1977e-66,1.690865124,1.06645e-15,0.25612992,0.29612539,0.209332399,2.36631416119739
"AT2G24020","STIC2",1,"TRUE","Non DTG",13.94257616,10.51813911,42.87263645,49.34859684,0.086422688,0.952226388,-0.079690541,0.987703677,0.325209208,0.213139578,-0.609569594,-0.00688707076139421
"AT2G24100","ASG1",1,"TRUE","Non DTG",4.20606853,2.931536008,10.49682354,8.630442918,0.044098351,0.984409336,-0.312379189,0.936826375,0.400699175,0.339673877,-0.238369268,-0.0137754071216173
"AT2G24270","ALDH11A3",1,"TRUE","Non DTG",17.83917125,17.37048185,64.20496202,44.37360747,-0.40847223,0.328143734,0.121410198,0.957926244,0.277847236,0.391459763,0.494572134,-0.0495926943218015
"AT2G24500","FZF",1,"TRUE","Non DTG",2.605527504,3.2522035,4.657547169,6.250336673,0.202839565,0.899842574,0.213881038,0.970346925,0.55942053,0.520324531,-0.104521472,0.0433835367096685
"AT2G24550",NA,1,"TRUE","Non DTG",11.30489221,17.5321651,30.67468367,48.0460517,0.975005863,0.003938321,0.658359611,0.476303021,0.368541444,0.364903347,-0.01431248,0.641904480687399
"AT2G25735",NA,1,"FALSE","Forwarded",19.81203941,64.70901101,150.3695075,508.5451445,1.852594343,8.45476e-25,1.983251651,1.21486e-09,0.131755698,0.127243396,-0.050274577,3.67416078938801
"AT2G25970",NA,1,"TRUE","Non DTG",9.216691926,7.023250781,26.33690999,15.86509812,-0.64038084,0.07660311,-0.375327985,0.836101519,0.349953428,0.442685619,0.339119567,0.240352850309807
"AT2G26080","AtGLDP2",1,"TRUE","Exclusive",131.2891033,96.78135092,219.2714883,180.6577946,-0.231164709,0.165549232,-0.378741735,0.005211033,0.598751367,0.535716442,-0.160487469,0.0875517229574301
"AT2G26250","FDH",1,"TRUE","Non DTG",24.56984133,17.03095791,63.40785268,51.10405327,-0.215881417,0.299212916,-0.452867372,0.542082404,0.387488935,0.333260413,-0.21750516,0.0977656499804261
"AT2G26300","ATGPA1",1,"FALSE","Buffered_S",3.453674623,4.706588833,2.64188926,5.42123413,1.480332755,0.005592477,0.223249018,0.963798813,1.307274561,0.86817664,-0.590501666,0.330482833866985
"AT2G26500",NA,1,"TRUE","Non DTG",175.5950084,151.0764615,1282.183596,1126.838351,-0.046395297,0.809040792,-0.052870247,0.970346925,0.136949973,0.134071104,-0.030650651,0.00245293081202836
"AT2G26560","PLA",1,"TRUE","Intensified",13.21051777,72.5293725,30.68709673,269.8177927,3.127680274,2.32871e-62,2.572503657,1.71485e-41,0.430490961,0.268808709,-0.679403067,8.04596894279176
"AT2G26670","ATHO1",1,"TRUE","Non DTG",9.35991325,9.67036298,27.6221329,23.56522146,-0.472315202,0.514163036,0.495057609,0.694972648,0.338855558,0.410365886,0.27624037,-0.233823234596472
"AT2G26890","GRV2",1,"TRUE","Non DTG",7.436612038,7.347863499,8.451201329,7.406635923,-0.090835672,0.913110075,0.020967155,0.992589008,0.879947329,0.992064896,0.173017327,-0.00190456561435316
"AT2G26900","BASS2",1,"TRUE","Non DTG",16.23310182,12.29730906,28.21541962,24.82675083,0.061518591,0.93892297,-0.185677226,0.943207839,0.575327322,0.495324948,-0.2160077,-0.0114226013243086
"AT2G26910","ABCG32",1,"TRUE","Non DTG",7.961506511,7.437427032,12.01068838,9.975966322,-0.047645153,0.967018989,-0.082329485,0.97421589,0.66286846,0.745534497,0.169552499,0.0039226009092362
"AT2G26990","ATCSN2",1,"FALSE","Non DTG",4.466493837,3.742600939,6.116316962,2.960737747,-0.386555773,0.745765156,-0.21583015,0.964026953,0.730258727,1.264077152,0.791604921,0.0834303904699559
"AT2G27080","NHL13",1,"TRUE","Non DTG",27.2796643,37.49951133,87.9644321,104.9666154,0.489670207,0.029856195,0.72997452,0.055368111,0.31012153,0.357251791,0.204107554,0.357446774313126
"AT2G27450","ATNLP1",1,"FALSE","Buffered_S",5.234066303,4.690280226,12.96910422,27.44772069,1.32853019,8.02606e-06,0.236817749,0.96219347,0.403579632,0.1708805,-1.239865593,0.314619529074342
"AT2G27510","ATFD3",1,"TRUE","Non DTG",4.581449095,2.019219862,10.69934559,4.938167181,-0.40832869,0.845795752,-0.758528334,0.819071747,0.428199001,0.408900669,-0.066531009,0.309728880950102
"AT2G27580","SAP3",1,"FALSE","Non DTG",3.693327569,4.39984944,33.66660746,42.3872973,0.053282482,0.981964984,0.528705856,0.890513824,0.109702992,0.103801132,-0.079780698,0.0281707602556146
"AT2G27600","ATSKD1",1,"TRUE","Non DTG",13.55464683,9.285940013,25.58342299,16.64131575,-0.531799609,0.139831299,-0.545447108,0.570729337,0.529821472,0.558005157,0.074772143,0.290068558764581
"AT2G28320",NA,1,"FALSE","Non DTG",1.866781036,2.331808627,3.591464323,4.844640438,0.470526124,0.447418887,0.393337643,0.906973926,0.519782704,0.48131717,-0.110920737,0.185075636584086
"AT2G28370","CASPL5A2",1,"FALSE","Non DTG",3.150066943,1.781793295,19.52309599,18.6068184,-0.120400239,0.923166959,-0.259994653,0.970346925,0.161350789,0.095760235,-0.752702041,0.0313034183599221
"AT2G28520","VHA-A1",1,"FALSE","Non DTG",3.866551881,1.994314006,4.655011108,4.727225978,0.171536264,0.885258789,-0.789926394,0.555816168,0.830621408,0.421878289,-0.977364212,-0.135501022461752
"AT2G28900","ATOEP16-1",1,"FALSE","Non DTG",9.383493292,5.605298511,71.90573032,49.47662757,-0.558677154,0.347313977,-0.119743105,0.987703677,0.130497156,0.113291847,-0.203974324,0.0668977371125232
"AT2G28950","ATEXP6",1,"TRUE","Non DTG",11.373627,8.87946407,49.62282649,28.52901336,-0.472829073,0.416658406,0.207290024,0.96168669,0.229201515,0.311243293,0.441426171,-0.0980127498900677
"AT2G29080","AtFTSH3",1,"TRUE","Non DTG",8.597626266,8.281584055,13.28497939,11.54917961,-0.24892486,0.836414236,-0.109311805,0.970346925,0.647168958,0.717071198,0.147973962,0.0272104257559723
"AT2G29450","AT103-1A",1,"FALSE","Non DTG",25.47910954,21.80217951,100.0884754,62.73689518,-0.432331426,0.396867764,-0.261569927,0.906973926,0.254565867,0.347517668,0.449047335,0.113084899538626
"AT2G29550","TBB7",1,"TRUE","Non DTG",7.685628897,6.402788199,23.427762,20.34571522,-0.196729823,0.761143793,-0.300449477,0.906973926,0.32805647,0.314699588,-0.059968883,0.0591073724306526
"AT2G29700","ATPH1",1,"TRUE","Non DTG",5.523609258,4.516761939,33.95852103,12.23528843,-0.929574575,0.326480361,-0.05435752,0.993235243,0.162657533,0.369158599,1.182403126,0.050529368552054
"AT2G30020","AP2C1",1,"TRUE","Forwarded",7.658061931,22.48589012,15.778707,47.14717544,1.877774699,8.60271e-13,1.638435765,3.12178e-06,0.485341539,0.47692974,-0.025223593,3.07661322545371
"AT2G30270",NA,1,"TRUE","Non DTG",2.135020874,3.695984182,8.341242611,7.013006929,-0.18113257,0.933683952,0.646544306,0.868587363,0.25595957,0.52701847,1.041937574,-0.117110231764646
"AT2G30490","ATC4H",1,"TRUE","Non DTG",16.87737906,16.71142035,46.81557921,48.67743968,0.265552555,0.614327412,-0.069424843,0.982744851,0.360507749,0.343309353,-0.070521104,-0.0184359444391239
"AT2G30500","NET4B",1,"TRUE","Buffered_S",10.23217205,7.306984154,12.59123701,5.523042299,-1.012028762,0.005814969,-0.407250844,0.817175896,0.812642319,1.322999854,0.703120501,0.412149567476775
"AT2G30620","H1.2",1,"TRUE","Non DTG",9.065070494,7.007546737,64.88974236,62.16006227,-0.061993828,0.968249298,0.27986245,0.915554809,0.139699591,0.112733908,-0.309406289,-0.0173497445889586
"AT2G30870","ATGSTF10",1,"FALSE","Forwarded",28.15161291,55.78473045,161.2607201,256.0642047,0.700997465,2.853e-11,1.088020542,0.000160379,0.17457204,0.217854465,0.319542173,0.762699641809926
"AT2G31200","ADF6",1,"TRUE","Non DTG",6.47024455,8.725018547,42.74070283,48.89367595,0.085450649,0.923851866,0.166824328,0.97421589,0.151383672,0.178448815,0.237300714,0.0142552470965889
"AT2G31260","APG9",1,"TRUE","Non DTG",2.413436832,1.414857642,1.506351468,2.105252279,0.436715979,0.777722269,-0.6209805,0.821705988,1.602173784,0.672060853,-1.253366867,-0.27119210699741
"AT2G31380","BBX25",1,"FALSE","Non DTG",12.84484026,11.81334849,52.02365472,45.26252364,-0.038041513,0.972086095,-0.327861227,0.891862226,0.246903843,0.26099624,0.080079734,0.0124723371291165
"AT2G31570","ATGPX2",1,"TRUE","Non DTG",16.44433042,15.27487314,71.62519502,58.08986417,-0.094874033,0.91260038,0.023784355,0.996883172,0.22958863,0.262952468,0.195750838,-0.00225651768115372
"AT2G31660","EMA1",1,"TRUE","Non DTG",3.366371507,1.949196389,2.493831446,5.065710275,0.788060599,0.170886919,-0.91805032,0.309103196,1.349879324,0.384782446,-1.810715551,-0.723479285091342
"AT2G31820",NA,1,"TRUE","Non DTG",6.22706065,6.651098652,7.98383444,7.038317014,-0.123831828,0.945896426,0.046244949,0.991863328,0.77995864,0.94498424,0.276892647,-0.00572659657043677
"AT2G32240","PICC",1,"TRUE","Forwarded",20.10868819,41.60232887,26.65166727,67.43364617,1.300054576,2.13739e-19,1.078656934,2.71501e-12,0.754500196,0.616937259,-0.290397497,1.40231288298083
"AT2G32260","ATCCT1",1,"FALSE","Non DTG",2.959659042,2.162835562,5.621883874,7.699213947,0.403884019,0.664978773,0.024969627,0.996883172,0.526453251,0.280916413,-0.906164509,0.0100848333056909
"AT2G32580","ELMO1",1,"TRUE","Non DTG",7.158207287,5.396445796,23.58339418,20.30681956,-0.102384813,0.93367824,-0.041465921,0.993254435,0.303527441,0.265745494,-0.191781723,0.00424548056745777
"AT2G32720","ATCB5-B",1,"TRUE","Non DTG",4.405061431,3.183853097,6.867032307,4.346445534,0.33416813,0.84529121,0.213256187,0.97421589,0.641479643,0.732518807,0.191462318,0.0712634212207203
"AT2G33040","ATP3",1,"TRUE","Non DTG",30.55229524,30.15999659,91.51933536,100.2280715,0.182882325,0.618487215,0.098925958,0.969732935,0.333834322,0.300913667,-0.149782651,0.0180918092018924
"AT2G33150","KAT2",1,"TRUE","Non DTG",13.20510014,10.33060638,27.51709662,33.0370698,0.197117328,0.640060159,-0.224771079,0.920224397,0.479887116,0.312697417,-0.61792778,-0.0443062745041569
"AT2G33180",NA,1,"TRUE","Non DTG",6.209641899,5.075333723,26.07891287,34.76216257,0.350500664,0.568852595,-0.182955883,0.977375972,0.238109691,0.146001668,-0.70564149,-0.0641261584742063
"AT2G33370",NA,1,"TRUE","Non DTG",15.70549578,10.69019125,55.72677199,56.66098774,-0.114719977,0.871619701,-0.348428507,0.918280996,0.281830352,0.188669342,-0.578966988,0.0399717103091843
"AT2G33470","ATGLTP1",1,"FALSE","Non DTG",3.11863867,2.539943835,15.60278689,16.38545735,-0.052117762,0.987368033,-0.348346141,0.940145924,0.199877028,0.155012081,-0.366732017,0.0181550212702564
"AT2G33590","AtCRL1",1,"FALSE","Non DTG",4.406877351,5.943603157,7.747033464,8.755144898,0.372081514,0.770110016,0.362521037,0.919796702,0.568847078,0.678869765,0.255093964,0.13488737630381
"AT2G33700","PP2CG1",1,"FALSE","Non DTG",2.546815789,3.021861917,5.564251467,6.587284506,0.289484664,0.870170446,0.22002711,0.964026953,0.457710404,0.458741673,0.003246885,0.063694474009241
"AT2G33830","AtDRM2",1,"FALSE","Non DTG",8.757247449,6.966137816,84.4646246,107.7329683,0.247332796,0.58595014,0.293274282,0.943661442,0.103679469,0.064661152,-0.681159127,0.0725363481619525
"AT2G34250",NA,1,"TRUE","Forwarded",51.86332272,76.89530065,107.7161549,188.9817455,0.915312524,1.33837e-11,0.579140991,0.001655819,0.481481378,0.406892742,-0.242831454,0.530095002224071
"AT2G34357",NA,1,"TRUE","Non DTG",2.988117976,2.369779695,3.172298495,2.121887534,-0.3133051,0.793120623,-0.287561706,0.922062997,0.941940987,1.116826249,0.245696173,0.0900945490545006
"AT2G34590",NA,1,"TRUE","Non DTG",10.99613475,6.659562399,38.94853632,31.74013118,-0.251329394,0.669549108,-0.403398597,0.812314135,0.282324724,0.209815213,-0.428236184,0.10138592492446
"AT2G34640","HMR",1,"FALSE","Non DTG",2.087930904,2.488251318,4.399827953,4.494252464,0.307046821,0.862348251,0.233811401,0.966592012,0.474548307,0.553651878,0.222424179,0.0717910473906062
"AT2G34680","AIR9",1,"TRUE","Non DTG",2.796356736,4.544205069,5.136706037,4.064540288,-0.097254271,0.938845856,0.750250487,0.389693795,0.544387145,1.118012062,1.038230847,-0.07296506418058
"AT2G34690","ACD11",1,"FALSE","Non DTG",4.953454419,2.754003104,15.30347115,16.51538648,0.258215795,0.921603476,-0.757259627,0.764063421,0.323681756,0.166753779,-0.956856599,-0.195536396607209
"AT2G34750",NA,1,"TRUE","Non DTG",5.032481908,6.384552494,17.1820812,16.05481736,-0.01677418,0.989983064,0.347619717,0.906973926,0.292891289,0.397672073,0.441213964,-0.00583103570450706
"AT2G35390",NA,1,"FALSE","Non DTG",8.127581629,6.668608128,15.93776724,17.60728499,0.359211622,0.408466033,0.025644584,0.993889967,0.509957355,0.378741421,-0.4291634,0.00921183261415525
"AT2G35410",NA,1,"TRUE","Non DTG",14.54726107,13.21562434,42.22421746,38.80657905,-0.168885281,0.844765822,-0.128934706,0.970346925,0.344524113,0.34055113,-0.016733542,0.0217751740534624
"AT2G35450",NA,1,"TRUE","Non DTG",2.466603987,3.100077699,10.83330312,12.21103266,0.248423818,0.787180678,0.212035902,0.974111218,0.227687157,0.253875146,0.157066248,0.0526747683279138
"AT2G35490","FBN2",1,"TRUE","Non DTG",11.70785865,10.17815131,51.09966366,48.49957395,0.058374997,0.951099297,-0.108492993,0.977375972,0.229118116,0.209860633,-0.126659967,-0.00633327814089602
"AT2G35680","PTPMT1",1,"TRUE","Non DTG",11.92061661,14.03687657,26.24503876,25.91138442,0.033215374,0.9709843,0.502473935,0.640807688,0.454204573,0.541726229,0.254221714,0.0166898596762767
"AT2G35750",NA,1,"TRUE","Non DTG",12.26244714,20.30086779,24.35024259,29.65768079,0.478893209,0.460929976,0.419340774,0.547605855,0.503586241,0.684506248,0.442824842,0.200819448925404
"AT2G35840",NA,1,"TRUE","Non DTG",5.096933707,4.142534732,18.72097633,22.91297962,0.271938396,0.584614626,-0.238648853,0.953728363,0.2722579,0.18079424,-0.5906252,-0.0648977862920598
"AT2G36160",NA,1,"TRUE","Non DTG",28.65603276,16.36318167,97.60014608,103.7221293,0.077546257,0.882910085,-0.843989643,0.268502496,0.293606454,0.157759793,-0.896154114,-0.0654482377614162
"AT2G36250","ATFTSZ2-1",1,"TRUE","Non DTG",4.797700165,6.24971569,14.13872675,17.90658258,0.234192914,0.751390171,0.276604477,0.936826375,0.339330426,0.34901778,0.040609739,0.064778808494076
"AT2G36310","NSH1",1,"TRUE","Non DTG",9.313803258,8.635708069,22.01857676,12.47185129,-0.771525137,0.087892164,0.225006022,0.943661442,0.422997515,0.692415895,0.710989654,-0.173597801949375
"AT2G36320",NA,1,"TRUE","Non DTG",11.61464799,10.33238401,115.3486186,86.3871157,-0.243766129,0.641460344,-0.191762409,0.958145771,0.100691696,0.119605614,0.248340403,0.0467451801296448
"AT2G36580",NA,1,"TRUE","Non DTG",2.79660146,6.038704605,8.487159583,8.891033243,0.224780262,0.738874368,1.078814508,0.160924111,0.329509706,0.67919042,1.043495148,0.242496207757641
"AT2G36620","RPL24A",1,"TRUE","Non DTG",7.239292475,5.693867262,54.9049253,52.2521378,-0.020396955,0.989721267,-0.169305386,0.977375972,0.131851422,0.108969078,-0.274994333,0.00345331433949963
"AT2G36630",NA,1,"TRUE","Non DTG",7.526567956,5.686995688,17.1023822,17.70337371,0.018484179,0.991366964,-0.389428315,0.808721803,0.440088864,0.321237962,-0.454152475,-0.00719826268212839
"AT2G36850","ATGSL08",1,"TRUE","Non DTG",5.532727613,5.660739452,10.70569768,8.809090353,-0.101046058,0.821385141,0.123448513,0.957926244,0.516802153,0.642602042,0.314313486,-0.0124739856046118
"AT2G37110",NA,1,"TRUE","Buffered_S",23.42220974,24.37156021,78.31700901,140.4882231,0.885914853,0.000454567,0.467991229,0.556049388,0.299069258,0.173477603,-0.785730203,0.414600380844824
"AT2G37190",NA,1,"TRUE","Non DTG",8.401550289,12.58705057,49.60252023,37.2302928,-0.544668784,0.352398335,0.104840489,0.984337283,0.169377488,0.338086263,0.997149259,-0.0571033416575954
"AT2G37480",NA,1,"TRUE","Non DTG",8.972396681,7.907880471,27.79308483,34.06869414,0.19925311,0.845427176,-0.010508567,0.997778221,0.322828385,0.232115749,-0.475923018,-0.00209386465639337
"AT2G37710","LecRK-IV.1",1,"FALSE","Non DTG",7.188345064,8.967350589,18.04192426,14.59061025,-0.050813558,0.961547121,0.228111638,0.922062997,0.398424523,0.614597363,0.625335131,-0.011591163947988
"AT2G38440","ATSCAR2",1,"TRUE","Non DTG",3.497139363,2.870704902,8.943252604,8.874540366,0.083694425,0.903993294,-0.258055026,0.917987537,0.39103663,0.32347646,-0.27364303,-0.0215977670194301
"AT2G38670","PECT1",1,"FALSE","Non DTG",2.282306864,2.865654176,7.086496706,4.65045442,-0.556231068,0.505908894,0.281963712,0.95807376,0.322064196,0.616209496,0.936072631,-0.156836976663004
"AT2G38740","Sgpp",1,"TRUE","Non DTG",2.932524668,4.856456102,22.83552411,38.28312556,0.769414874,0.025428135,0.855706747,0.58229528,0.128419416,0.126856312,-0.017668041,0.658393498923955
"AT2G38770","EMB2765",1,"TRUE","Non DTG",2.684429172,2.528958306,2.409298814,2.728543605,0.121123676,0.92932035,-0.084290366,0.987459256,1.114195199,0.92685281,-0.265589852,-0.0102095589813054
"AT2G38800",NA,1,"TRUE","Non DTG",6.388606296,7.293830684,11.54166396,13.76281088,0.365884928,0.548344531,0.190450083,0.957926244,0.553525585,0.529966643,-0.062748445,0.069682814906049
"AT2G38870",NA,1,"TRUE","Intensified",13.1473583,22.0669895,117.1063369,332.500601,1.4238949,1.11943e-05,1.428534586,0.002926378,0.112268547,0.066366766,-0.758420928,2.03408311147901
"AT2G39080","EMB2799",1,"TRUE","Non DTG",3.238794165,2.563264148,13.51462887,12.01228787,-0.112429619,0.94118669,0.245690873,0.964026953,0.239650988,0.21338684,-0.167463686,-0.0276229312431674
"AT2G39360","CVY1",1,"TRUE","Non DTG",6.314019098,7.34788661,7.872558553,6.756009386,0.17713137,0.910440499,0.287472763,0.899651201,0.802028852,1.08760752,0.439431989,0.0509204443478753
"AT2G39420","MAGL8",1,"FALSE","Non DTG",7.018095699,7.698530356,23.83128717,18.74489066,-0.285317312,0.618478405,0.198895178,0.964026953,0.294490837,0.410700201,0.479862908,-0.0567482375567215
"AT2G39470","PnsL1",1,"TRUE","Non DTG",14.52242333,15.61656469,80.13134336,58.95567065,-0.361192642,0.178330111,0.255666026,0.93023294,0.181232745,0.264886558,0.547530991,-0.0923446874005807
"AT2G39670",NA,1,"TRUE","Non DTG",7.549134913,4.359708411,12.30026517,9.041338684,-0.497727088,0.257592797,-0.544792603,0.749215808,0.613737575,0.482197224,-0.347998568,0.27115803585513
"AT2G39840","TOPP4",1,"TRUE","Non DTG",2.975146974,4.9074457,10.08962318,11.98812001,0.335983232,0.649530566,0.709134676,0.741240906,0.294871961,0.409359073,0.473278228,0.238257360365753
"AT2G39940","COI1",1,"TRUE","Non DTG",5.458356528,3.632650537,6.702798229,3.30380182,-0.924030399,0.151727409,-0.477631509,0.817248819,0.814339973,1.099536454,0.43319231,0.441346033836242
"AT2G39990","AteIF3f",1,"TRUE","Non DTG",7.083115295,5.13313894,27.71380262,22.4906064,-0.229950933,0.746621423,-0.206634232,0.964026953,0.25558078,0.228234795,-0.163260598,0.0475157344381385
"AT2G40000","ATHSPRO2",1,"TRUE","Forwarded",183.6918338,328.5130962,404.3620136,741.7238956,0.979476411,4.81461e-26,0.900773114,8.1765e-15,0.454275693,0.44290483,-0.036571381,0.882286016826014
"AT2G40140","ATSZF2",1,"TRUE","Forwarded",19.19126286,82.98175387,39.61758986,198.401139,2.318735706,1.64156e-83,2.267877644,8.93836e-54,0.48441268,0.418252407,-0.211862787,5.25860886998196
"AT2G40270",NA,1,"TRUE","Forwarded",13.2655898,33.37494155,29.47743629,60.81849191,1.054184031,1.06937e-06,1.496254445,9.72975e-11,0.450025222,0.548763057,0.286177502,1.57732754223177
"AT2G40300","ATFER4",1,"TRUE","Non DTG",4.051099818,4.107357897,14.09912406,9.982610053,-0.494434496,0.520514176,0.395047817,0.901612329,0.287329894,0.411451301,0.518013587,-0.195325268294295
"AT2G40540","ATKT2",1,"TRUE","Non DTG",3.686956111,3.890966586,11.33360116,10.25203603,-0.069500169,0.948769329,0.102242152,0.986150942,0.325311969,0.379531107,0.222394233,-0.00710584684292369
"AT2G40730","CTEXP",1,"FALSE","Non DTG",5.175743055,4.592461054,9.119302075,11.30992205,0.34656207,0.74047112,-0.047583298,0.99028252,0.567559119,0.406055942,-0.483092177,-0.0164905662523069
"AT2G41090","CML10",1,"FALSE","Non DTG",92.47342005,75.34626294,307.0496379,234.6871146,-0.316028909,0.021714835,-0.195050604,0.863857279,0.301167657,0.32104985,0.09223048,0.061641629581911
"AT2G41100","ATCAL4",1,"FALSE","Forwarded",131.3930876,193.4469644,575.9097565,861.5932385,0.69274556,2.36768e-18,0.801055315,5.15604e-14,0.228148744,0.22452238,-0.023115455,0.554927512780651
"AT2G41110","ATCAL5",1,"FALSE","Buffered_S",15.40518927,37.82396959,112.1770775,152.0941473,0.707916807,0.001844335,0.519267801,0.538203091,0.137329209,0.24868787,0.856697637,0.367598403661831
"AT2G41140","ATCBK3",1,"TRUE","Non DTG",2.4258326,1.633617293,5.24030716,6.956551136,0.223940195,0.891999374,-0.187592362,0.97421589,0.462918017,0.234831493,-0.979130812,-0.0420094701267906
"AT2G41220","GLU2",1,"TRUE","Non DTG",1.499938861,1.3176395,1.385138673,1.911848935,0.265204344,0.859813176,-0.197605493,0.964026953,1.082879924,0.689196451,-0.651886101,-0.0524058351418616
"AT2G41430","CID1",1,"TRUE","Non DTG",350.357798,374.1864271,1557.937525,1843.211046,0.351157501,0.000111049,0.235496847,0.478960685,0.224885653,0.203007913,-0.147655666,0.0826964842858993
"AT2G41475","ATS3A",1,"TRUE","Non DTG",3.1109754,5.842983431,24.35629954,16.76931586,-0.555788901,0.568825873,0.564047011,0.874826917,0.127727753,0.348433024,1.44780934,-0.313491068356025
"AT2G41530","ATSFGH",1,"FALSE","Non DTG",10.56097928,6.770842876,20.52803156,17.28523816,-0.137160662,0.945896426,-0.262100918,0.936826375,0.514466244,0.391712443,-0.39328146,0.0359499354236877
"AT2G41630","AtTFIIB1",1,"FALSE","Buffered_S",8.482747991,6.48443231,29.40918346,54.30622308,0.798906637,0.000214375,-0.183735876,0.967951052,0.288438746,0.119404958,-1.272402226,-0.146787810791409
"AT2G41740","ATVLN2",1,"FALSE","Non DTG",4.993898476,4.42530755,6.683483242,8.184851261,0.253194178,0.874613527,-0.005708439,0.99858442,0.74719997,0.540670491,-0.466744778,-0.00144534352026814
"AT2G41790",NA,1,"FALSE","Non DTG",4.520290844,4.120273776,7.58799495,8.548005334,0.188073653,0.837762242,-0.127677148,0.97690286,0.595716111,0.482015817,-0.305544489,-0.0240127076289816
"AT2G41900","DEG9",1,"TRUE","Buffered_S",4.641100611,3.813850855,10.72369818,15.38945961,0.73134365,0.009108761,-0.168817885,0.970346925,0.432789186,0.247822273,-0.8043586,-0.12346388820118
"AT2G41960",NA,1,"TRUE","Non DTG",4.797656617,6.401769922,8.492529946,5.89745514,-0.41442063,0.193835867,0.367969603,0.793908256,0.564926665,1.085513967,0.942242785,-0.15249419469611
"AT2G42210","ATOEP16-3",1,"TRUE","Non DTG",16.37784975,11.83450751,56.92704152,57.34520522,-0.074692346,0.92932035,-0.358755478,0.812740299,0.287698944,0.206373096,-0.479305025,0.0267962882921714
"AT2G42310",NA,1,"TRUE","Non DTG",9.846079919,8.985792152,56.37027887,38.68908097,-0.517208857,0.368403073,-0.447234138,0.900327875,0.17466793,0.232256542,0.411104488,0.23131345732636
"AT2G42490","CuAO-zeta",1,"TRUE","Non DTG",4.423798231,4.094411584,10.90930033,11.2338852,0.094318135,0.944529046,-0.077705442,0.987703677,0.405507053,0.364469773,-0.153927839,-0.00732903236879067
"AT2G42500","PP2A-3",1,"FALSE","Non DTG",7.433900852,4.273311807,20.85677768,12.03163899,-0.657971691,0.338331372,-0.727333455,0.601983213,0.356426144,0.355172875,-0.00508176,0.478564823307222
"AT2G42580","TTL3",1,"FALSE","Non DTG",6.104781939,5.215258611,19.8107106,11.99259684,-0.401083737,0.132176713,-0.374072011,0.845464796,0.308155627,0.434873171,0.496935572,0.150034200078985
"AT2G42600","ATPPC2",1,"FALSE","Non DTG",25.12264388,29.26163801,48.53562249,44.02124353,-0.193994351,0.446074921,0.274088227,0.601644629,0.517612479,0.664716298,0.360866327,-0.0531715677136057
"AT2G42680","ATMBF1A",1,"FALSE","Non DTG",10.20710887,11.729287,37.95941703,53.42197731,0.930498518,0.007476054,0.272372225,0.938422258,0.268895301,0.219559207,-0.292434508,0.253441951706863
"AT2G42760",NA,1,"FALSE","Non DTG",3.864779078,4.429333892,9.817631852,12.27257959,0.604136122,0.240666758,0.09240295,0.988909536,0.393656957,0.36091303,-0.125287743,0.0558239598743599
"AT2G42770",NA,1,"TRUE","Non DTG",12.33028849,4.977063896,36.04753044,28.08364614,-0.203931782,0.870318539,-0.711377396,0.694972648,0.3420564,0.177222853,-0.94866957,0.1450724600408
"AT2G42790","CSY3",1,"TRUE","Non DTG",1.9325971,2.907640134,4.374804904,3.945327047,-0.088439012,0.966989661,0.497242571,0.901612329,0.441756179,0.736983297,0.738381606,-0.0439756417035798
"AT2G43090","IPMI",1,"TRUE","Non DTG",21.15468194,20.92864011,75.16413537,62.67531061,-0.168546117,0.775678126,-0.01163016,0.996883172,0.281446488,0.333921602,0.246648779,0.00196021830808872
"AT2G43150","EXT21",1,"TRUE","Non DTG",6.534458455,5.681146738,4.642614613,2.237303195,-0.554537692,0.777074368,0.201786873,0.970346925,1.407495345,2.539283344,0.851291235,-0.111898426829317
"AT2G43330","ATINT1",1,"TRUE","Non DTG",9.830804811,8.452803149,17.1299179,13.1848566,-0.163274563,0.824582091,0.194769077,0.936826375,0.573896785,0.641099362,0.159756679,-0.0318008359330884
"AT2G43360","BIO2",1,"TRUE","Non DTG",3.526050682,4.795627234,10.83847204,10.31225636,-0.112850062,0.956311975,0.145320689,0.978293689,0.325327285,0.465041507,0.515467663,-0.0163994487635327
"AT2G43460",NA,1,"TRUE","Non DTG",10.40277546,16.46831153,195.7729067,127.8300325,-0.526777338,0.366198893,-0.107059382,0.987703677,0.053136952,0.128829753,1.277678454,0.0563964562578851
"AT2G43560",NA,1,"FALSE","Buffered_S",27.94886845,21.24282959,65.48289831,92.94779045,0.591492014,0.000836958,-0.185136058,0.940145924,0.42681172,0.228545827,-0.901116318,-0.109506499810441
"AT2G43910","ATHOL1",1,"FALSE","Non DTG",18.09049986,14.92606739,83.65309045,94.82188711,0.160230991,0.819128518,0.621212366,0.283966793,0.216256205,0.157411626,-0.458199433,0.0995374730256347
"AT2G44060","LEA26",1,"TRUE","Non DTG",26.39223995,28.41192935,77.77267655,81.38727088,0.136090569,0.761604307,0.301544852,0.75044202,0.339351056,0.349095492,0.040843221,0.0410374104877008
"AT2G44080","ARL",1,"FALSE","Non DTG",1.882870317,2.807962068,12.70598294,25.11589156,1.739511735,2.39461e-08,0.85290364,0.737915989,0.148187694,0.111800215,-0.406502693,1.48363589060422
"AT2G44350","ATCS",1,"TRUE","Non DTG",11.78828671,10.06383323,21.59300375,26.12385373,0.323907178,0.2153595,-0.106197123,0.970346925,0.545930841,0.385235399,-0.502977923,-0.0343980104226489
"AT2G44620","mtACP-1",1,"TRUE","Non DTG",11.22291273,5.050988058,89.93462578,67.08080783,-0.211502103,0.578062198,-0.077991611,0.989720825,0.124789675,0.075297067,-0.728833004,0.0164953897428579
"AT2G44650","CHL-CPN10",1,"FALSE","Non DTG",16.27213917,12.30828389,96.72905382,108.8597383,0.19090538,0.802285714,-0.303740895,0.928961309,0.168223905,0.113065529,-0.573223579,-0.0579857709815151
"AT2G44670",NA,1,"TRUE","Buffered_S",7.046194394,4.001415151,77.52827325,26.58507449,-0.817907762,0.003102606,-0.534459422,0.836852615,0.090885481,0.150513596,0.727772065,0.437138509727834
"AT2G45010",NA,1,"TRUE","Non DTG",3.97855426,2.819404529,24.71103231,26.38936129,0.188534216,0.801703443,0.267889241,0.958516893,0.161003159,0.10683868,-0.591654935,0.0505062880267701
"AT2G45060",NA,1,"TRUE","Non DTG",3.681069278,2.536768583,7.371899733,5.191017805,-0.37629297,0.851052069,-0.324647088,0.953376876,0.499337947,0.488684238,-0.031113974,0.122162416945371
"AT2G45180","DRN1",1,"TRUE","Non DTG",484.7062309,469.2484901,2347.370929,1632.620079,-0.399011089,2.82919e-07,-0.075438217,0.922062997,0.206488981,0.287420507,0.477098202,0.0301006851173883
"AT2G45730","AtTRM6",1,"TRUE","Non DTG",2.113106268,1.559674255,3.587782705,4.304178819,0.230737106,0.907027316,-0.285868726,0.963685245,0.588972756,0.362362792,-0.700766076,-0.065960522533147
"AT2G45740","PEX11D",1,"TRUE","Non DTG",15.92867406,10.04507145,47.04550238,47.41255715,0.080773767,0.955342697,-0.196780354,0.95584419,0.338580167,0.211865212,-0.676350752,-0.0158946904641735
"AT2G45810","RH6",1,"TRUE","Non DTG",5.094197662,3.444422851,16.51693552,8.208600339,-0.737746424,0.008023607,-0.306619926,0.901612329,0.308422689,0.41961147,0.444145214,0.226207753933645
"AT2G45820","Rem1.3",1,"TRUE","Non DTG",38.45946185,28.84178034,148.962076,100.9790908,-0.514079186,0.004842637,-0.192265139,0.927958111,0.258182907,0.285621311,0.145710137,0.0988395061532969
"AT2G45980","ATI1",1,"TRUE","Non DTG",6.520773806,4.262785297,40.97397391,36.72256959,-0.142849401,0.815936721,-0.295860247,0.920224397,0.159144286,0.116080801,-0.455205974,0.042263459063662
"AT2G46340","SPA1",1,"FALSE","Buffered_S",7.018773531,7.076916065,16.82550204,10.32100862,-0.609004016,0.029285517,0.046579435,0.989001094,0.417150913,0.685680666,0.716967442,-0.028367062978011
"AT2G46520","XPO2",1,"TRUE","Non DTG",4.045527866,4.307609104,10.84138107,8.216811292,-0.299643836,0.568465655,0.016562688,0.996883172,0.373156136,0.524243402,0.49045739,-0.00496290736679117
"AT2G46620",NA,1,"TRUE","Forwarded",2.940738476,12.96597649,6.354004096,37.40142271,2.477177384,3.95551e-20,2.011279736,5.73791e-05,0.462816585,0.346670676,-0.416874757,4.98229667491669
"AT2G46735",NA,1,"FALSE","Non DTG",3.092322228,1.524874915,12.08989401,27.31717134,0.822912245,0.277122702,0.037558899,0.996883172,0.255777447,0.055821113,-2.196006261,0.0309076778958183
"AT2G46910",NA,1,"TRUE","Non DTG",4.368101945,5.800563825,18.92824977,23.03923637,0.391096624,0.501727945,0.25964214,0.95584419,0.230771571,0.251768927,0.125634729,0.101545164402135
"AT2G46930","PAE3",1,"TRUE","Non DTG",3.386488062,1.60271883,8.088902579,7.233375436,-0.165488242,0.914979914,-0.710985599,0.788474775,0.41865853,0.221572742,-0.917993608,0.117659756865827
"AT2G47070","SPL1",1,"TRUE","Non DTG",15.75241577,21.32701491,34.87009463,33.71836617,0.188423234,0.703644183,0.424629296,0.292721149,0.451745713,0.632504398,0.485564601,0.0800100252034633
"AT2G47250",NA,1,"TRUE","Non DTG",3.775228918,2.414351167,5.248631884,4.897940566,-0.214321291,0.87696402,-0.149482785,0.971959027,0.719278662,0.492931904,-0.545162447,0.0320373434634754
"AT2G47320","CYP21-3",1,"FALSE","Non DTG",2.912816151,3.714953021,9.827919019,10.0788692,0.155979635,0.957957673,0.240807379,0.971692204,0.296381782,0.368588276,0.314553412,0.0375610470817267
"AT2G47400","CP12",1,"TRUE","Non DTG",125.1191088,78.79381286,732.1882494,656.5256074,-0.12718167,0.745512382,-0.377685235,0.564304264,0.170883798,0.120016359,-0.50978455,0.0480346389216424
"AT2G47510","FUM1",1,"TRUE","Non DTG",3.6256018,3.102294219,11.92790804,10.27811246,-0.237558095,0.822192862,0.194166628,0.966506055,0.30395957,0.301835014,-0.010119267,-0.0461258542602537
"AT3G01180","AtSS2",1,"TRUE","Non DTG",6.655732953,6.678634746,10.14236938,6.537579043,-0.572853887,0.164032841,-0.026186447,0.993889967,0.656230581,1.021576137,0.638521999,0.0150010079506695
"AT3G01280","ATVDAC1",1,"TRUE","Non DTG",16.81931731,16.18927534,77.10761412,71.24795832,0.098263385,0.793294542,0.163183444,0.95845772,0.21812784,0.227224411,0.058943917,0.0160349575833979
"AT3G01290","AtHIR2",1,"TRUE","Forwarded",98.33708389,137.8402199,313.8519397,518.8934249,0.79958403,5.5053e-26,0.678017026,4.79247e-05,0.313323168,0.265642641,-0.2381647,0.542131586057695
"AT3G01340",NA,1,"TRUE","Non DTG",8.231259261,8.982721162,30.99074168,32.81532733,0.153448005,0.841493521,0.269037507,0.936826375,0.265603816,0.273735534,0.043506851,0.0412832687193235
"AT3G01390","AVMA10",1,"TRUE","Non DTG",10.9978247,12.07113119,70.54247099,63.18622821,-0.184418853,0.843780853,0.404057142,0.871535223,0.155903593,0.191040541,0.293224645,-0.0745157546740981
"AT3G01520",NA,1,"TRUE","Non DTG",6.551365276,5.612424935,37.90015833,34.29743468,0.257232358,0.696730099,0.111668721,0.987703677,0.17285852,0.163639788,-0.079068142,0.0287248084176741
"AT3G01720","AtSERGT1",1,"TRUE","Non DTG",2.425294964,1.715975898,5.854826413,4.370028407,-0.307007901,0.688745987,-0.133641658,0.982744851,0.414238577,0.392669278,-0.077147189,0.0410290449087399
"AT3G01740",NA,1,"TRUE","Non DTG",3.105404921,2.064895765,23.65254358,12.09884273,-0.64035628,0.424744466,0.470160509,0.923139787,0.131292641,0.170668866,0.378413839,-0.301070234546147
"AT3G02180","SP1L3",1,"FALSE","Non DTG",15.69353724,3.06845364,32.83251341,37.96478816,-0.228068089,0.81689884,-0.78368158,0.696737677,0.47798769,0.080823673,-2.564123635,0.178732760335101
"AT3G02300",NA,1,"TRUE","Non DTG",2.105506783,2.294606568,5.976090311,5.486957352,0.105628632,0.953604169,-0.098680975,0.987703677,0.352321781,0.418192893,0.247274875,-0.0104235363936762
"AT3G02350","GAUT9",1,"TRUE","Non DTG",12.98707713,18.35633746,25.98886431,33.73111655,0.445779721,0.242004091,0.651288187,0.197858975,0.499716993,0.544195963,0.123014976,0.290331066291456
"AT3G02360","PGD2",1,"TRUE","Non DTG",7.941081018,11.37810638,19.84798497,23.52998413,0.422819861,0.27353412,0.502915219,0.664523271,0.400095074,0.483557758,0.273345356,0.212642542992365
"AT3G02520","GF14",1,"TRUE","Non DTG",4.642900472,4.146905655,21.38813546,27.09866251,0.532931846,0.074368368,0.002309881,0.999363834,0.217078318,0.153029902,-0.504402058,0.00123100914537033
"AT3G02530","CCT6-2",1,"TRUE","Non DTG",3.091873519,4.808606673,6.073402393,4.209647298,-0.162066049,0.920120905,0.608177237,0.755324829,0.509084253,1.142282556,1.165943215,-0.0985648818923266
"AT3G02560",NA,1,"TRUE","Non DTG",14.60395739,13.00899981,59.54657217,48.45607543,-0.331550075,0.426520928,0.107498644,0.982876393,0.245252697,0.268469943,0.130491579,-0.0356411834805983
"AT3G02880","KIN7",1,"FALSE","Forwarded",21.15147969,40.02316266,52.45827257,101.5825866,1.043061959,1.10265e-26,0.803608544,0.001336755,0.403205799,0.393996294,-0.033334328,0.838213502173778
"AT3G03150",NA,1,"TRUE","Non DTG",21.06593978,19.70329837,219.0240986,199.8500805,-0.009813249,0.988501442,0.217484695,0.948642345,0.096180922,0.098590395,0.035696342,-0.00213423146572406
"AT3G03710","PDE326",1,"TRUE","Non DTG",4.680791591,4.193930244,7.18360547,5.159117541,-0.422837837,0.647892022,-0.16702088,0.957926244,0.651593634,0.812916203,0.319134136,0.0706227476330366
"AT3G03960","CCT8",1,"TRUE","Non DTG",3.182349926,4.839811741,9.679659046,6.183100357,-0.663182139,0.278012998,0.44235391,0.886117349,0.328766738,0.782748372,1.251484259,-0.293361212228814
"AT3G04120","GAPC",1,"TRUE","Non DTG",39.24284379,38.28010041,146.9352384,136.0983143,-0.045105427,0.93942018,-0.129288384,0.935505558,0.267075783,0.281267998,0.074696252,0.00583160776645997
"AT3G04240","SEC",1,"TRUE","Non DTG",8.480692261,10.4728531,19.58783113,26.07788155,0.454285386,0.003774726,0.390287545,0.69286726,0.432957187,0.401599075,-0.108468425,0.177301928031317
"AT3G04480",NA,1,"FALSE","Non DTG",2.807860666,3.152673216,6.758095281,5.009078483,-0.385217424,0.826775841,0.287718104,0.932776132,0.415481071,0.629391859,0.599175766,-0.110834026861044
"AT3G04730","IAA16",1,"TRUE","Non DTG",12.3978478,12.68963041,77.8918045,60.42084822,-0.288365804,0.275757708,0.024119941,0.995442259,0.159167551,0.210020726,0.399985456,-0.00695536617889756
"AT3G04940","ATCYSD1",1,"TRUE","Non DTG",4.522272048,2.469044198,9.760505717,12.96074161,0.523724671,0.641970017,-0.907399795,0.50234246,0.463323539,0.190501769,-1.282215588,-0.475227659101842
"AT3G05060",NA,1,"TRUE","Non DTG",4.091904148,2.309687502,6.924999619,5.783969776,0.13136816,0.945896426,-0.678280094,0.725404157,0.590888718,0.399325652,-0.565320703,-0.089104407913407
"AT3G05200","ATL6",1,"TRUE","Forwarded",10.90906096,25.99442788,37.05072046,83.19777364,1.226721183,1.58921e-11,1.165079293,0.002929845,0.294435866,0.312441388,0.085632155,1.42922744859776
"AT3G05490","RALFL22",1,"TRUE","Non DTG",13.31927998,18.09338207,53.67068288,19.26704449,-0.956715328,0.071041124,0.68805391,0.749358048,0.248166769,0.93908446,1.919944972,-0.658271722187333
"AT3G05500","LDAP3",1,"TRUE","Non DTG",20.87242492,25.34199951,89.77569975,122.1959762,0.557324004,0.061439644,0.494404476,0.524291232,0.232495263,0.207388167,-0.164867742,0.275543482159842
"AT3G05840","ATSK12",1,"TRUE","Buffered_S",9.839070731,13.6993013,27.79951148,17.49079885,-0.770356947,0.000604949,0.526408671,0.66574825,0.353929627,0.783229023,1.145971693,-0.405522576665887
"AT3G05880","RCI2A",1,"TRUE","Non DTG",11.82145835,7.175358153,40.33110736,41.51687658,0.350667196,0.812408985,0.353805411,0.943207839,0.293110185,0.172829913,-0.762090167,0.124067951404998
"AT3G05900",NA,1,"TRUE","Non DTG",7.657688315,5.609633213,10.83973896,16.97096707,0.37750016,0.275697184,-0.297381122,0.901612329,0.706445824,0.330542932,-1.095741261,-0.11226142113598
"AT3G05970","ATLACS6",1,"TRUE","Non DTG",2.093313558,1.830978501,4.920284774,4.319707607,-0.094426111,0.955018702,-0.112421703,0.987703677,0.42544561,0.423866305,-0.005365423,0.010615544206287
"AT3G06070",NA,1,"TRUE","Buffered_S",31.09752772,23.42494611,144.463795,46.25983392,-1.268579836,0.001290394,-0.516619374,0.66574825,0.215261739,0.506377653,1.234121822,0.655372920743343
"AT3G06150",NA,1,"TRUE","Non DTG",6.527885647,3.596813804,24.95806036,11.69316458,-0.981585246,1.419e-05,-0.810544351,0.399494051,0.261554205,0.30759969,0.233944084,0.795618376170245
"AT3G06170",NA,1,"FALSE","Non DTG",4.386512736,2.952981526,12.57514324,14.15713688,0.448921171,0.483886621,-0.128704699,0.984337283,0.348824077,0.208586069,-0.741856819,-0.0577782641882825
"AT3G06410",NA,1,"FALSE","Non DTG",2.206610193,2.885507808,7.974259016,11.6568762,0.774270307,0.076969838,0.398512758,0.922062997,0.276716644,0.247536969,-0.160765415,0.308556595480077
"AT3G06580","GAL1",1,"FALSE","Non DTG",2.527704514,2.298218198,5.101087479,6.476807681,0.588539955,0.312123095,0.068037443,0.991579971,0.495522675,0.35483811,-0.481790111,0.0400427536415351
"AT3G06850","BCE2",1,"TRUE","Non DTG",6.312942966,3.017491488,19.86972134,13.20462207,-0.457020044,0.325170034,-0.964216343,0.441348659,0.317716734,0.228517823,-0.475434386,0.440666195503379
"AT3G06980",NA,1,"FALSE","Non DTG",4.947176753,4.043261452,8.522790009,6.325864441,-0.349557273,0.585013458,-0.083977291,0.987703677,0.580464466,0.639163468,0.138977198,0.0293548728358874
"AT3G07010",NA,1,"FALSE","Non DTG",2.472935788,6.739408581,6.055637349,11.41166153,1.027217683,0.053579079,0.97813572,0.346021421,0.408369201,0.590572071,0.532239066,1.00475830795794
"AT3G07040","RPM1",1,"TRUE","Non DTG",10.30541821,11.35335689,11.07808529,15.03930693,0.640560325,0.014526024,0.158278248,0.945159624,0.930252651,0.75491224,-0.301313657,0.101386765979311
"AT3G07050","NSN1",1,"TRUE","Non DTG",2.696541696,3.348391786,6.802802076,3.548805938,-0.728422942,0.511304724,0.385074415,0.920101801,0.39638691,0.943526314,1.251153432,-0.280497038263229
"AT3G07100","AtSEC24A",1,"TRUE","Non DTG",9.394786507,5.251113684,12.97215751,13.1049546,-0.139914024,0.770385435,-0.669478797,0.223569813,0.724226984,0.400696824,-0.853930858,0.0936694724709491
"AT3G07230",NA,1,"TRUE","Non DTG",11.25377181,24.98867327,123.1612983,121.5944606,-0.14678858,0.886487199,0.740869697,0.764063421,0.091374254,0.20550832,1.169337164,-0.10875121078766
"AT3G07270",NA,1,"TRUE","Non DTG",7.346129832,5.145311221,14.1872314,11.70734096,-0.204861353,0.893047755,-0.323811021,0.916442123,0.51779869,0.439494437,-0.236546412,0.0663363638783714
"AT3G07310",NA,1,"TRUE","Buffered_S",8.588258281,6.458745711,32.23793879,11.35105379,-1.271698908,0.01111623,-0.426418681,0.853564115,0.266402214,0.568999657,1.094821709,0.5422761709785
"AT3G07400",NA,1,"TRUE","Non DTG",3.675405239,2.540246683,8.907888464,12.49291736,0.544588406,0.277002679,-0.516731044,0.834237431,0.412601174,0.203334947,-1.020889739,-0.281405735582676
"AT3G07680","p24beta2",1,"TRUE","Non DTG",6.871371084,8.888461275,18.79562612,30.82096623,0.434656053,0.582220994,0.375884775,0.907652878,0.365583516,0.288390092,-0.342179424,0.163380592684293
"AT3G07880","SCN1",1,"TRUE","Non DTG",4.237178993,5.361439581,21.35381666,33.52660557,0.724555324,0.225038982,0.401853756,0.916442123,0.198427244,0.159915968,-0.311296121,0.291165278379197
"AT3G08530","AtCHC2",1,"TRUE","Non DTG",11.66732712,13.09619728,17.36146779,15.60437636,0.07589844,0.811861183,0.019890693,0.99102187,0.672024236,0.839264382,0.320612092,0.00150967256921892
"AT3G08550","ABI8",1,"FALSE","Non DTG",2.401915417,3.231979949,7.325874281,7.838534861,0.162515283,0.860394118,0.417300405,0.921874278,0.327867409,0.412319395,0.330649825,0.0678176934145896
"AT3G08590","iPGAM2",1,"TRUE","Non DTG",9.012853644,8.581986543,20.09201948,17.93205356,-0.119629457,0.860465504,-0.015415252,0.996883172,0.448578783,0.478583588,0.093409541,0.00184411822627816
"AT3G08610",NA,1,"FALSE","Non DTG",10.13142409,15.06926445,101.3078376,91.31563144,-0.12956829,0.913711595,0.510697883,0.876258936,0.100006321,0.165023931,0.722584067,-0.0661702514069301
"AT3G08710","ATH9",1,"TRUE","Forwarded",8.716501449,20.99171486,29.23160656,81.09653828,1.670731255,3.14773e-11,1.457216478,0.00491494,0.29818756,0.25884847,-0.204112283,2.43461711509562
"AT3G09390","ATMT-1",1,"TRUE","Non DTG",19.53797254,12.11655309,154.4288088,105.2372299,-0.284657503,0.630302686,-0.110021591,0.985025614,0.126517667,0.115135614,-0.136004692,0.0313184713701473
"AT3G09570","7TM2",1,"TRUE","Non DTG",3.151695602,2.875421772,11.78815354,14.2177601,0.258263191,0.841484661,0.078245181,0.989950827,0.267361262,0.202241545,-0.402711055,0.0202078501254326
"AT3G09740","ATSYP71",1,"TRUE","Non DTG",6.522715898,6.107189884,29.71717723,34.61348223,0.218616623,0.619756947,-0.392335746,0.871450789,0.219493118,0.176439627,-0.315001095,-0.0857711158727058
"AT3G09810","IDH-VI",1,"TRUE","Non DTG",3.103165957,3.5457335,9.666457775,5.981500117,-0.206653557,0.843780853,0.098758835,0.987703677,0.321024105,0.59278332,0.884823223,-0.0204088645379261
"AT3G09840","ATCDC48",1,"FALSE","Non DTG",23.93578653,17.35641559,47.50646493,31.407563,-0.307327488,0.32700449,-0.463624738,0.287253316,0.50384272,0.552618985,0.133311674,0.142484626104198
"AT3G09980","ACIP1",1,"FALSE","Non DTG",4.503099925,2.60561258,7.418621739,2.86326616,-0.557701948,0.731850991,-0.195658161,0.975735197,0.606999532,0.910014101,0.584193496,0.109118937531798
"AT3G10050","OMR1",1,"TRUE","Non DTG",4.452814345,3.342096441,11.03379478,7.513909733,-0.503690619,0.442341198,-0.20461855,0.956065028,0.403561461,0.444787941,0.140329266,0.103064444108382
"AT3G10060",NA,1,"TRUE","Non DTG",10.06271758,8.14606591,46.41368977,71.12438675,0.517469773,0.179310763,0.294663016,0.916302539,0.216804948,0.11453267,-0.920638502,0.152479204001015
"AT3G10130","SOUL4",1,"TRUE","Non DTG",2.731420568,3.491182229,10.61866478,11.14163681,0.519916263,0.640134203,0.353731536,0.936826375,0.257228251,0.313345542,0.28470537,0.18391077830237
"AT3G10230","AtLCY",1,"FALSE","Non DTG",11.66429628,6.698136497,26.88068876,25.05123306,-0.147111178,0.897444228,-0.419843265,0.754489831,0.433928475,0.267377517,-0.698579101,0.0617636372895162
"AT3G10260","RTNLB8",1,"TRUE","Non DTG",3.696800374,2.607279363,11.85143255,6.696051713,0.16816779,0.926727442,-0.004051385,0.999363834,0.311928567,0.389375631,0.319946913,-0.00068131246188915
"AT3G10350","AtGET3b",1,"TRUE","Non DTG",3.51427106,4.834439816,12.33135251,13.85574939,0.203952344,0.846075218,0.44202885,0.901612329,0.284986668,0.348912187,0.29196956,0.0901528200731244
"AT3G10360","APUM4",1,"TRUE","Non DTG",3.474695863,3.700746522,4.082228817,5.593845637,0.329174485,0.700851044,0.189805131,0.957770699,0.851176163,0.661574659,-0.363553774,0.0624790062472825
"AT3G10640","VPS60.1",1,"FALSE","Buffered_S",7.444845169,17.353232,18.40501392,28.18574247,1.054659945,0.019741687,0.855885578,0.32811329,0.404500926,0.615674113,0.606023906,0.902668236619773
"AT3G10740","ARAF",1,"FALSE","Non DTG",6.944516662,6.764094979,10.25361073,12.00681121,0.38760516,0.609974968,-0.217393567,0.938422258,0.67727524,0.563354821,-0.265698384,-0.0842628683200057
"AT3G10840",NA,1,"TRUE","Non DTG",3.78825575,3.023289035,11.09062948,8.603847966,-0.260511899,0.786855874,-0.232522068,0.964026953,0.341572654,0.351388012,0.040872495,0.0605747654940871
"AT3G10920","ATMSD1",1,"TRUE","Non DTG",13.47712875,17.00171193,73.70054626,66.62190437,-0.095829323,0.891654636,0.378148066,0.872376563,0.18286335,0.255197027,0.480845571,-0.0362376731585393
"AT3G11400","ATEIF3G1",1,"TRUE","Non DTG",8.457450222,6.351014057,31.71091306,32.50367403,0.246558366,0.598132091,-0.211149187,0.964026953,0.266704721,0.195393728,-0.448859201,-0.0520605985289484
"AT3G11410","AHG3",1,"TRUE","Non DTG",9.896889536,3.298913617,14.05147961,11.44997257,0.163769366,0.891951865,-1.302108121,0.09829769,0.704330776,0.288115416,-1.289606265,-0.213245421439621
"AT3G11510",NA,1,"TRUE","Non DTG",20.47903159,22.55936122,120.4105954,148.9444293,0.205597362,0.58061909,0.026489827,0.993889967,0.170076658,0.151461598,-0.167233097,0.00544623855103637
"AT3G11660","NHL1",1,"FALSE","Non DTG",7.331005221,4.136097694,16.56825565,8.925091928,-0.365011305,0.805625602,-0.641935552,0.777333771,0.442472966,0.46342354,0.066742015,0.234313733561415
"AT3G11710","ATKRS-1",1,"TRUE","Non DTG",8.878561481,8.367837203,23.17207089,23.71579461,0.044610249,0.975009112,-0.03581146,0.992589008,0.383157877,0.352838154,-0.118932387,-0.00159755814765354
"AT3G11730","ATFP8",1,"FALSE","Non DTG",2.061817103,2.940219096,11.37576101,16.90806506,0.392001645,0.618266205,1.176035551,0.400931384,0.181246521,0.173894475,-0.059741205,0.461007870570481
"AT3G11780",NA,1,"TRUE","Non DTG",7.278793886,8.963983764,45.47553972,41.50647748,0.291987806,0.68647964,0.430615149,0.899651201,0.160059538,0.2159659,0.432194884,0.125734372586873
"AT3G11945","ATHST",1,"TRUE","Non DTG",14.46883235,12.22800297,26.61875621,29.6188396,0.225245926,0.82885049,-0.12882211,0.969425022,0.543557792,0.412845444,-0.39683165,-0.0290166554562239
"AT3G12110","ACT11",1,"TRUE","Non DTG",3.203476794,5.529964023,13.5724466,10.32488942,-0.22061556,0.808906732,0.662798802,0.737099472,0.236027953,0.535595472,1.182186032,-0.146223728870559
"AT3G12200","AtNek7",1,"FALSE","Non DTG",2.986422907,2.408778783,6.507324352,6.713564368,-0.123317684,0.935926433,0.005266205,0.999096263,0.458932542,0.358792833,-0.355131035,-0.00064941620406922
"AT3G12300","AtBUG22",1,"TRUE","Non DTG",3.653261391,4.186374767,17.05612002,8.6461425,-0.879810915,0.087312976,0.019736491,0.996883172,0.214190648,0.484189888,1.176677462,-0.0173643802055993
"AT3G12610","DRT100",1,"TRUE","Non DTG",3.019229974,1.654429407,6.902224147,4.015816343,-0.470941929,0.770024838,-1.204077322,0.291526199,0.437428561,0.411978354,-0.086478882,0.567050496687834
"AT3G12670","CTPS2",1,"FALSE","Non DTG",3.354105583,3.682919309,8.430349841,10.52451241,0.331774005,0.697944685,0.624185373,0.728844317,0.397860782,0.349937286,-0.185167305,0.207088481062629
"AT3G12980","ATHPCAT4",1,"TRUE","Non DTG",2.224988097,1.792275503,2.733271105,3.545038293,0.219253632,0.91429777,-0.19634829,0.957926244,0.814038568,0.50557296,-0.687177845,-0.0430500757194893
"AT3G13070",NA,1,"TRUE","Non DTG",2.99467934,2.578356321,6.69208683,8.676786749,0.428006293,0.807871917,-0.197285177,0.964026953,0.447495589,0.297155663,-0.590654587,-0.0844392972716189
"AT3G13330","PA200",1,"TRUE","Non DTG",4.590691257,5.270412659,7.485836909,6.876667269,-0.001191859,0.998866977,0.274905152,0.841911044,0.613250237,0.766419612,0.321658593,-0.000327648179557568
"AT3G13410",NA,1,"TRUE","Non DTG",13.03482146,13.50502704,39.38624447,31.66515448,-0.180210903,0.697063737,0.20420064,0.935505558,0.330948575,0.426494905,0.365921449,-0.0367991817275779
"AT3G13470","Cpn60beta2",1,"TRUE","Non DTG",5.671454812,2.79397291,13.42840226,8.250817431,-0.661269328,0.315278835,-0.948605742,0.192434541,0.4223477,0.338629831,-0.318722126,0.627283881549281
"AT3G13490","ATKRS-2",1,"FALSE","Non DTG",4.880793467,2.247668017,10.42749785,7.668492929,-0.247406213,0.838982095,-0.730842284,0.598051705,0.468069477,0.293104269,-0.675308708,0.18081492178471
"AT3G13720","PRA1.F3",1,"TRUE","Non DTG",13.80241537,8.979030846,46.51032423,35.7344713,-0.446851845,0.292173458,-0.492492411,0.844904665,0.296760248,0.251270846,-0.240054561,0.220071142503848
"AT3G13750","BGAL1",1,"FALSE","Buffered",88.24941157,100.631247,154.1353102,120.1071,-0.278526465,0.000271687,0.319500606,0.023161558,0.572545068,0.837845948,0.549295745,-0.0889893743545378
"AT3G13772","AtTMN7",1,"TRUE","Buffered_S",1.946774814,3.308693522,7.84310276,4.348237838,-1.002099224,0.039772229,0.364299329,0.920224397,0.248214881,0.760927448,1.616169296,-0.365064074894621
"AT3G13790","ATBFRUCT1",1,"TRUE","Non DTG",6.878669075,8.066212163,15.09190177,18.17103089,0.417756021,0.151727409,0.237822541,0.93175614,0.455785439,0.443905038,-0.038103752,0.0993517984322694
"AT3G13870","GOM8",1,"TRUE","Non DTG",6.097800197,5.805782955,9.888427749,8.499620762,-0.385565328,0.390499862,-0.111881471,0.97421589,0.616660237,0.683063764,0.147544439,0.0431376160632375
"AT3G14050","AT-RSH2",1,"TRUE","Forwarded",46.17494165,81.16861328,81.18585663,182.3810398,1.232733457,2.28102e-53,0.879372318,1.07661e-08,0.568755982,0.445049624,-0.353843605,1.08403167755824
"AT3G14075",NA,1,"FALSE","Non DTG",2.614953712,4.015058653,6.187308551,10.12536009,0.616900204,0.351023295,0.401020414,0.901612329,0.422631859,0.3965349,-0.091953676,0.247389575204764
"AT3G14090","ATEXO70D3",1,"FALSE","Buffered_S",5.225902841,5.863405161,8.601339183,14.48818751,0.984362149,0.000128983,0.147832025,0.97421589,0.607568511,0.404702462,-0.586185473,0.145520249820022
"AT3G14290","PAE2",1,"TRUE","Non DTG",3.853898128,2.075931448,9.868028453,8.285652173,-0.105740111,0.956311975,-0.720511503,0.823006316,0.390543881,0.250545329,-0.640413016,0.0761869663039968
"AT3G15060","AtRABA1g",1,"TRUE","Non DTG",7.30087975,9.632867781,23.27524834,24.98093976,0.281505997,0.591967925,0.397292966,0.906973926,0.313675697,0.385608703,0.297863856,0.111840352494917
"AT3G15353","ATMT3",1,"FALSE","Non DTG",170.3222086,128.7520402,1835.713961,2099.390582,0.241034947,0.075771502,-0.282260811,0.755324829,0.092782543,0.061328293,-0.597300592,-0.068034719619562
"AT3G15360","ATHM4",1,"TRUE","Non DTG",63.97969957,53.14484662,338.9575521,304.7585276,-0.086209414,0.711636028,-0.335532741,0.69286726,0.188754312,0.17438346,-0.114246391,0.0289260809794238
"AT3G15480",NA,1,"FALSE","Non DTG",8.395747762,11.75249265,31.81759386,24.92346991,-0.441282907,0.468875716,0.614624154,0.721999568,0.263871234,0.471543196,0.83755585,-0.271223133389536
"AT3G15530",NA,1,"TRUE","Non DTG",12.99012634,7.535489953,27.50354781,24.96165024,-0.202291333,0.708528969,-0.290642802,0.906973926,0.472307298,0.301882683,-0.645737824,0.0587945198434351
"AT3G15660","ATGRX4",1,"TRUE","Non DTG",3.602083408,4.85488002,13.41388134,20.646315,0.489970306,0.492217209,0.582333369,0.876460377,0.268534015,0.23514511,-0.191553509,0.285326059002941
"AT3G15710",NA,1,"TRUE","Non DTG",3.881744032,4.344167562,13.07004927,9.563067932,0.114419214,0.955342697,-0.039985862,0.993889967,0.296995363,0.454265053,0.613093914,-0.00457515090115247
"AT3G16000","MFP1",1,"TRUE","Non DTG",12.02075823,10.61571307,22.40559355,13.64682884,-0.553253027,0.232317401,-0.135049461,0.956206514,0.53650702,0.777888636,0.535966581,0.0747165230929685
"AT3G16140","PSAH-1",1,"TRUE","Non DTG",211.9092094,189.1040026,1115.39931,1322.829965,0.331492248,1.97782e-07,0.041639914,0.977375972,0.189985064,0.142954127,-0.410333735,0.0138033086983867
"AT3G16350","NID1",1,"TRUE","Non DTG",3.603627603,2.537824472,8.606125123,7.120526423,-0.195938305,0.865868378,-0.638720322,0.804946008,0.418728237,0.35640967,-0.232477731,0.125149777261734
"AT3G16370",NA,1,"FALSE","Non DTG",79.60577797,67.24187558,142.2362565,127.5745908,-0.078871753,0.839877405,-0.204246517,0.76437457,0.559672899,0.527078905,-0.086564937,0.0161092808399343
"AT3G16480","MPPalpha",1,"TRUE","Non DTG",4.957832808,3.59660198,8.737246061,6.884094058,-0.401705245,0.782154576,-0.204191187,0.96168669,0.567436555,0.522451023,-0.119163297,0.0820246708006758
"AT3G16830","TPR2",1,"TRUE","Buffered_S",6.427770597,5.022638369,9.032207407,12.25819117,0.513372855,0.037201341,-0.267969966,0.898851552,0.711650022,0.409737318,-0.796468626,-0.137568506499673
"AT3G17020",NA,1,"TRUE","Non DTG",8.873280919,8.062637902,38.65463202,46.61121394,0.188205239,0.822593302,0.060742878,0.991004798,0.229552849,0.172976355,-0.408251495,0.0114321278715378
"AT3G17390","AtSAMS3",1,"TRUE","Non DTG",122.9386409,110.1132402,340.6997577,394.3795756,0.320373528,0.005623552,-0.052762079,0.964811001,0.360841586,0.279206244,-0.370034407,-0.0169035733938447
"AT3G17510","CIPK1",1,"FALSE","Non DTG",4.320528956,5.64212304,12.86618668,16.27243343,0.515718432,0.170864817,0.689986529,0.652615479,0.335804933,0.346728906,0.046184692,0.355838770837003
"AT3G17750","DYRKP-1",1,"FALSE","Non DTG",2.084254422,2.194683877,3.724438365,2.839767101,-0.124318636,0.932395763,0.357943466,0.906973926,0.559615764,0.772839391,0.465732026,-0.0444990434582324
"AT3G17780",NA,1,"FALSE","Non DTG",2.967796715,3.281165561,15.36544454,26.05716045,0.568364053,0.51706976,0.366307564,0.946445691,0.193147469,0.125921839,-0.617174255,0.208196051719597
"AT3G17800",NA,1,"TRUE","Non DTG",57.03222059,47.66485327,178.2654595,119.441184,-0.504150469,0.000642905,-0.079078822,0.953728363,0.31992861,0.399065479,0.318875472,0.0398676251992675
"AT3G17810","PYD1",1,"TRUE","Non DTG",9.962714285,8.039171393,21.75846109,24.43944795,0.33558501,0.31452634,-0.243345344,0.936826375,0.457877708,0.32894243,-0.477127215,-0.0816630496996934
"AT3G17850","IREH1",1,"FALSE","Non DTG",4.929583821,5.1907854,7.303431712,5.62999202,-0.38158289,0.421696153,0.11431507,0.970346925,0.674968154,0.921988056,0.449928626,-0.0436206747811523
"AT3G17930","DAC",1,"TRUE","Non DTG",5.243038257,4.821176488,24.31586615,24.16091641,-0.413607975,0.811861051,0.09300494,0.988906775,0.215622106,0.199544438,-0.111795023,-0.0384675848983965
"AT3G18060",NA,1,"TRUE","Non DTG",9.242744005,6.111487291,13.73740379,18.85363111,0.384746517,0.54488933,-0.319148134,0.869605019,0.672815922,0.32415439,-1.053530737,-0.122791132963549
"AT3G18190","CCT4",1,"TRUE","Non DTG",4.801796369,2.637055135,10.65134135,11.72527853,0.159453984,0.898625843,-0.504192413,0.811572355,0.450816119,0.224903411,-1.00323356,-0.0803954889554234
"AT3G18370","ATSYTF",1,"FALSE","Non DTG",4.690100382,8.482825441,9.471908652,16.3672438,0.667911999,0.25291994,0.863841548,0.171773562,0.495158954,0.518280631,0.06584175,0.576970135143934
"AT3G18535",NA,1,"TRUE","Non DTG",4.943244731,5.375942133,4.582466744,5.420986551,-0.349751015,0.857511431,0.100928528,0.987703677,1.078730083,0.991690734,-0.121371741,-0.0352998551104559
"AT3G18890","AtTic62",1,"FALSE","Non DTG",20.02285038,18.26373116,42.19795569,33.44230093,-0.190906962,0.423935217,-0.071991783,0.978408005,0.474498114,0.546126632,0.202833159,0.0137437325814932
"AT3G19260","LAG1",1,"FALSE","Non DTG",2.119179227,2.216815034,4.910813075,8.633498105,0.75194898,0.298361192,-0.163517682,0.984337283,0.43153327,0.256769042,-0.749000525,-0.122956954191864
"AT3G19340",NA,1,"TRUE","Non DTG",3.23916472,3.922063245,8.312426209,6.649701629,-0.214780477,0.863700295,0.281418952,0.943661442,0.38967741,0.58981041,0.597970985,-0.0604432967474001
"AT3G19420","ATPEN2",1,"TRUE","Non DTG",4.543984966,5.466879762,14.56560232,12.88355906,-0.14298129,0.844747327,0.389176193,0.871450789,0.311966843,0.424329934,0.443793754,-0.055644914112429
"AT3G19450","ATCAD4",1,"FALSE","Non DTG",16.52118899,17.22141518,62.69388272,67.73155557,0.171921445,0.57868007,0.103455619,0.971910818,0.263521547,0.25425985,-0.051617265,0.0177862395118495
"AT3G19710","BCAT4",1,"TRUE","Non DTG",3.733353487,3.32517323,10.77353584,14.1552051,0.456083651,0.435963245,0.28845653,0.941363014,0.346530011,0.234908163,-0.560883451,0.131560307357191
"AT3G19760","EIF4A-III",1,"TRUE","Non DTG",9.335468251,6.972830698,22.82932271,20.21960101,-0.30758773,0.536672845,-0.038229179,0.991579971,0.408924451,0.344855009,-0.245844405,0.0117588263883737
"AT3G19800","DUF177B",1,"TRUE","Non DTG",7.968190294,4.831350424,33.32939446,35.88113587,0.415977799,0.505672135,-0.703491696,0.749215808,0.239073959,0.134648759,-0.82825606,-0.292636927316857
"AT3G19820","CBB1",1,"TRUE","Non DTG",16.82213241,14.55388817,31.78628294,27.66987935,-0.023913846,0.981376755,-0.121999102,0.964026953,0.529226158,0.525983073,-0.008868001,0.00291746773736629
"AT3G20000","TOM40",1,"TRUE","Non DTG",4.3621139,1.800393476,8.044568866,7.704192544,0.099621603,0.957919572,-0.150668762,0.979577318,0.542243341,0.233690093,-1.214343854,-0.0150098635924655
"AT3G20060","UBC19",1,"FALSE","Non DTG",9.090093017,10.04197151,35.86546832,23.67940901,-0.584021728,0.238112598,0.53505866,0.785777025,0.253449723,0.424080327,0.742637968,-0.312485883194564
"AT3G20310","ATERF-7",1,"TRUE","Non DTG",8.542566338,4.49794728,49.52507047,61.34447277,0.432349248,0.205445421,-0.651673318,0.69357343,0.172489736,0.07332278,-1.234177128,-0.281750468978965
"AT3G20500","ATPAP18",1,"TRUE","Non DTG",9.261838176,10.16373738,23.23754033,22.52100739,0.08025714,0.931194938,0.169699837,0.968936277,0.398572226,0.451300299,0.179246554,0.0136196235760862
"AT3G20870","ZTP29",1,"FALSE","Non DTG",2.584271511,1.705922519,5.867426107,9.794627872,0.268701798,0.890915466,-0.039313323,0.996057284,0.44044381,0.174169202,-1.338468442,-0.0105635605754548
"AT3G21110","ATPURC",1,"FALSE","Non DTG",2.024493161,2.075162365,4.830253275,7.594012935,0.341730319,0.774339263,0.477959329,0.906973926,0.419127745,0.273262948,-0.617100167,0.163333193968196
"AT3G21690",NA,1,"FALSE","Non DTG",9.648379644,5.30885796,12.39749844,11.1523204,-0.098821775,0.956311975,-0.782541313,0.464754435,0.778252136,0.476031693,-0.709180004,0.0773321215614906
"AT3G21865","PEX22",1,"TRUE","Non DTG",5.418436285,4.55877053,15.61528716,12.28188344,-0.44779267,0.579742014,0.202800798,0.968916847,0.346995622,0.371178456,0.097195513,-0.0908127108145507
"AT3G22060",NA,1,"FALSE","Forwarded",23.8561175,61.31819004,109.7837873,266.0348512,1.332289531,4.8918e-23,1.485034694,2.34047e-08,0.217300916,0.230489313,0.085005605,1.97849617598799
"AT3G22200","GABA-T",1,"TRUE","Non DTG",6.501124851,7.04873173,16.39982703,21.16506644,0.469265759,0.213270732,0.15042312,0.969223621,0.396414233,0.333036126,-0.251330081,0.0705884195779481
"AT3G22230",NA,1,"TRUE","Non DTG",12.8569058,10.67329985,101.2418304,75.25887037,-0.352638512,0.37253081,-0.30758099,0.943207839,0.126992032,0.141821154,0.159334759,0.108464902633087
"AT3G22231","PCC1",1,"TRUE","Exclusive",27.07543384,10.59219412,140.1402654,88.2586657,-0.377653778,0.252265643,-1.344984613,0.00726061,0.193202387,0.120013078,-0.686921295,0.507938520451318
"AT3G22270","AtPAT1H1",1,"FALSE","Non DTG",3.115680846,1.760657761,6.950062706,6.739203472,0.005342397,0.998015115,-0.448725073,0.871450789,0.448295358,0.261256062,-0.778985046,-0.00239726748381998
"AT3G22320","ATRPABC24.3",1,"FALSE","Non DTG",3.616432901,3.110474016,16.02463251,9.250392041,-0.394888056,0.590182277,-0.032812748,0.996883172,0.225679615,0.33625321,0.575271928,0.0129573622697379
"AT3G22370","AOX1A",1,"FALSE","Forwarded",6.788332062,18.4315027,20.47661354,55.53749859,1.439227479,0.000227882,1.163931845,0.002887018,0.331516344,0.331874916,0.001559594,1.67516269500717
"AT3G22680","DMS7",1,"TRUE","Non DTG",2.505831796,6.151992455,13.413251,7.99352059,-0.63794584,0.610098954,0.429595156,0.927873246,0.186817633,0.769622394,2.042520151,-0.274058442654351
"AT3G22750",NA,1,"FALSE","Non DTG",1.208495165,1.936062269,3.267032883,5.478183289,0.363505027,0.824582091,0.761388498,0.786434957,0.36990603,0.353413197,-0.065802908,0.276768546522979
"AT3G22845",NA,1,"TRUE","Non DTG",4.377622555,5.523804278,17.23712279,15.3381998,-0.299100941,0.882723349,-0.129803981,0.984477763,0.253964807,0.360133807,0.503904447,0.0388244928626461
"AT3G22950","ARFC1",1,"TRUE","Non DTG",9.105389887,8.733574303,18.54928551,19.21516989,0.324127908,0.74093476,0.213030024,0.967951052,0.490875505,0.45451455,-0.111030696,0.0690489760203098
"AT3G22980",NA,1,"TRUE","Non DTG",1.855980373,1.249034177,2.05048994,2.744012537,0.388094593,0.802876234,-0.490808188,0.881484854,0.905139955,0.455185303,-0.991686908,-0.190480003962927
"AT3G23300",NA,1,"FALSE","Non DTG",2.881923558,2.40707418,6.265442257,2.881596732,-1.036741955,0.132652911,0.1638643,0.970346925,0.45997129,0.835326523,0.860796431,-0.169884994736707
"AT3G23310","NDR3",1,"TRUE","Non DTG",1.938916869,2.040128911,6.325496423,5.07641482,-0.32666377,0.862348251,-0.135192252,0.982744851,0.306524064,0.401883806,0.390778109,0.04416241071311
"AT3G23390","RPL36aA",1,"TRUE","Non DTG",15.56228843,10.10514104,62.73036078,36.85162457,-0.688595064,0.033277614,-0.448299456,0.893289199,0.24808224,0.274211548,0.144470873,0.308696792595485
"AT3G23620","ARPF2",1,"TRUE","Non DTG",2.265513162,2.177574601,9.016814857,4.110520528,-0.950146818,0.294423179,-0.569536625,0.884952175,0.251254262,0.529756411,1.076181073,0.541143411978209
"AT3G23690","CIL2",1,"TRUE","Non DTG",2.591300652,2.481971052,4.859873491,5.810606623,0.294275878,0.83713758,0.164928656,0.980146033,0.533203314,0.427144912,-0.319960152,0.04853452505176
"AT3G23805","RALFL24",1,"TRUE","Non DTG",2.305837132,2.654845293,15.65681336,9.917455921,-0.640513996,0.586645579,0.017478465,NA,0.147273719,0.267694186,0.862085803,-0.0111952014610961
"AT3G23810","ATSAHH2",1,"TRUE","Non DTG",20.33324728,12.66957658,52.90011286,44.48541934,-0.202848605,0.388469033,-0.579059681,0.314698285,0.384370584,0.284802903,-0.432534078,0.117461448502595
"AT3G24050","GATA1",1,"FALSE","Non DTG",6.654341237,10.44518243,33.01563911,47.74992723,0.543934539,0.04443149,0.566976672,0.767121696,0.201551187,0.218747609,0.118120974,0.308398194708074
"AT3G24170","ATGR1",1,"TRUE","Non DTG",10.07400284,12.47701788,25.14053454,15.85352868,-0.514635351,0.099438263,0.252964976,0.901612329,0.400707583,0.787018343,0.973847449,-0.130184719214467
"AT3G24180",NA,1,"TRUE","Non DTG",8.214714603,6.772246042,12.32505896,14.08979341,0.215513144,0.738029668,-0.298228062,0.831990072,0.666505096,0.480649066,-0.471631976,-0.0642720672706469
"AT3G24190",NA,1,"TRUE","Non DTG",16.03367619,11.88509672,35.80255742,27.91478496,-0.307317299,0.12687491,-0.379801652,0.648739801,0.447836058,0.425763506,-0.072918397,0.116719617848378
"AT3G24200","COQ6",1,"TRUE","Non DTG",2.198476608,1.808171446,6.236826065,4.879226867,-0.389524401,0.770385435,-0.214526684,0.970346925,0.352499266,0.370585647,0.072186754,0.0835633780836163
"AT3G24350","ATSYP32",1,"TRUE","Buffered_S",4.508872032,4.105604918,18.99062357,6.263299984,-1.47117344,0.000179861,0.038271894,0.993889967,0.237426223,0.655501881,1.465120633,-0.0563045939512954
"AT3G24480","LRX4",1,"TRUE","Non DTG",29.80929678,21.85317698,23.54066214,21.38556786,-0.135520893,0.857511431,-0.446414734,0.434524017,1.266289648,1.02186564,-0.309401926,0.0604985234000375
"AT3G24503","ALDH1A",1,"FALSE","Non DTG",8.85558643,10.57784593,17.87765552,22.82770326,0.470574015,0.338407906,0.222304476,0.936826375,0.495343834,0.463377582,-0.096242046,0.104610709823791
"AT3G24550","ATPERK1",1,"FALSE","Non DTG",22.21505167,23.22819007,38.55163013,43.50431693,0.317039302,0.054982269,0.158922877,0.926930596,0.576241565,0.533928394,-0.110027454,0.0503847979959119
"AT3G25470",NA,1,"TRUE","Non DTG",5.065127665,7.154607488,20.88210897,9.992012775,-0.860630744,0.176943057,0.403792599,0.901612329,0.242558243,0.71603266,1.561694185,-0.347516324899064
"AT3G25480",NA,1,"TRUE","Non DTG",2.619688459,3.247464496,11.20499612,5.644724344,-0.660199338,0.253211348,0.085372016,0.988909536,0.233796463,0.575309669,1.299085614,-0.0563625484469254
"AT3G25770","AOC2",1,"TRUE","Non DTG",36.64257922,20.1279669,109.3999871,74.55374063,-0.443100392,0.107864617,-0.677077917,0.18165401,0.334941349,0.269979303,-0.311059678,0.300013490437243
"AT3G26070","FBN3a",1,"FALSE","Non DTG",10.81865813,11.38653315,48.35830035,70.8855787,0.265719562,0.268788426,0.105332796,0.982876393,0.223718742,0.160632577,-0.477921621,0.0279889844173554
"AT3G26420","ATRZ-1A",1,"TRUE","Non DTG",14.13948357,9.916553794,39.94499856,44.22415515,NA,NA,NA,NA,0.353973816,0.224233878,-0.658638386,NA
"AT3G26580",NA,1,"TRUE","Non DTG",8.796197197,10.83064706,18.26466593,23.57035664,0.418746854,0.511547455,0.297912336,0.927958111,0.481596391,0.459502893,-0.067750637,0.124749853467791
"AT3G26618","ERF1-3",1,"TRUE","Non DTG",2.519407383,1.043580703,4.615238591,5.740982163,0.044086167,0.989208264,-0.270083528,0.961585417,0.545888871,0.181777381,-1.58643459,-0.0119069475193572
"AT3G26710","CCB1",1,"FALSE","Non DTG",8.089594925,10.49684964,39.01529523,29.05021154,-0.381487098,0.641903162,0.539921594,0.786434957,0.207344194,0.361334706,0.801308185,-0.205973122042594
"AT3G26740","CCL",1,"TRUE","Non DTG",8.214688698,8.600882637,64.01962395,74.71325423,0.381020429,0.238166882,0.271075905,0.949357573,0.128315166,0.115118565,-0.156571184,0.103285457614663
"AT3G26810","AFB2",1,"FALSE","Non DTG",3.975507099,1.876112657,6.520132666,5.472647444,-0.481272575,0.729490525,-0.929432727,0.490260891,0.609727946,0.342816283,-0.830730034,0.447310481812562
"AT3G26980","MUB4",1,"TRUE","Buffered_S",15.62421256,13.45240616,66.03561947,147.1252689,0.989325735,8.71644e-10,0.266184351,0.939410539,0.236602801,0.091435049,-1.371647963,0.263343028698573
"AT3G27020","AtYSL6",1,"TRUE","Non DTG",6.735349511,7.040719669,14.23926863,13.97396727,0.007653927,0.996592681,0.037503714,0.991758891,0.473012322,0.503845439,0.09110347,0.000287050689184878
"AT3G27050",NA,1,"TRUE","Non DTG",7.727599132,4.714980429,21.07106387,10.01989542,-1.067428582,0.249110098,-0.574710066,0.871161675,0.366739866,0.470561841,0.359627233,0.613461950811506
"AT3G27210",NA,1,"TRUE","Non DTG",4.20858927,2.927799879,15.54086698,13.86631949,-0.084524633,0.972678506,-0.370913637,0.93175614,0.270807882,0.211144701,-0.35903769,0.0313513390421202
"AT3G27390",NA,1,"FALSE","Non DTG",2.965395269,1.984383867,4.819251237,4.546312106,-0.051843139,0.983396337,-0.498495351,0.889332759,0.615322822,0.436482103,-0.495421002,0.0258435637727468
"AT3G27530","GC6",1,"TRUE","Non DTG",2.838490333,2.388849699,3.950298713,7.056430205,0.651622805,0.306967647,-0.199715722,0.964026953,0.718550808,0.338535156,-1.085784511,-0.13013931897224
"AT3G27740","CARA",1,"TRUE","Non DTG",8.331136931,6.739122199,16.52800615,12.31891787,-0.363555045,0.741246049,-0.329034638,0.906973926,0.504061824,0.547054723,0.118084461,0.119622202624649
"AT3G27770","HUP53",1,"FALSE","Non DTG",11.38930432,9.095556563,39.00401603,22.22411762,-0.589673161,0.422315237,-0.125004572,0.98470705,0.292003375,0.409265138,0.487050736,0.0737118411106921
"AT3G28340","GATL10",1,"TRUE","Forwarded",7.824791516,25.67879805,17.30812776,44.36587898,1.383924159,1.89576e-10,1.714956516,2.97873e-06,0.452087691,0.578796107,0.35645258,2.37336975412687
"AT3G28860","ABCB19",1,"TRUE","Forwarded",10.04565512,17.0230281,12.89397854,17.75909549,0.615452373,0.000184836,0.755918775,0.002262391,0.779096622,0.958552653,0.299055421,0.465232003869003
"AT3G28940",NA,1,"TRUE","Non DTG",10.47496055,16.56250783,61.45536016,79.85655583,0.577862521,0.005979577,0.120862029,0.977375972,0.170448282,0.207403233,0.283104323,0.0698416367711151
"AT3G29075",NA,1,"FALSE","Non DTG",6.382530263,3.683776276,14.20369479,10.54495762,-0.37068795,0.805429942,-0.270488954,0.952358219,0.449357041,0.349340074,-0.363230059,0.100266995855904
"AT3G29200","ATCM1",1,"TRUE","Non DTG",4.224140165,3.9636133,11.88632793,10.64810119,-0.058017351,0.981304994,-0.171096161,0.97690286,0.35537806,0.37223663,0.066865413,0.00992654602748951
"AT3G29320","PHS1",1,"TRUE","Non DTG",5.126904307,5.800797768,6.270789393,5.047037624,-0.214381593,0.778887704,0.188727594,0.944612982,0.817585153,1.149347043,0.491373579,-0.0404597222447772
"AT3G29360","UGD2",1,"TRUE","Non DTG",25.14262637,26.40781046,65.5293588,68.17968305,0.196225024,0.648203804,0.209263531,0.831678637,0.383684914,0.387326683,0.013628851,0.0410627413927997
"AT3G29400","ATEXO70E1",1,"FALSE","Buffered_S",4.76311492,5.179743355,6.120984046,14.69225065,1.243082617,0.000612533,0.119393665,0.982876393,0.77816163,0.352549346,-1.14224464,0.148416189541421
"AT3G30390",NA,1,"TRUE","Non DTG",22.43926484,23.73796387,49.78255463,51.5724387,0.104372409,0.840319859,0.111547303,0.96219347,0.450745547,0.460283913,0.03021078,0.0116424607315629
"AT3G42050","VHA-H",1,"TRUE","Non DTG",20.68096345,20.5296318,52.82661816,46.98858979,-0.055781648,0.931860502,0.055348541,0.985607912,0.391487552,0.436906745,0.15835894,-0.00308743283137557
"AT3G42170","DAYSLEEPER",1,"TRUE","Non DTG",3.602375706,3.539434699,8.593636987,6.528727877,-0.363479473,0.603934382,0.403550171,0.871161675,0.419191049,0.542132367,0.371037231,-0.14668220348414
"AT3G43540",NA,1,"TRUE","Non DTG",8.628015144,9.047152649,25.28899746,18.68676214,-0.481444461,0.114565933,0.321343015,0.906973926,0.341176638,0.484147686,0.504928335,-0.15470881465279
"AT3G43720","LTPG2",1,"TRUE","Non DTG",11.82622327,12.9766327,79.94860556,63.39788475,-0.304556513,0.640343768,0.120944894,0.985025614,0.147922821,0.204685578,0.468564813,-0.0368345551817946
"AT3G44190",NA,1,"TRUE","Non DTG",5.069471028,5.103554194,17.71674094,15.0692916,-0.332267867,0.465701978,0.262677279,0.936826375,0.286140157,0.338672469,0.243168736,-0.0872792192026939
"AT3G44310","ATNIT1",1,"TRUE","Non DTG",26.07449175,23.69677559,80.38995953,68.83926954,-0.202095414,0.590182277,0.089888143,0.970346925,0.324350104,0.344233397,0.085835169,-0.0181659814732762
"AT3G44600","AtCYP71",1,"TRUE","Non DTG",2.464391032,2.150745842,3.756579339,4.481111768,0.084469813,0.975637162,-0.050537028,0.993235243,0.656019961,0.479958089,-0.45083128,-0.00426885330473576
"AT3G44880","ACD1",1,"TRUE","Non DTG",6.739640924,4.898050377,15.70266935,11.29448152,-0.453748108,0.550869377,-0.187884378,0.963685245,0.429203518,0.433667572,0.014927668,0.0852521810402568
"AT3G45190",NA,1,"TRUE","Non DTG",4.218776152,2.951183021,8.499515699,7.2245744,-0.170190759,0.865386394,-0.304019225,0.922062997,0.496354887,0.408492301,-0.281063108,0.0517412626533418
"AT3G45640","ATMAPK3",1,"TRUE","Forwarded",61.13523924,176.0879677,133.6521829,411.4580782,1.71793443,1.37915e-64,1.612714469,1.1331e-32,0.457420432,0.427960896,-0.09604183,2.77053771205427
"AT3G46000","ADF2",1,"FALSE","Non DTG",9.43122311,7.21070699,38.79021838,29.26567056,-0.179074732,0.81527405,-0.068285278,0.989950827,0.243134056,0.246387896,0.019179399,0.0122281678573955
"AT3G46010","ADF1",1,"FALSE","Non DTG",13.42325346,13.27653227,46.84145314,60.06365076,0.170203598,0.858128988,-0.083169463,0.987703677,0.286567827,0.221041047,-0.374562346,-0.0141557418463279
"AT3G46060","ARA-3",1,"FALSE","Non DTG",6.451499548,5.031636863,23.86076593,25.14104283,0.048844765,0.967018989,-0.310131151,0.928927481,0.270381075,0.200136363,-0.434010864,-0.0151482831897745
"AT3G46530","RPP11",1,"TRUE","Non DTG",6.007754564,8.738229999,11.94029193,8.335223134,-0.436008088,0.414354524,0.495642268,0.668084604,0.503149722,1.048349859,1.059060588,-0.216104037602664
"AT3G46540",NA,1,"TRUE","Non DTG",2.707839781,2.149875552,3.607124784,3.98963501,0.222721557,0.916036097,0.090163155,0.989950827,0.750692017,0.538865221,-0.478296665,0.0200812782656323
"AT3G46590","ATTRP2",1,"FALSE","Non DTG",5.621977661,4.508051376,18.59676812,14.391561,-0.119349108,0.844109682,-0.151621117,0.972259272,0.302309392,0.313242697,0.051255073,0.0180958450679136
"AT3G46620","AtRDUF1",1,"TRUE","Forwarded",15.33336255,50.91245305,29.25299251,98.74624358,1.970060221,3.95821e-39,1.911967874,2.59898e-20,0.524163897,0.515588758,-0.023797181,3.76669185239734
"AT3G46630",NA,1,"TRUE","Non DTG",19.68036251,15.89886152,46.96447139,51.84756242,0.08055577,0.93547689,-0.450601368,0.799037822,0.419047887,0.306646268,-0.450539726,-0.0362985401622934
"AT3G47080",NA,1,"TRUE","Non DTG",3.640763167,3.62291187,14.52153232,6.914587518,-0.683002066,0.360424467,0.086545452,0.987703677,0.250714806,0.523951987,1.063387415,-0.0591107225189038
"AT3G47370",NA,1,"TRUE","Non DTG",4.998933616,4.307328965,47.15697535,48.92328087,0.205675454,0.85287545,-0.53016994,0.836101519,0.106006239,0.088042521,-0.267876827,-0.109042943106653
"AT3G47420","AtG3Pp1",1,"FALSE","Non DTG",12.10575621,6.513004208,15.06259572,6.334871257,-1.055240432,0.030452192,-0.681508184,0.500866127,0.803696549,1.028119427,0.355285066,0.719154990495695
"AT3G47520","MDH",1,"TRUE","Non DTG",11.51909608,9.594535528,29.28371656,23.86482919,-0.246880446,0.642052369,-0.170336626,0.957572781,0.393361821,0.402036631,0.031470017,0.0420527821970152
"AT3G47570",NA,1,"TRUE","Buffered_S",3.922905552,5.953567284,5.302498906,11.6265749,1.140083086,0.000291552,0.564782559,0.590792158,0.739822039,0.512065448,-0.530850063,0.643899042783697
"AT3G47730","ABCA2",1,"FALSE","Non DTG",2.183569869,2.384062558,4.901400688,8.047925425,0.726384375,0.138399007,0.083756956,0.987703677,0.445499156,0.296233182,-0.588689447,0.0608397441359625
"AT3G48000","ALDH2",1,"FALSE","Non DTG",9.262607167,15.38597199,30.01555832,33.05587028,0.21341873,0.703514477,0.66795384,0.429232958,0.308593532,0.465453545,0.592929359,0.142553860231423
"AT3G48090","ATEDS1",1,"FALSE","Forwarded",5.574582223,19.17391008,15.89921288,40.38772175,1.506135531,4.57983e-12,1.804537959,1.3595e-08,0.350620013,0.474746018,0.437247555,2.71787873708812
"AT3G48530","KING1",1,"FALSE","Non DTG",15.37274972,7.410520494,21.48819411,17.81146961,-0.197425892,0.829169633,-0.955727568,0.288162175,0.715404452,0.416053288,-0.781990776,0.188685367621391
"AT3G48730","GSA2",1,"TRUE","Non DTG",16.6502685,15.24095308,39.72286367,30.30653093,-0.206506412,0.667671451,-0.038455222,0.989950827,0.41916083,0.502893357,0.262748591,0.00794124991788346
"AT3G48740","AtSWEET11",1,"TRUE","Non DTG",16.13521912,14.4395258,53.7522074,42.46499087,-0.211746004,0.596815999,-0.270172604,0.910154017,0.300177795,0.340033649,0.179860256,0.0572079692872744
"AT3G48750","CDC2",1,"TRUE","Non DTG",7.357681006,5.748341767,14.39373161,25.22336902,0.658978934,0.060986583,-0.496533798,0.863857279,0.511172586,0.227897461,-1.165425613,-0.327205312901011
"AT3G48760","PAT5",1,"TRUE","Intensified",5.878494669,14.85797571,17.44583573,26.4558852,0.876143254,0.000110832,1.316742439,0.003157689,0.336956897,0.561613252,0.737012923,1.15365500518536
"AT3G48890","ATMAPR3",1,"TRUE","Non DTG",3.359914676,5.015581451,13.65807288,11.05595025,-0.175366573,0.934566454,0.280987139,0.957926244,0.246002105,0.453654488,0.882923272,-0.0492757516235046
"AT3G49350",NA,1,"FALSE","Non DTG",5.321784017,8.055238022,11.68789174,16.97221222,0.657825709,0.038087013,0.56657095,0.556213412,0.455324548,0.474613322,0.059857356,0.372704936882554
"AT3G49490",NA,1,"TRUE","Non DTG",4.24773171,3.631811945,7.058464154,5.611117406,-0.299934745,0.747298305,-0.153608963,0.970346925,0.60179263,0.647252888,0.105063058,0.0460726651471194
"AT3G49601",NA,1,"TRUE","Non DTG",4.183944548,2.854290261,8.200589006,4.464439425,-0.763549797,0.427001012,-0.296893512,0.936826375,0.510200492,0.639339005,0.325516823,0.226692980818217
"AT3G49680","ATBCAT-3",1,"FALSE","Non DTG",4.95220821,5.627425799,19.22883928,18.93309673,0.209534341,0.808203855,0.388737552,0.889291286,0.257540673,0.297226908,0.206764436,0.0814538667802732
"AT3G49720","CGR2",1,"TRUE","Non DTG",21.1938053,26.86089921,85.68048109,86.75191774,0.157852793,0.742228351,0.53331325,0.313692438,0.247358617,0.309628881,0.323935889,0.0841849860564072
"AT3G49790",NA,1,"TRUE","Non DTG",3.606180324,9.008629346,11.06140907,22.43252185,1.148252998,0.000691948,0.881428794,0.281437555,0.326014552,0.4015879,0.300779439,1.01210325523402
"AT3G49870","ARL8a",1,"TRUE","Non DTG",6.284046567,3.61270272,31.86085743,21.32551345,-0.822618075,0.024871151,-0.469190047,0.901612329,0.197234069,0.169407538,-0.219410712,0.3859642132723
"AT3G49910",NA,1,"TRUE","Non DTG",17.24309683,15.28521317,111.1146545,95.88283872,-0.263984223,0.404318584,-0.554423809,0.668084604,0.155182923,0.159415526,0.038822343,0.146359138431565
"AT3G49940","LBD38",1,"TRUE","Non DTG",5.31744877,6.106813546,42.44749296,27.95759347,-0.307627705,0.677743846,0.27635816,0.94482302,0.125271209,0.218431302,0.802124734,-0.0850154265188228
"AT3G50360","ATCEN2",1,"TRUE","Non DTG",3.785236005,2.598243818,7.846814969,4.698049182,-0.843346503,0.428238341,0.853241914,0.671062587,0.482391393,0.553047386,0.197198931,-0.719578584384927
"AT3G51130",NA,1,"FALSE","Non DTG",3.294664684,3.387511591,5.497175437,11.58657238,0.705703809,0.252342989,0.121526352,0.987437048,0.599337737,0.29236529,-1.035597173,0.0857616095002748
"AT3G51310","VPS35C",1,"TRUE","Buffered_S",3.513814692,3.211770137,5.912377738,2.038866099,-1.397946849,0.011034801,-0.465230553,0.863790614,0.594314986,1.575272716,1.406301949,0.650367585624878
"AT3G51460","RHD4",1,"TRUE","Non DTG",2.036269669,2.403761485,3.851715277,9.016556682,1.023538808,0.067431945,0.122119526,0.987703677,0.528665678,0.266594174,-0.987710413,0.124994074075565
"AT3G51550","FER",1,"TRUE","Non DTG",41.48459622,41.30109035,70.05817134,70.00574631,0.069163484,0.922241502,0.002314507,0.998844586,0.592145005,0.589967146,-0.005315892,0.000160079367862388
"AT3G51600","LTP5",1,"FALSE","Exclusive",78.02439082,73.38883696,634.2621247,516.2864042,-0.036840227,0.96321555,0.586781655,0.036133383,0.123016002,0.14214753,0.208543032,-0.0216171693696357
"AT3G51660","MDL3",1,"TRUE","Buffered_S",8.093839361,14.46830512,30.13977905,78.10539848,1.276150192,7.03362e-06,0.643203446,0.788384684,0.268543421,0.185240782,-0.53575362,0.820824201107962
"AT3G51730",NA,1,"TRUE","Non DTG",14.73559244,16.54874155,74.08290396,53.94237531,-0.209621771,0.566857808,0.269690779,0.913758882,0.198906788,0.306785555,0.625138047,-0.0565330587163496
"AT3G51820","ATG4",1,"TRUE","Non DTG",18.75175891,20.64131487,71.36744318,64.29790749,-0.059547633,0.912682269,0.122420545,0.953728363,0.262749485,0.32102623,0.289003248,-0.00728985368531999
"AT3G51920","ATCML9",1,"TRUE","Forwarded",41.39888515,70.84153846,143.1107189,290.9805458,1.106631985,0.000153256,0.840390113,0.033467525,0.289278717,0.243457989,-0.248787342,0.930002578923564
"AT3G52220",NA,1,"TRUE","Non DTG",3.693769954,5.081159458,10.40904247,10.42160749,-0.075611033,0.961948014,-0.389516816,0.922062997,0.354861647,0.487560049,0.458323257,0.0294517688286309
"AT3G52300","ATPd",1,"FALSE","Non DTG",13.66484503,7.326792079,74.08395206,71.90002163,0.017632773,0.991366964,0.116535968,0.976794187,0.184450811,0.101902502,-0.856046661,0.00205485227007926
"AT3G52400","ATSYP122",1,"TRUE","Intensified",52.02215165,113.6472725,177.7287295,607.341737,1.932440361,1.0848e-164,1.548963571,2.40773e-22,0.292705359,0.187122448,-0.645466522,2.99327972231909
"AT3G52430","ATPAD4",1,"TRUE","Intensified",3.201745711,8.883994366,12.21168878,21.33461207,0.962926081,0.000219007,1.186718021,0.046260117,0.262186973,0.416412276,0.667416596,1.14272173321361
"AT3G52730",NA,1,"TRUE","Non DTG",6.222048514,10.58413101,48.86479794,12.39081952,-1.433227356,0.084465564,0.369485235,0.895361484,0.127331919,0.854191362,2.745965192,-0.529556346440089
"AT3G52850","ATELP",1,"TRUE","Non DTG",4.702488784,5.459523705,13.99689901,12.34011844,0.061701222,0.970907841,0.298972004,0.917987537,0.335966472,0.442420689,0.397101586,0.0184469379905889
"AT3G52870",NA,1,"TRUE","Non DTG",3.629447411,5.88591016,14.12627676,17.53348142,0.466683646,0.240932621,0.797598062,0.502719861,0.256928805,0.335695463,0.385784393,0.372225971616694
"AT3G53110","LOS4",1,"TRUE","Non DTG",5.343604324,7.204075782,12.9482209,15.53759339,0.091016118,0.915784563,0.38458654,0.87038897,0.412690235,0.463654544,0.167990994,0.0350035739058517
"AT3G53130","CYP97C1",1,"TRUE","Non DTG",5.970836533,4.463900587,11.31750818,10.31361511,-0.015893263,0.992980458,-0.120881021,0.978293689,0.52757519,0.432816286,-0.285621936,0.00192119385846152
"AT3G53180","NodGS",1,"TRUE","Non DTG",12.07939285,15.5530878,24.08053963,43.40448347,0.937491324,3.75103e-07,0.344219479,0.777333771,0.501624674,0.358329061,-0.485323262,0.3227027751143
"AT3G53430",NA,1,"TRUE","Non DTG",17.16949346,16.63209243,157.55906,98.99358615,-0.463565875,0.101118781,-0.000869434,0.999535574,0.108971794,0.168011819,0.624607959,0.00040303993296475
"AT3G53470",NA,1,"FALSE","Non DTG",5.595847035,4.252311941,27.73902534,38.37266929,0.230111527,0.836004868,0.297017089,0.958216631,0.201731927,0.110816162,-0.864271121,0.0683470558948849
"AT3G53620","AtPPa4",1,"TRUE","Non DTG",14.35192321,10.07072267,39.02750807,38.0067738,-0.244061207,0.841562073,-0.200367316,0.953728363,0.367738652,0.264971784,-0.47284208,0.0489018889863104
"AT3G53730",NA,1,"TRUE","Non DTG",7.96507825,10.75932995,48.74249516,53.70571069,0.157601934,0.874440158,0.327131203,0.94482302,0.163411377,0.200338657,0.293932398,0.0515565102645466
"AT3G53750","ACT3",1,"TRUE","Non DTG",3.808439762,3.943601679,8.912393385,9.564850755,0.090033708,0.959145928,0.002625701,0.999363834,0.427319531,0.412301434,-0.051615781,0.000236401597129308
"AT3G53990","AtUSP",1,"TRUE","Non DTG",12.98134803,22.01691041,95.32219818,80.04292188,-0.17087272,0.775678126,0.649071958,0.534364635,0.136183893,0.275063802,1.014210215,-0.110908690939186
"AT3G54110","ATPUMP1",1,"FALSE","Non DTG",3.591197151,3.714054464,17.18647937,16.21584324,0.190383592,0.891717731,-0.096428122,0.987703677,0.208954788,0.229038626,0.132400108,-0.0183583322361742
"AT3G54200","NHL39",1,"TRUE","Non DTG",6.823916248,8.92432669,21.49895692,19.67495023,-0.041932896,0.979545203,0.392860172,0.915554809,0.317406852,0.453588273,0.515050066,-0.0164737647350181
"AT3G54300","ATVAMP727",1,"TRUE","Non DTG",3.901999496,3.528017299,9.747554547,14.82656908,0.474942465,0.740063313,-0.052005061,0.993235243,0.400305479,0.237952373,-0.750428521,-0.0246994118638154
"AT3G54400",NA,1,"TRUE","Buffered_S",8.061981464,4.470487796,18.87851241,5.499157036,-1.653226058,6.89741e-06,-0.702591401,0.652150167,0.427045378,0.812940559,0.92876049,1.16154241225993
"AT3G54600","DJ-1f",1,"FALSE","Non DTG",4.757579274,2.366318407,8.340766819,4.405694393,-0.657509398,0.576885522,-0.662616121,0.777333771,0.570400705,0.537104528,-0.086772881,0.435676326823805
"AT3G55030","PGPS2",1,"TRUE","Non DTG",2.690775759,3.700551918,9.287499169,2.277610717,-0.748030703,0.605074252,0.416336742,0.936826375,0.289720161,1.624751715,2.487487281,-0.31143266580299
"AT3G55040","GSTL2",1,"TRUE","Buffered_S",5.580418923,4.221334871,36.67081328,56.49558425,0.706193032,0.000160569,-0.140651082,0.985182478,0.152176034,0.074719731,-1.026179997,-0.0993268140516606
"AT3G55140",NA,1,"TRUE","Non DTG",3.424619154,1.520438553,5.767776131,8.152702083,0.831690423,0.382190547,-0.177645216,0.978174374,0.59375036,0.186495046,-1.670719172,-0.147745824838966
"AT3G55280","RPL23A2",1,"TRUE","Non DTG",7.497170897,8.013382113,36.21794879,19.00229111,-0.372074039,0.842622026,0.210730483,0.970346925,0.207001532,0.421706102,1.02659645,-0.0784073419502308
"AT3G55330","PPL1",1,"TRUE","Non DTG",26.32634659,23.5022278,81.82399544,73.0327383,-0.064640243,0.934623098,-0.135230684,0.970346925,0.321743597,0.321804007,0.000270852,0.00874134427481621
"AT3G55440","ATCTIMC",1,"TRUE","Non DTG",58.30366698,48.36384691,148.845524,136.8896651,-0.036354721,0.932185692,-0.009279214,0.996883172,0.39170588,0.35330532,-0.148855313,0.000337343236069294
"AT3G55830","EPC1",1,"TRUE","Non DTG",4.254052634,8.225079149,6.161072476,6.26626418,-0.369137413,0.658304671,0.750737322,0.521257388,0.690472747,1.312596934,0.926767592,-0.277125232885628
"AT3G55960",NA,1,"TRUE","Buffered_S",16.33529747,16.91340748,32.51764419,63.24541838,1.07526744,2.61036e-07,0.195926796,0.940145924,0.502351812,0.267425023,-0.909563614,0.210673704362322
"AT3G56050",NA,1,"TRUE","Non DTG",20.53823162,25.70958371,38.42445823,26.49360701,-0.222582693,0.72588092,0.552238832,0.142351092,0.534509335,0.970407076,0.860374925,-0.122918806405735
"AT3G56340","RPS26e",1,"TRUE","Non DTG",27.67961777,9.789690544,133.095013,107.9856407,-0.234670945,0.403958688,-0.93506596,0.235956025,0.207968857,0.090657336,-1.197871827,0.219432812470532
"AT3G56410",NA,1,"FALSE","Forwarded",3.675290155,12.25847889,6.323456372,18.18371171,1.539603953,6.53827e-18,1.772259418,7.9365e-13,0.581215389,0.674146131,0.213988448,2.72857760569428
"AT3G56460",NA,1,"TRUE","Non DTG",3.64329795,7.550948912,25.01560737,21.40524148,-0.146332239,0.895200469,0.948562925,0.434524017,0.145640995,0.352761678,1.276277342,-0.138805336647639
"AT3G56650","PPD6",1,"TRUE","Non DTG",6.727627585,9.877828231,33.06585399,35.50084535,0.106953075,0.925415942,0.587800263,0.788384684,0.20346148,0.278242057,0.45158482,0.0628670456136587
"AT3G56710","SIB1",1,"TRUE","Non DTG",3.117373481,7.474345137,7.652922624,28.55874409,1.43801777,0.143857846,0.799508792,0.751606844,0.407344179,0.261718271,-0.638233644,1.14970785016723
"AT3G56800","ACAM-3",1,"FALSE","Non DTG",32.4594365,50.48725533,179.2289075,225.7208983,0.550132868,0.001610929,0.556036463,0.160977645,0.181106033,0.223671161,0.304544644,0.305893934102766
"AT3G57330","ACA11",1,"TRUE","Forwarded",13.67694554,24.31817859,27.55108204,57.70961105,1.193531003,5.80497e-19,0.829530888,0.000122567,0.496421357,0.421388711,-0.236413522,0.990070832774121
"AT3G57340",NA,1,"TRUE","Non DTG",8.765776083,5.867749784,20.17895384,12.40683385,-0.631463653,0.299450963,-0.348298657,0.906973926,0.43440191,0.47294498,0.122641911,0.219937942284214
"AT3G57420","STL2",1,"TRUE","Non DTG",2.206781777,2.713446286,2.941198205,5.450614248,0.673325345,0.538863841,0.364336176,0.922062997,0.75030026,0.497823945,-0.591832433,0.245316781401181
"AT3G57450",NA,1,"FALSE","Forwarded",20.36961464,65.37782326,169.3565453,711.0600887,2.269131549,6.23829e-98,2.313076059,6.6511e-17,0.120276513,0.091944161,-0.387525079,5.24867386071349
"AT3G57880","FTIP3",1,"FALSE","Non DTG",4.389844921,6.631650045,13.70611749,14.62234284,0.155805282,0.76533934,0.529526695,0.702429361,0.32028362,0.453528557,0.501843379,0.082503056041003
"AT3G57990","OEP40",1,"TRUE","Non DTG",8.702799332,5.759494021,18.51527803,11.794806,-0.235375334,0.739375931,-0.355707345,0.899651201,0.470033413,0.488307652,0.055027068,0.0837247351356282
"AT3G58140",NA,1,"TRUE","Non DTG",13.42774139,11.12437663,26.47710805,21.27207733,-0.003434895,0.996727001,-0.140379544,0.948642345,0.507145318,0.522956759,0.044292463,0.00048218899378788
"AT3G58640",NA,1,"TRUE","Non DTG",3.879765135,4.571114567,9.309491338,8.052643956,0.133917404,0.85040896,0.255745974,0.93023294,0.416753719,0.567653878,0.445816454,0.0342488369215315
"AT3G58680","ATMBF1B",1,"TRUE","Non DTG",20.68932704,11.46353852,64.69617973,64.62943005,0.083205901,0.943056108,-0.51422045,0.789698208,0.319792098,0.17737335,-0.850345025,-0.0427861758548755
"AT3G58790","GAUT15",1,"TRUE","Buffered_S",4.769013098,3.025393312,15.00545106,4.485215254,-1.315802758,0.003244942,-0.199354431,0.963685245,0.31781871,0.674525779,1.085669523,0.262311110129321
"AT3G59040","PPR287",1,"FALSE","Non DTG",3.502302961,2.127756455,3.251896454,3.195364298,0.408752887,0.798398024,-0.612255854,0.801334295,1.077003223,0.665888536,-0.693669959,-0.250261347905151
"AT3G59500",NA,1,"TRUE","Non DTG",2.98791199,3.585384451,11.07215645,7.047333362,-0.204388617,0.906488061,0.213098214,0.970346925,0.26985818,0.508757606,0.914777039,-0.04355484924463
"AT3G59600","NRPB8B",1,"TRUE","Non DTG",3.17845789,2.297726487,21.97017621,13.18190942,-0.017374648,0.994170275,-0.935940513,0.635542732,0.144671479,0.174309079,0.268867178,0.0162616369623144
"AT3G59780",NA,1,"TRUE","Non DTG",27.99110627,25.37185571,58.85245538,58.02593203,-0.000969953,0.998678887,-0.136399667,0.922062997,0.475614927,0.437250292,-0.121334647,0.000132301266205651
"AT3G59920","ATGDI2",1,"TRUE","Non DTG",8.458125994,7.836337468,15.13510092,13.09839105,-0.281292865,0.484915417,-0.277606369,0.916442123,0.558841731,0.59826718,0.098350164,0.0780886908782572
"AT3G60030","SPL12",1,"TRUE","Non DTG",4.947256921,6.362246468,12.98007213,14.78163927,0.267964709,0.516838086,0.48453273,0.741674721,0.381142483,0.430415487,0.175399567,0.129837671995426
"AT3G60190","ADL1E",1,"TRUE","Non DTG",3.13714724,2.799216294,6.350065639,5.258507523,-0.088314247,0.963413635,-0.082935263,0.987703677,0.494033829,0.532321439,0.10768784,0.00732436530159196
"AT3G60800","PAT14",1,"FALSE","Non DTG",5.101198632,3.851079655,6.706495967,6.866893318,0.564973518,0.5991999,-0.13273636,0.984337283,0.760635458,0.560818332,-0.439671685,-0.0749925282757145
"AT3G60880","DHDPS",1,"TRUE","Non DTG",2.57596265,1.85017119,4.253019077,3.047849578,-0.513037311,0.758966982,-0.176288254,0.977375972,0.605678602,0.607041503,0.003242713,0.090442451793045
"AT3G61070","PEX11E",1,"TRUE","Non DTG",2.135626927,3.325700097,14.42522451,7.592687707,-0.731562299,0.372943148,0.310311213,0.96168669,0.148048089,0.43801355,1.564909629,-0.227011984387759
"AT3G61130","GAUT1",1,"TRUE","Non DTG",6.296337509,5.375115957,16.69273234,18.18507394,0.284493445,0.559876274,0.054142676,0.989950827,0.377190347,0.295578449,-0.35175167,0.0154032364167588
"AT3G61220","SDR1",1,"FALSE","Non DTG",3.72949371,2.248542604,11.04785649,6.583422047,-0.708356813,0.533048798,-0.524625077,0.899651201,0.337576227,0.341546173,0.016867317,0.3716217475636
"AT3G61460","BRH1",1,"TRUE","Buffered_S",9.470480197,8.404712053,34.80234279,10.23764972,-1.611102707,1.8969e-06,-0.020224906,0.996883172,0.272121916,0.820961088,1.593060692,0.0325844008054205
"AT3G61640","AGP20",1,"TRUE","Buffered_S",16.72326272,24.12828958,182.2597828,375.8116926,1.042320373,6.13262e-05,0.64188605,0.33100762,0.09175509,0.064203137,-0.515144398,0.669050907059497
"AT3G61980","AtKPI-1",1,"TRUE","Non DTG",4.154055101,3.072466046,26.12344818,35.59251028,0.275408649,0.898510595,-0.205689017,0.977375972,0.159016339,0.086323387,-0.881351634,-0.056648534286108
"AT3G62120","AtProRS-Cyt",1,"TRUE","Non DTG",11.27197125,11.99072377,26.826459,29.13399126,0.376096952,0.151934851,-0.033097458,0.993235243,0.420181107,0.411571613,-0.029867816,-0.012447853072748
"AT3G62150","ABCB21",1,"TRUE","Non DTG",11.16139233,14.33408953,14.79098956,21.56119151,0.606681211,0.000175287,0.393451768,0.425240374,0.754607546,0.664809713,-0.182785067,0.238699795080331
"AT3G62240","SRH1",1,"TRUE","Non DTG",2.521268609,3.053581656,7.17987224,7.800390364,0.295003741,0.817596302,0.425452425,0.895361484,0.351157865,0.391465236,0.156764446,0.125510056992522
"AT3G62260","PP2C49",1,"FALSE","Forwarded",9.093007343,15.62527461,8.809398771,20.42282881,1.013318871,0.032984295,1.118432544,0.009073258,1.032193862,0.765088654,-0.432015123,1.13332880277574
"AT3G62690","ATL5",1,"TRUE","Non DTG",1.975321409,3.550631351,9.024310017,5.726903864,-0.696781315,0.669949301,0.943032737,0.639882768,0.218888913,0.619991436,1.502049406,-0.657087590574909
"AT3G62700","ABCC14",1,"TRUE","Non DTG",6.700424541,5.873755457,5.918891953,4.522169332,-0.311214207,0.512275615,-0.178804285,0.922062997,1.132040354,1.298880034,0.198342801,0.055646433764477
"AT3G62910","APG3",1,"TRUE","Non DTG",4.243116507,5.080461122,12.30987335,16.80692147,0.517554789,0.201969546,0.264372905,0.957161107,0.344692133,0.302283861,-0.189404416,0.136827463064592
"AT3G63080","ATGPX5",1,"FALSE","Non DTG",6.364856523,1.790446498,19.63440313,35.32726784,0.568077072,0.303626443,-0.458504096,0.922062997,0.324168577,0.050681714,-2.67720702,-0.260465664355687
"AT3G63130","ATRANGAP1",1,"FALSE","Non DTG",1.656473989,1.427233507,4.729903364,2.387356167,-0.485702546,0.728332502,-0.205839822,0.976316817,0.350213072,0.597830155,0.771502733,0.0999769256135868
"AT3G63310","AtLFG2",1,"FALSE","Non DTG",9.093857598,5.634544362,25.22143653,30.86018422,0.344758832,0.576669733,-0.916109779,0.385463602,0.360560652,0.182582979,-0.981689686,-0.315836937391818
"AT4G00360","ATT1",1,"TRUE","Non DTG",41.99649157,30.65740699,91.37558578,63.68302795,-0.433751006,0.000351075,-0.224709954,0.751496955,0.45960298,0.481406239,0.066866686,0.0974681686057137
"AT4G00570","NAD-ME2",1,"FALSE","Non DTG",9.621053077,7.442516911,21.44792844,22.82165939,0.104120961,0.874613527,-0.256517327,0.916509151,0.448577265,0.326116378,-0.459969603,-0.0267088306003912
"AT4G00585",NA,1,"TRUE","Non DTG",5.125641327,3.997228086,49.96146658,30.45708767,-0.629142541,0.137670356,-0.403540317,0.926930596,0.102591891,0.13124131,0.355305199,0.253884380433326
"AT4G00780",NA,1,"TRUE","Non DTG",15.07252716,12.33606881,58.52447645,69.7063627,0.149639737,0.604599192,-0.136754982,0.957926244,0.257542281,0.17697192,-0.541288837,-0.0204639795399197
"AT4G00810","RPP1.2",1,"TRUE","Non DTG",14.58126302,10.58064003,123.725657,132.159704,0.263598184,0.703644183,0.093375609,0.987703677,0.117851571,0.080059502,-0.557826448,0.0246136409622941
"AT4G00860","AT0ZI1",1,"TRUE","Non DTG",8.492928637,7.561008369,44.97181816,15.08953797,-0.535319784,0.119677404,0.622081027,0.771567415,0.188850017,0.501076201,1.407789103,-0.333012281004138
"AT4G01026","PYL7",1,"FALSE","Non DTG",12.29141051,7.740815922,43.97011203,16.50493803,-0.664693791,0.715066762,-0.812729095,0.24134781,0.279540123,0.468999999,0.74653255,0.540215983211549
"AT4G01150","CURT1A",1,"FALSE","Non DTG",97.87886935,80.27039192,1109.384402,973.5692148,-0.127520234,0.304948832,0.003159606,0.998844586,0.088228092,0.0824496,-0.097725603,-0.000402913696467804
"AT4G01210",NA,1,"FALSE","Non DTG",3.509958426,2.366500961,5.956911184,4.728941321,-0.215093603,0.817490759,-0.441339068,0.804102054,0.589224569,0.500429335,-0.235651226,0.094929210280782
"AT4G01370","ATMPK4",1,"FALSE","Non DTG",8.599682861,4.663060141,22.18452051,22.41346684,-0.008217377,0.995296217,-0.357590319,0.901612329,0.387643396,0.20804725,-0.897818866,0.00293845446277326
"AT4G01700",NA,1,"FALSE","Forwarded",3.925259286,34.75409397,21.23145603,146.0236059,2.886562529,7.33305e-43,3.055200949,3.96287e-14,0.18487942,0.238003258,0.364396681,8.81902857794864
"AT4G01900","GLB1",1,"TRUE","Non DTG",3.674939323,2.359211143,13.43242604,6.341877794,-0.249922176,0.904026791,-0.205378738,0.97690286,0.273587162,0.372005141,0.443322025,0.0513287011050939
"AT4G01940","AtCNFU1",1,"TRUE","Non DTG",6.873198405,8.763166168,27.48670415,26.43776441,-0.08840389,0.971309347,0.308301381,0.936826375,0.250055386,0.331463963,0.406604351,-0.0272550413727721
"AT4G02480",NA,1,"FALSE","Non DTG",11.39979882,9.778103472,14.29347189,17.37578137,0.383463387,0.300969421,-0.234491139,0.870329552,0.797552821,0.562743238,-0.503103253,-0.0899187663824278
"AT4G02600","ATMLO1",1,"TRUE","Non DTG",4.445627546,5.383016558,9.522315204,9.0689459,0.10184082,0.956371932,0.332562764,0.906973926,0.466864145,0.593565847,0.34640529,0.0338684645872265
"AT4G02880",NA,1,"TRUE","Non DTG",2.070052232,4.615958834,5.185853901,4.164220745,-0.201838944,0.903853679,1.246769029,0.132639347,0.399172879,1.108480822,1.473498202,-0.251646544225265
"AT4G02930",NA,1,"TRUE","Non DTG",2.3344315,2.415943108,7.449585951,5.886029048,-0.122618805,0.955342697,0.396867418,0.929232007,0.313363926,0.41045382,0.389380806,-0.0486634085385955
"AT4G03020",NA,1,"FALSE","Non DTG",6.484365483,6.517812087,19.64716953,29.39796881,0.517429779,0.510793711,0.121998669,0.977375972,0.330040695,0.221709606,-0.573972643,0.0631257443389641
"AT4G03080","BSL1",1,"FALSE","Non DTG",7.963130661,7.257072117,15.86186954,13.78913665,-0.263120731,0.600531957,-0.099729792,0.973429971,0.502029766,0.526289085,0.068082568,0.026240975773518
"AT4G03210","XTH9",1,"TRUE","Non DTG",6.917402006,3.172678495,18.84126175,15.50609151,-0.128233978,0.955140301,-1.071409469,0.240456365,0.367141123,0.204608524,-0.843468471,0.137391098276738
"AT4G03560","ATCCH1",1,"FALSE","Non DTG",12.84826338,14.40566279,13.95113588,12.63296092,0.109186122,0.874760581,0.22583703,0.878842945,0.920947476,1.140323545,0.308252437,0.0246582695096977
"AT4G04040","MEE51",1,"TRUE","Non DTG",6.923279836,7.379740511,16.13203417,13.70721417,0.035348464,0.973368935,0.040117141,0.993213055,0.429163474,0.538383688,0.327107403,0.00141807931442142
"AT4G04210","PUX4",1,"TRUE","Non DTG",5.35150433,4.189566272,22.01597784,17.53629299,-0.058281442,0.981376755,-0.214289433,0.971959027,0.243073661,0.238908318,-0.024936485,0.0124890971606024
"AT4G04320",NA,1,"TRUE","Non DTG",2.429948919,2.14754737,5.502996585,4.581439478,-0.05313456,0.988130682,-0.100589345,0.987703677,0.441568313,0.468749479,0.08618044,0.0053447705872632
"AT4G04910","NSF",1,"TRUE","Non DTG",2.88216708,2.552487898,4.011020604,5.053104854,0.272344007,0.797160104,-0.124842767,0.984029199,0.718562023,0.505132581,-0.50845059,-0.0340001794097474
"AT4G05160",NA,1,"TRUE","Non DTG",3.174731477,2.578298726,10.48776766,4.789411395,-0.886267779,0.231282816,-0.108200445,0.987703677,0.302708029,0.538333109,0.830572216,0.0958945680769617
"AT4G05530","IBR1",1,"FALSE","Non DTG",4.108587034,4.871106938,9.539722621,11.83043469,0.544104523,0.60044524,0.195155083,0.97690286,0.430682023,0.411743699,-0.064876533,0.10618476334674
"AT4G08350","GTA02",1,"FALSE","Non DTG",4.007401472,4.748155032,6.232984083,5.386895931,-0.198049731,0.857511431,0.159295669,0.961585417,0.642934655,0.881426909,0.455168826,-0.031548464394915
"AT4G08500","ARAKIN",1,"TRUE","Non DTG",3.543542981,6.174636998,9.985053214,12.81247735,0.54990376,0.028985388,0.651214886,0.406577923,0.354884737,0.48192374,0.441454343,0.358105514379371
"AT4G08520",NA,1,"TRUE","Non DTG",2.960504104,2.083649362,10.70408365,9.185303016,-0.653340138,0.251971734,-0.064992769,0.992589008,0.276577071,0.226846012,-0.285968259,0.0424623846674621
"AT4G08555",NA,1,"TRUE","Non DTG",3.391923086,2.803757382,11.05455588,33.77304635,1.399220201,0.114710564,1.847510712,0.059806523,0.306834858,0.083017604,-1.885973195,2.58507430979429
"AT4G08900","ARGAH1",1,"TRUE","Non DTG",1.367975538,1.812741076,2.81840218,7.164998671,0.902542987,0.126771997,0.157536396,0.986063809,0.485372722,0.252999499,-0.939958502,0.142183369407055
"AT4G08920","ATCRY1",1,"TRUE","Non DTG",36.16940968,24.99317087,52.17481583,37.89312462,-0.509693527,0.159078983,-0.439054536,0.336104326,0.693235024,0.65957007,-0.07181861,0.223783254999188
"AT4G09570","ATCPK4",1,"FALSE","Non DTG",4.878991849,8.818468289,9.874015607,21.24065828,0.998027672,0.072712057,0.747972254,0.522268479,0.494124381,0.415169256,-0.25117463,0.746497007380213
"AT4G09640","ENOR3L6",1,"TRUE","Non DTG",3.209482751,2.227661143,9.506545335,9.058855788,-0.191743398,0.83149864,-0.69448353,0.745962164,0.337607684,0.24590977,-0.457218685,0.133162631897235
"AT4G09720","ATRABG3A",1,"TRUE","Non DTG",5.072537401,3.659612823,10.48785964,11.61598393,0.296535374,0.819971037,0.408957677,0.918446523,0.483658017,0.315049749,-0.618407653,0.121270417699366
"AT4G10040","CYTC-2",1,"TRUE","Non DTG",3.746195039,7.4344441,20.41485236,18.29701926,0.088195741,0.973446285,0.228671482,0.971910818,0.183503411,0.406319958,1.146809352,0.0201678508005582
"AT4G10060","GCD3",1,"TRUE","Non DTG",4.994005459,5.709043866,11.05616857,12.45968738,0.296306214,0.577054903,0.19318205,0.943661442,0.451694041,0.458201212,0.020635395,0.0572410418482587
"AT4G10080",NA,1,"TRUE","Non DTG",8.017055512,8.778192587,25.77140196,14.49283396,-0.340474376,0.347052376,0.439769541,0.859996219,0.311083407,0.605691931,0.96128275,-0.149730260055781
"AT4G10140",NA,1,"TRUE","Non DTG",4.958030752,8.829521075,8.751129773,9.060762671,-0.069782975,0.979545203,0.623935127,0.852838095,0.566558934,0.974478793,0.782404757,-0.0435400493690628
"AT4G10300","TRR14",1,"FALSE","Non DTG",10.66789741,12.58114902,65.58915368,43.96147744,-0.4178339,0.649530566,0.533145806,0.83919782,0.162647279,0.286185764,0.815205219,-0.222766391389623
"AT4G10320",NA,1,"TRUE","Non DTG",4.989423183,6.21766082,10.8597978,8.381614916,-0.345071235,0.456959393,0.426926792,0.836533171,0.459439786,0.741821341,0.691195977,-0.147320155370028
"AT4G10340","LHCB5",1,"TRUE","Non DTG",975.970972,803.4967907,4398.877886,4290.655033,0.035050087,0.915525911,-0.207589227,0.418206269,0.221868167,0.187266696,-0.244608339,-0.00727602046661275
"AT4G10480",NA,1,"TRUE","Non DTG",16.3352233,13.9482685,72.84067496,57.50467719,-0.380782734,0.334290086,-0.162325832,0.95807376,0.224259637,0.242558852,0.113164852,0.0618108741077847
"AT4G11010","NDPK3",1,"TRUE","Non DTG",8.518630369,7.224528076,38.34038333,19.11031255,-0.194313601,0.694212765,-0.15631645,0.971959027,0.222184278,0.378043428,0.766795246,0.0303744122950365
"AT4G11100",NA,1,"TRUE","Non DTG",3.954321038,2.636927167,7.066725503,1.514045569,-1.002686679,0.359430533,0.106294695,0.987703677,0.559569073,1.741643198,1.638060963,-0.106580274724868
"AT4G11150","emb2448",1,"TRUE","Non DTG",17.8133932,13.76561206,80.8765301,58.77137131,-0.172998002,0.746621423,-0.253258837,0.886117349,0.220254172,0.234223088,0.088713943,0.0438132727898437
"AT4G11330","ATMPK5",1,"TRUE","Intensified",7.587339656,24.01725918,29.80040408,58.85011143,1.088735952,4.32353e-06,1.384138962,4.94638e-05,0.254605261,0.408108984,0.68069224,1.50696185049336
"AT4G11380",NA,1,"FALSE","Non DTG",5.342326985,4.437622978,10.97720007,10.13231751,-0.137800127,0.87055444,-0.145066619,0.964811001,0.486674831,0.437967224,-0.152135256,0.0199901985216606
"AT4G11800",NA,1,"TRUE","Non DTG",1.991990844,2.064769331,2.324543148,1.978444308,0.001414236,0.999287318,-0.07484192,0.989950827,0.85693864,1.043632779,0.284350352,-0.00010584413757312
"AT4G11850","MEE54",1,"TRUE","Forwarded",1.905387374,6.048776477,4.349643845,18.60052104,2.338190789,2.62795e-32,1.681080209,9.23955e-07,0.438055952,0.325193927,-0.429814838,3.93068626025399
"AT4G11960","PGRL1B",1,"TRUE","Non DTG",1.718389175,1.785789719,5.335797339,6.485733865,0.071595309,0.977276874,0.156282331,0.984477763,0.322049183,0.275341196,-0.226060554,0.0111890817791853
"AT4G12040","AtSAP7",1,"TRUE","Forwarded",13.71161245,23.62646886,77.7712141,130.969757,0.811412509,1.41182e-07,1.222186026,0.001994964,0.176307039,0.180396371,0.033080243,0.991697029821399
"AT4G12590",NA,1,"FALSE","Non DTG",2.574505322,3.434244472,11.72809241,11.2598543,0.352106356,0.72588092,0.732054083,0.764063421,0.219516118,0.304999015,0.474477708,0.257760895560052
"AT4G12650","TMN12",1,"TRUE","Buffered_S",14.45725537,13.55960849,29.45769834,13.39316942,-0.961538264,0.004368223,0.049695207,0.987703677,0.49078021,1.012427161,1.044669136,-0.0477838430679006
"AT4G13010","CeQORH",1,"TRUE","Non DTG",17.70270852,18.84615231,52.35664277,48.09644085,0.040812953,0.963413635,0.147923774,0.954670522,0.338117717,0.391840893,0.212742352,0.00603720603584462
"AT4G13170",NA,1,"FALSE","Non DTG",3.233849762,3.136367079,19.4221441,16.83449568,-0.031198602,0.990001729,0.041802419,0.993885949,0.166503232,0.186305972,0.162123739,-0.00130417703301824
"AT4G13360",NA,1,"TRUE","Non DTG",2.63044327,2.998163147,6.560921039,7.170662856,0.216949989,0.900005789,0.168961809,0.978661922,0.400925915,0.418115202,0.060564825,0.0366562626039701
"AT4G13430","ATLEUC1",1,"FALSE","Non DTG",22.62529484,20.77428782,50.01478654,55.11091363,0.058477771,0.967465886,-0.103538981,0.963685245,0.452372116,0.376954154,-0.263120936,-0.00605472882049135
"AT4G13500",NA,1,"TRUE","Non DTG",14.30519094,9.380226907,41.40877344,44.57856497,0.255371691,0.711636028,-0.147115989,0.978661922,0.345462803,0.210420118,-0.715257733,-0.0375692588840674
"AT4G13520","SMAP1",1,"TRUE","Non DTG",10.0723366,15.090722,92.40916925,50.39216495,-0.701885365,0.082439151,0.744397219,0.788384684,0.108997156,0.299465641,1.458100002,-0.5224815137628
"AT4G13780",NA,1,"TRUE","Buffered_S",5.459063759,3.223290229,9.410373193,13.45296141,0.662797183,0.007623775,-0.696379605,0.521657089,0.580111293,0.239597077,-1.275719397,-0.461558440492653
"AT4G13850","ATGRP2",1,"TRUE","Non DTG",4.877202229,4.91610874,27.41645722,19.25598407,-0.107196293,0.927227683,0.114987366,0.987703677,0.177893234,0.255302909,0.521198337,-0.0123262193770342
"AT4G13930","SHM4",1,"TRUE","Non DTG",34.30061657,24.95710336,68.60299706,57.92616973,-0.229757213,0.23494509,-0.446556933,0.335371817,0.499987144,0.430843321,-0.214727679,0.102599676371908
"AT4G14030","AtSBP1",1,"FALSE","Non DTG",5.952796143,4.355199646,18.82327664,16.16156602,-0.104966828,0.948113168,-0.607482383,0.702696693,0.316246542,0.269478814,-0.230877848,0.0637654988093911
"AT4G14210","PDE226",1,"FALSE","Non DTG",15.44470783,15.87641569,39.00717555,31.42574921,-0.129736754,0.789836647,0.171943808,0.938226514,0.3959453,0.505204047,0.351565061,-0.0223074315203192
"AT4G14240",NA,1,"FALSE","Non DTG",3.293437838,2.768031983,3.774109365,4.763952174,0.411336695,0.767094481,-0.141442491,0.978661922,0.872639746,0.581036896,-0.586756408,-0.0581804867805072
"AT4G14342","SF3B5B",1,"TRUE","Non DTG",7.393988586,7.777184244,38.01737547,28.55964835,-0.116706796,0.932567646,0.028489203,0.996883172,0.194489717,0.272313726,0.485575824,-0.00332488360272359
"AT4G14350","NDR1",1,"FALSE","Non DTG",4.749622813,4.810364321,6.9501151,5.593881555,-0.346141135,0.514163036,0.298481364,0.915554809,0.683387648,0.859933174,0.331520379,-0.103316678111308
"AT4G14400","ACD6",1,"TRUE","Buffered_S",18.33805986,16.61394311,31.87443926,18.41790281,-0.83641241,1.56522e-05,-0.163852497,0.936826375,0.575321803,0.902054011,0.648844674,0.137048261900288
"AT4G14410","bHLH104",1,"TRUE","Non DTG",2.314995236,4.037981437,14.09753045,8.013949375,-0.304085911,0.790544533,0.734396659,0.768977036,0.16421282,0.503869097,1.617482211,-0.223319677087371
"AT4G14615",NA,1,"TRUE","Buffered_S",4.362965504,5.205394447,25.20841945,5.356667144,-2.042290572,0.009070438,0.361522831,0.953728363,0.173075726,0.971759922,2.489196531,-0.738334669314049
"AT4G14800","PBD2",1,"TRUE","Non DTG",7.428894584,9.273981866,23.21185024,15.37898245,-0.470577932,0.587080953,0.359669947,0.936826375,0.320047498,0.603029615,0.913942826,-0.16925273986181
"AT4G14880","ATCYS-3A",1,"TRUE","Non DTG",39.16538099,37.60037754,109.8218227,136.4883754,0.318530425,0.216358353,-0.007214138,0.996883172,0.356626579,0.275484102,-0.372445167,-0.00229792244314865
"AT4G14900",NA,1,"TRUE","Non DTG",5.353754427,2.376212863,6.971860303,11.89289866,0.63600706,0.201473851,-0.956248644,0.348313939,0.767909022,0.199800985,-1.942371705,-0.608180888699427
"AT4G15110","CYP97B3",1,"TRUE","Non DTG",5.184106741,5.236365731,18.5965138,15.85537836,-0.148512629,0.834677557,0.057438344,0.990962416,0.278767666,0.330258012,0.244530328,-0.00853031947284638
"AT4G15180","ATXR3",1,"FALSE","Non DTG",2.422295877,2.637915683,2.305406711,2.737130196,0.138102363,0.922854658,0.202877193,0.935505558,1.050702189,0.963752359,-0.124619418,0.0280178197521071
"AT4G15470","AtLFG5",1,"TRUE","Non DTG",30.96528108,30.53069581,89.74318642,77.52686465,-0.026267519,0.984777762,0.031557791,0.991004798,0.345043254,0.393807952,0.190715017,-0.000828944874690529
"AT4G15560","AtCLA1",1,"TRUE","Non DTG",58.15714654,56.01109597,95.40878069,80.0149652,-0.114321814,0.74666162,-0.007983317,0.996057284,0.609557591,0.700007753,0.199608366,0.000912667281177038
"AT4G15800","RALF33",1,"FALSE","Non DTG",13.95778169,20.17353848,87.24790284,111.6457653,0.519182474,0.095642322,0.671479113,0.682596123,0.159978421,0.180692375,0.175658314,0.348620187126665
"AT4G15920","AtSWEET17",1,"TRUE","Non DTG",2.096719554,5.033125161,4.23031679,7.075431274,0.574173304,0.69866452,1.051787023,0.555816168,0.495641262,0.71135242,0.521268184,0.603908030100234
"AT4G16144","AMSH3",1,"TRUE","Non DTG",1.912391971,1.501722946,3.242193467,3.635602592,0.019684259,0.994562397,-0.221561963,0.971959027,0.589845113,0.413060258,-0.513983906,-0.00436128306424042
"AT4G16190",NA,1,"TRUE","Non DTG",11.70665056,13.68015618,35.024332,43.41428122,0.339300055,0.611931956,0.008120802,0.996883172,0.334243364,0.315107283,-0.08505582,0.00275538856524411
"AT4G16442","CASPL2B1",1,"TRUE","Non DTG",3.069720822,2.194574153,9.188168637,12.88823185,0.862335555,0.303524781,0.035453129,0.996883172,0.334094959,0.170277365,-0.972371547,0.0305724936727016
"AT4G16450",NA,1,"FALSE","Non DTG",7.402445299,9.997693028,75.63862172,68.50388585,-0.101611262,0.920287067,0.264756257,0.964026953,0.097865946,0.145943444,0.576530555,-0.0269022173961663
"AT4G16520","ATG8F",1,"TRUE","Non DTG",5.16393475,11.72446799,34.7686606,43.81473828,0.458238761,0.2432726,0.434161752,0.836852615,0.148522683,0.267591876,0.849351035,0.198949743310069
"AT4G16630",NA,1,"TRUE","Non DTG",1.449110057,1.595243659,1.792673457,2.298133027,0.414435219,0.757234535,0.212345619,0.971959027,0.808351377,0.694147658,-0.219739961,0.0880035031139556
"AT4G16660","HSP70",1,"TRUE","Non DTG",4.455511236,3.77184449,8.721517297,6.443372491,-0.184260316,0.853228107,-0.305169894,0.906973926,0.510864232,0.585383585,0.196442362,0.0562307011021265
"AT4G16760","ACX1",1,"TRUE","Non DTG",11.99854862,11.91978477,37.18873956,26.71198994,-0.341148989,0.079796815,-0.202355639,0.916302539,0.322639292,0.4462335,0.467876678,0.069033421663299
"AT4G17040","CLPR4",1,"TRUE","Non DTG",19.34198266,14.53385105,68.67088324,62.66577483,0.016024322,0.983120328,-0.266195012,0.901612329,0.281662063,0.231926456,-0.280297865,-0.00426559458708186
"AT4G17270",NA,1,"TRUE","Non DTG",3.459832344,2.205454512,13.10044274,4.380677339,-0.896003605,0.294168829,-0.402426954,0.920224397,0.264100413,0.503450572,0.930763583,0.360576001533169
"AT4G17340","DELTA-TIP2",1,"TRUE","Non DTG",45.69923109,38.64717662,151.5010182,180.1540319,0.281114681,0.19914378,-0.240852387,0.862501192,0.301643062,0.214522962,-0.49171032,-0.0677071419395935
"AT4G17510","UCH3",1,"TRUE","Non DTG",1.498749453,2.600605455,7.46230805,4.586338545,-0.6706589,0.515681094,0.373387063,0.950627084,0.200842614,0.567033033,1.497367378,-0.250415356945811
"AT4G17530","ATRAB1C",1,"TRUE","Non DTG",13.69138732,17.63776971,64.20183404,51.47766241,-0.315516821,0.455194616,0.426134846,0.673927506,0.213255392,0.342629577,0.684067474,-0.134452711927245
"AT4G17900","PLATZ11",1,"FALSE","Forwarded",8.55053076,27.03049624,39.57779204,112.4808007,1.437119231,1.58947e-16,1.734824889,8.95672e-08,0.216043653,0.24031209,0.153586383,2.49315021039934
"AT4G18030",NA,1,"FALSE","Non DTG",15.86316472,11.42360426,29.68456231,22.56738557,-0.348917411,0.105770453,-0.348862473,0.711620147,0.53439106,0.50619972,-0.078189163,0.121724190874217
"AT4G18040","AT.EIF4E1",1,"FALSE","Non DTG",2.669255642,2.430342509,11.71946848,7.666168009,-0.280924964,0.885360313,0.137477784,0.987703677,0.227762517,0.317021817,0.477051783,-0.0386209415209998
"AT4G18060","SH3P3",1,"TRUE","Non DTG",2.884642792,4.561872188,12.02119579,11.52914481,-0.072130839,0.975009112,0.68849462,0.736600758,0.239963049,0.395681749,0.721528257,-0.0496616945875862
"AT4G18197","ATPUP7",1,"TRUE","Intensified",5.81844032,14.88217829,13.01058329,18.62753291,0.87515607,0.039899473,1.413190283,0.000339815,0.447208261,0.798934479,0.837130354,1.23676205423247
"AT4G18205","AtPUP21",1,"TRUE","Forwarded",9.031480806,27.54251152,24.4202984,64.68123277,1.292133013,2.74285e-12,1.038351969,0.00073248,0.36983499,0.425819211,0.203359317,1.34168885825845
"AT4G18440",NA,1,"TRUE","Non DTG",4.019142399,2.619957969,11.76224862,4.794313491,-0.639182022,0.08800677,-0.108016445,0.979422389,0.341698474,0.546471977,0.677423713,0.0690421697243518
"AT4G18710","ATSK21",1,"FALSE","Non DTG",31.42870139,24.06957892,39.34123348,38.05835854,-0.159127117,0.725338244,-0.21659121,0.878842945,0.798874326,0.632438703,-0.337042907,0.0344655348148416
"AT4G18880","AT-HSFA4A",1,"TRUE","Intensified",4.085562046,11.60008997,6.374726486,35.25121496,2.577036279,3.27881e-15,1.443343777,0.007265505,0.640899975,0.329069224,-0.961708106,3.71954927639789
"AT4G18930",NA,1,"TRUE","Non DTG",3.328444262,3.896709671,11.25613159,10.20564895,-0.095413721,0.969136109,0.329288418,0.957926244,0.295700546,0.381818902,0.368751615,-0.0314186332435834
"AT4G20150",NA,1,"TRUE","Non DTG",22.2775153,8.422443794,107.1999101,153.8391902,0.283487788,0.40049427,0.039971021,0.993235243,0.207812817,0.054748363,-1.924396908,0.0113312963273915
"AT4G20410","GAMMA-SNAP",1,"TRUE","Non DTG",3.474560167,3.341934721,8.429292374,12.01287933,0.536669202,0.647892022,0.091983968,0.988909536,0.412200694,0.278195978,-0.567245369,0.0493649627033535
"AT4G20780","CML42",1,"FALSE","Forwarded",4.21143728,33.52511949,28.7894531,223.1672388,3.077733402,3.03739e-65,2.842266791,1.77506e-11,0.146284032,0.150224198,0.038344923,8.74773944005605
"AT4G20860","AtBBE22",1,"TRUE","Forwarded",12.39974047,24.31111272,33.5132426,55.3042025,0.983998782,6.49137e-10,1.005947278,0.005843282,0.369995247,0.439588885,0.248648172,0.989850896308215
"AT4G20960","PyrD",1,"TRUE","Non DTG",1.966524145,1.276714686,8.063820124,3.564534547,-0.866521293,0.203655243,-0.357816656,0.938843949,0.243870041,0.3581715,0.554538009,0.310055751414056
"AT4G21105",NA,1,"TRUE","Non DTG",47.17644829,53.16948196,172.1156574,145.0862799,-0.197138813,0.514163036,0.298282075,0.859996219,0.274097366,0.366468022,0.41899885,-0.058802974204677
"AT4G21150","HAP6",1,"TRUE","Non DTG",4.754357878,3.895263358,12.00482629,9.43792244,-0.302255443,0.698089482,-0.212985621,0.953728363,0.396037207,0.412724663,0.059543674,0.0643760632279851
"AT4G21160","AGD12",1,"TRUE","Non DTG",2.939994687,1.897021173,7.996313873,13.60895451,0.67993992,0.463859785,-0.233320445,0.970346925,0.367668745,0.139395071,-1.399226997,-0.158643884707664
"AT4G21445","CRR9",1,"TRUE","Non DTG",3.777729257,3.723139274,12.28731508,4.301768382,-0.998544804,0.41942134,0.002601008,0.999363834,0.307449531,0.865490408,1.493168226,-0.00259722302356243
"AT4G21470","ATFMN/FHY",1,"TRUE","Non DTG",4.274397318,3.401989408,7.224691149,7.589449595,0.222983328,0.854796659,-0.281391756,0.957161107,0.591637377,0.448252454,-0.400401715,-0.062745670224644
"AT4G21710","EMB1989",1,"TRUE","Non DTG",2.456455456,3.006091315,5.381827232,3.430576126,-0.572850311,0.275301848,0.309534714,0.920224397,0.456435212,0.876264279,0.940955953,-0.177317057180196
"AT4G21790","ATTOM1",1,"TRUE","Non DTG",11.6847077,7.982697212,29.72867519,22.81578816,-0.539619913,0.060890029,-0.028768602,0.993885949,0.393045019,0.349876023,-0.167850769,0.0155241105083716
"AT4G21800","GPN1",1,"FALSE","Non DTG",5.870640969,3.227008718,5.753480522,9.380012792,0.722588775,0.183560404,-0.48447004,0.875322749,1.020363404,0.344030311,-1.568475476,-0.350072612727801
"AT4G21810","DER2.1",1,"TRUE","Non DTG",5.487661267,6.597971527,12.79483147,18.16333425,0.38241286,0.512028511,0.478340188,0.86876,0.428896721,0.363257728,-0.239636798,0.182923439346018
"AT4G21870",NA,1,"FALSE","Non DTG",11.5725208,9.37614989,83.26753337,69.8876114,-0.252979794,0.738746801,-0.382074205,0.920224397,0.138979988,0.1341604,-0.050918269,0.0966570536736138
"AT4G22380",NA,1,"TRUE","Non DTG",2.156894025,2.764995847,8.916090911,7.999417053,0.087608531,0.977862228,-0.013543424,0.997971886,0.241910277,0.345649668,0.514838477,-0.00118651948135014
"AT4G22570","APT3",1,"FALSE","Non DTG",7.817080396,7.520082819,49.69419874,63.91775594,0.667899276,0.034095846,0.289952319,0.938422258,0.157303681,0.117652485,-0.419020641,0.193658943934621
"AT4G22750","PAT13",1,"TRUE","Non DTG",3.551179407,4.004339338,9.336512955,8.204400421,-0.120009644,0.962813683,0.153441588,0.982744851,0.380353931,0.488072148,0.359751911,-0.0184144703506747
"AT4G22820","AtSAP9",1,"TRUE","Non DTG",3.363646585,5.306966973,29.96084694,23.55281594,-0.322643873,0.863700295,0.153127918,0.982744851,0.112268074,0.225321974,1.00504029,-0.0494057845279464
"AT4G23170","CRK9",1,"TRUE","Forwarded",3.499705605,10.52705756,10.10977527,38.967823,1.534552536,4.23446e-07,1.580666339,0.002677267,0.346170465,0.270147438,-0.357735638,2.42561553908229
"AT4G23570","SGT1A",1,"TRUE","Non DTG",8.224022077,8.284326249,30.22659637,36.13714499,0.29543822,0.313401082,0.605449643,0.595611854,0.272078999,0.229246839,-0.247123763,0.178872964827555
"AT4G23740",NA,1,"TRUE","Non DTG",3.249031761,3.218027568,7.947773953,3.466481698,-1.026191442,0.137803587,0.372162444,0.901612329,0.408797706,0.928326715,1.183245536,-0.381909915066604
"AT4G23820",NA,1,"TRUE","Non DTG",5.519520671,8.257955611,24.47116936,22.82759545,0.141058736,0.780145481,0.522102119,0.789698208,0.225551979,0.361753196,0.68154582,0.0736470649690616
"AT4G23850","LACS4",1,"FALSE","Non DTG",28.60200032,31.89476485,67.45189437,71.83784567,0.18079158,0.341143332,0.191125969,0.80418924,0.424035538,0.443982758,0.06631847,0.034553965914541
"AT4G24090",NA,1,"TRUE","Non DTG",3.743290324,3.306606496,13.28927525,8.392651188,-0.452971902,0.623309707,-0.145992563,0.985124941,0.281677537,0.393988315,0.484108322,0.0661305289399648
"AT4G24190","AtHsp90-7",1,"TRUE","Non DTG",9.95574676,8.712434336,17.38446795,11.32919092,-0.449302387,0.299583923,-0.204647797,0.921874278,0.572680555,0.769025291,0.425300425,0.0919487436863914
"AT4G24280","cpHsc70-1",1,"TRUE","Non DTG",29.93141913,28.51340326,60.84764594,45.02941637,-0.290522444,0.534782377,-0.070363563,0.970346925,0.491907594,0.633217251,0.364313232,0.020442194291308
"AT4G24330",NA,1,"TRUE","Non DTG",4.217868974,4.09954194,18.57499826,10.07250265,-0.71734501,0.242062226,-0.315043373,0.920465965,0.227072375,0.407003312,0.841888331,0.225994791555119
"AT4G24440",NA,1,"TRUE","Non DTG",6.604275767,5.297668926,19.26275527,21.60700844,-0.120709416,0.955342697,-0.500641095,0.916302539,0.342852083,0.245182897,-0.483727941,0.0604320942030505
"AT4G24520","AR1",1,"FALSE","Non DTG",5.281500357,4.277236391,15.15596762,15.04943852,0.19941681,0.742379707,-0.176685568,0.964026953,0.348476619,0.284212357,-0.294092582,-0.0352340723435981
"AT4G24560","UBP16",1,"TRUE","Non DTG",1.907293614,2.558978549,4.892140255,5.209905581,0.370133096,0.691764354,0.240764351,0.956306155,0.389868956,0.491175609,0.333249639,0.0891148546420607
"AT4G24780","PLL19",1,"FALSE","Non DTG",7.325579186,2.753864316,12.52957132,6.704019352,-0.385778084,0.693600941,-0.883978425,0.421299573,0.584663194,0.410778098,-0.509246512,0.341019503093838
"AT4G24840","COG2",1,"TRUE","Non DTG",3.326530656,2.490101551,7.387141239,6.297036346,-0.187241529,0.879571939,-0.28305929,0.936826375,0.450313667,0.395440238,-0.187470583,0.0530004542572544
"AT4G24940","AT-SAE1-1",1,"TRUE","Non DTG",2.828686453,3.582336399,7.436337591,7.537086257,-0.031827094,0.988606651,-0.144567909,0.984477763,0.380387041,0.4752946,0.321353913,0.00460117642912645
"AT4G25170",NA,1,"TRUE","Non DTG",9.112678827,12.81698289,32.52840392,49.06962734,0.60546384,0.003152594,0.614358015,0.605027121,0.28014528,0.261199923,-0.101020714,0.371971562896678
"AT4G25260","PMEI7",1,"TRUE","Non DTG",12.77120751,7.774613152,29.43577679,24.25037455,-0.186745075,0.897215974,-0.415529673,0.906973926,0.433866842,0.320597653,-0.43648847,0.0775981199491105
"AT4G25520","SLK1",1,"TRUE","Non DTG",1.44877929,2.291541883,1.664573022,2.126482417,0.014869042,0.99520541,0.396660327,0.906973926,0.87036091,1.077620894,0.30816406,0.00589795906189673
"AT4G25680",NA,1,"FALSE","Non DTG",3.850398481,4.990204243,14.98823124,11.73222216,0.008786575,0.994871386,0.035524296,0.994966189,0.256894788,0.425341779,0.727444951,0.0003121368911262
"AT4G25830","CASPL2C1",1,"TRUE","Non DTG",3.456848026,2.004007282,16.64494006,6.167104467,-0.367511696,0.748648347,-0.378582761,0.942837015,0.207681615,0.324951084,0.645849056,0.139133592571473
"AT4G25900",NA,1,"FALSE","Forwarded",2.777915335,11.84555977,10.32540398,37.69292743,1.966110936,2.33529e-10,1.900545578,0.000129976,0.269036964,0.314264786,0.224176222,3.73668344527224
"AT4G25970","PSD3",1,"TRUE","Non DTG",2.324231574,2.130119029,4.998958186,4.832110875,0.253158246,0.798884837,0.081051259,0.989569486,0.464943192,0.440825777,-0.076845867,0.0205187945645317
"AT4G26080","ABI1",1,"FALSE","Buffered_S",4.439460242,2.578031881,7.050925091,13.30639017,0.83150073,0.023684816,-0.175445695,0.971959027,0.629628054,0.193743897,-1.70034896,-0.145883223467857
"AT4G26630","DEK3",1,"FALSE","Non DTG",3.047162243,3.625171398,8.738457449,6.19871384,-0.376225268,0.247285911,-0.158566659,0.964811001,0.34870711,0.584826383,0.745992617,0.0596567837781396
"AT4G26900","AT-HF",1,"TRUE","Non DTG",3.251103332,1.864312842,5.90587532,5.090616136,-0.334317369,0.851899506,-0.510277603,0.859996219,0.55048628,0.366225383,-0.58797482,0.170594665694587
"AT4G26910","E2-",1,"TRUE","Non DTG",4.718872729,5.539144761,10.10476297,9.267425298,0.443544477,0.455853405,0.124900985,0.977375972,0.466994896,0.597700503,0.356015975,0.0553991420686098
"AT4G27130",NA,1,"TRUE","Non DTG",4.17401938,2.811057086,4.910879767,17.42106018,0.319299283,0.689739628,-0.104028513,0.989422922,0.849953486,0.161359702,-2.397103564,-0.0332162296124562
"AT4G27280","CMI1",1,"TRUE","Forwarded",14.35613968,83.74838902,64.12944447,338.81797,2.492882384,5.21616e-91,2.399620005,6.81039e-17,0.223861906,0.247178121,0.142941995,5.98197043875849
"AT4G27310","BBX28",1,"FALSE","Non DTG",16.99752921,11.26938971,104.8654049,108.9983348,0.046689872,0.967279319,-0.555495806,0.676151143,0.162089006,0.103390476,-0.648682944,-0.0259360280786768
"AT4G27450","HUP54",1,"TRUE","Non DTG",6.933788205,10.85196928,41.80895559,27.35114932,-0.412306662,0.387291756,0.386178888,0.891862226,0.165844569,0.396764654,1.258451741,-0.159224128246152
"AT4G27720",NA,1,"TRUE","Non DTG",22.4143326,20.71102529,47.43563391,39.58808645,-0.266166374,0.509678508,-0.114042958,0.964034349,0.472520988,0.523163081,0.146882325,0.0303544006110943
"AT4G27960","UBC9",1,"TRUE","Non DTG",17.08560574,19.12464984,112.9462681,108.1224579,0.090597424,0.846475789,-0.138720857,0.970346925,0.151271981,0.176879533,0.225622326,-0.0125677522992724
"AT4G28200",NA,1,"TRUE","Non DTG",1.754252627,1.362239506,3.439033766,1.44727494,-1.240991001,0.094285935,-0.368813981,0.936826375,0.510100437,0.941244451,0.883788118,0.457694831463985
"AT4G28240","WIP1",1,"TRUE","Non DTG",18.49421434,7.019455804,274.6811532,107.880421,-1.28292345,7.40303e-15,-0.640833348,0.498044092,0.067329754,0.065067004,-0.049318052,0.822140129691211
"AT4G28440",NA,1,"TRUE","Non DTG",4.421164433,3.086609674,15.50053876,18.43957628,-0.300949304,0.714484192,-0.459471133,0.915554809,0.285226501,0.167390488,-0.768890482,0.138277517684441
"AT4G28470","ATRPN1B",1,"TRUE","Non DTG",3.76570425,2.462135746,4.769397317,5.159730967,0.210994596,0.857371184,-0.19253973,0.957161107,0.789555577,0.47718297,-0.726498266,-0.0406248425452991
"AT4G28740",NA,1,"FALSE","Non DTG",5.093029073,2.287548708,11.10885655,5.312695101,-0.65549548,0.477508748,-0.913498101,0.594074448,0.458465644,0.430581591,-0.090526987,0.598793876194083
"AT4G29010","AIM1",1,"TRUE","Non DTG",5.418990347,4.202032794,8.144948457,8.591018699,0.14803934,0.928748446,-0.248782535,0.936826375,0.66531917,0.48911927,-0.443860299,-0.0368296022849269
"AT4G29040","RPT2a",1,"FALSE","Non DTG",6.148553407,8.167264938,19.98098378,27.30301059,0.237448887,0.799661869,0.035417476,0.993235243,0.307720254,0.299134226,-0.040826417,0.00840984025654921
"AT4G29080","IAA27",1,"TRUE","Non DTG",2.159189755,2.320406227,8.38826503,13.25667812,0.696088593,0.442093289,0.349541861,0.948711524,0.257406001,0.175036778,-0.556387599,0.243312102218092
"AT4G29130","ATHXK1",1,"TRUE","Buffered_S",9.305336681,6.148808551,12.76002443,5.800757206,-0.873656312,0.041229294,-0.530783912,0.657034983,0.729256964,1.060001019,0.539566489,0.463722715026853
"AT4G29160","SNF7.1",1,"TRUE","Non DTG",9.528868134,4.925821941,30.27135504,31.91157758,0.130152278,0.867534593,-0.322211815,0.906973926,0.314781685,0.154358459,-1.028067054,-0.0419366017207646
"AT4G29480",NA,1,"TRUE","Non DTG",11.9336784,6.845473643,38.09412753,64.03211449,0.310682652,0.548344531,-0.21346093,0.970346925,0.313268191,0.106906881,-1.551043571,-0.0663186078307864
"AT4G29510","ATPRMT11",1,"FALSE","Non DTG",2.429086334,2.853776635,7.115723445,12.45556868,0.642645448,0.470627449,0.237397004,0.969732935,0.341368851,0.229116527,-0.575249893,0.152562103989438
"AT4G29950",NA,1,"FALSE","Non DTG",28.62253669,27.02359996,62.70178362,43.42697276,-0.457925318,4.78379e-05,-0.047340117,0.979544858,0.456486802,0.622276853,0.446983434,0.0216782381313822
"AT4G30020",NA,1,"FALSE","Non DTG",2.143113184,2.447260597,4.199492527,5.409078547,0.302535849,0.756581613,0.071206383,0.989950827,0.510326705,0.452435766,-0.173708156,0.0215424835351242
"AT4G30100",NA,1,"TRUE","Forwarded",4.269066766,8.413694056,10.26149456,16.56120613,0.862460218,0.001260387,1.01775124,0.03968963,0.416027776,0.50803631,0.288251759,0.87776995632017
"AT4G30470",NA,1,"TRUE","Non DTG",1.615549407,2.31989011,5.206161512,4.576351944,0.093180118,0.981319057,0.250618168,0.970346925,0.310314884,0.506930004,0.70805366,0.0233526304671838
"AT4G30490",NA,1,"TRUE","Non DTG",5.936474616,5.638627439,10.35778806,11.21339756,0.076045805,0.96321555,0.111132616,0.982744851,0.573141155,0.502847367,-0.18876994,0.00845116924547588
"AT4G30530","GGP1",1,"TRUE","Forwarded",32.47826132,87.77898485,112.1980574,319.0552888,1.576301222,1.13455e-39,1.575941277,3.38324e-12,0.289472582,0.275121548,-0.073357568,2.48415816073534
"AT4G30550","GGP3",1,"FALSE","Non DTG",2.989017501,2.1401456,5.905953563,5.71899004,-0.054751769,0.982955593,-0.151524815,0.986063809,0.506102439,0.374217403,-0.435552774,0.00829625166864774
"AT4G30600",NA,1,"TRUE","Forwarded",27.84119402,49.73126018,68.70331193,119.2347954,0.87432661,1.11251e-14,0.90539781,2.49767e-06,0.405238019,0.417086808,0.041578149,0.791613397918724
"AT4G30780",NA,1,"TRUE","Non DTG",5.38456104,9.673512583,9.210858031,14.52947171,0.560536078,0.260093768,0.850848658,0.185759186,0.584588431,0.665785569,0.187636322,0.476931369726883
"AT4G30790","ATG11",1,"TRUE","Non DTG",4.240573933,4.915775541,5.988707818,5.149626283,-0.106137122,0.928748446,0.247416278,0.922491402,0.708094978,0.954588794,0.430936515,-0.0262600516828719
"AT4G30810","scpl29",1,"TRUE","Non DTG",3.87005217,2.620667637,8.012598867,4.397339166,-0.713850669,0.335313889,-0.418589065,0.915554809,0.482995871,0.595966683,0.303220824,0.298810084086334
"AT4G30996","NKS1",1,"TRUE","Non DTG",14.95603405,9.249360734,39.61183284,37.78425476,0.04619091,0.971224214,-0.113674641,0.978293689,0.377564808,0.24479405,-0.62515581,-0.00525073511171331
"AT4G31130",NA,1,"FALSE","Non DTG",4.007992758,2.43522604,8.498503255,15.28640092,0.458498615,0.676862703,-0.694237422,0.84541743,0.471611605,0.159306697,-1.565792302,-0.318306896468171
"AT4G31300","PBA1",1,"FALSE","Non DTG",11.73722032,11.30082665,40.4194063,43.13332451,0.201081879,0.685565217,0.004346728,0.998984146,0.290385768,0.26199758,-0.148417258,0.000874048233741912
"AT4G31580","At-RSZ22",1,"TRUE","Non DTG",5.44908682,4.485878602,28.91799533,23.39703135,0.080999158,0.956311975,-0.6872986,0.755324829,0.188432385,0.191728538,0.025018155,-0.0556706078945788
"AT4G31990","AAT3",1,"TRUE","Non DTG",19.80328535,14.04308171,37.20532902,27.45619435,-0.329272118,0.454782429,-0.243960488,0.890513824,0.532270131,0.511472258,-0.05750262,0.0803293865920736
"AT4G32410","ANY1",1,"FALSE","Non DTG",26.40251697,25.48654347,55.90544129,49.52786854,-0.070094097,0.796721762,0.00744407,0.996883172,0.47227097,0.514589952,0.12380843,-0.00052178536465479
"AT4G32470",NA,1,"FALSE","Non DTG",23.93371755,16.63344781,119.4967869,101.2614747,-0.073998423,0.92005305,0.136331764,0.953728363,0.200287541,0.16426235,-0.286070833,-0.0100883355408082
"AT4G32530","VHA-c'",1,"FALSE","Non DTG",10.94605517,10.66397875,22.44054962,18.8668299,-0.006460736,0.997187451,0.104728083,0.987121396,0.487780173,0.565223666,0.212590755,-0.000676620496049088
"AT4G32640",NA,1,"TRUE","Non DTG",5.466587996,4.908185757,6.883272186,6.584564096,-0.100061039,0.932561997,-0.211732729,0.928031322,0.794184488,0.745407849,-0.091444172,0.0211861968540454
"AT4G32930",NA,1,"TRUE","Non DTG",3.815690699,2.205452672,16.49012707,12.25705915,-0.234325043,0.927227683,-0.026845303,0.996883172,0.231392438,0.179933265,-0.362879787,0.00629052677982303
"AT4G33090","APM1",1,"FALSE","Non DTG",7.616564867,9.654905187,12.2414344,10.41762771,-0.222172249,0.662490244,0.426790519,0.640332872,0.622195457,0.926785393,0.574867446,-0.0948210094581072
"AT4G33220","ATPME44",1,"TRUE","Non DTG",13.1835594,16.99374699,33.44763777,31.8537385,0.117042244,0.906019898,0.398484873,0.744486395,0.394155171,0.533493015,0.436705679,0.046639563735975
"AT4G33500","PP2C62",1,"TRUE","Non DTG",4.580030099,4.435120534,8.336918289,7.101884043,0.014464153,0.993787871,0.037987945,0.993235243,0.549367277,0.624499148,0.184928625,0.000549463448635585
"AT4G33660","AthCYSTM11",1,"TRUE","Non DTG",5.41593998,4.126143959,18.78377495,5.793732705,-1.464413848,0.122805947,0.057519918,0.993235243,0.288330753,0.712173683,1.304504403,-0.0842329644550245
"AT4G33670","L-GalDH",1,"TRUE","Non DTG",3.227942043,3.39029289,14.92924236,5.85430233,-0.777172452,0.491561658,0.076149293,0.991004798,0.216216065,0.579111344,1.421367034,-0.0591811327588764
"AT4G33920","APD5",1,"TRUE","Forwarded",14.2647151,33.98969305,39.26060544,78.77615144,1.061639522,1.18472e-09,1.226866431,6.27735e-06,0.363334058,0.431471866,0.247969884,1.30248989136469
"AT4G34120","CBSX2",1,"TRUE","Non DTG",9.86044233,19.27823577,57.1884554,64.92404978,0.380308251,0.328143734,0.921558816,0.141063965,0.172420155,0.296935201,0.784219706,0.350476421506591
"AT4G34190","SEP1",1,"FALSE","Non DTG",47.39967961,29.10160808,283.0155553,210.8322343,-0.340964591,0.007456644,-0.384071572,0.704992384,0.167480828,0.138032062,-0.278992541,0.130954806461707
"AT4G34450","gamma2-COP",1,"FALSE","Non DTG",16.4105208,14.47632616,30.57992334,30.14413902,0.015137901,0.989467505,-0.110241755,0.95584419,0.536643621,0.480236843,-0.16021824,-0.00166882877325626
"AT4G34640","ERG9",1,"FALSE","Non DTG",3.602766311,4.728211128,16.84194835,15.65294813,0.072290423,0.956311975,0.386910227,0.927958111,0.213916243,0.302065214,0.497814021,0.027969903972856
"AT4G34720","ATVHA-C1",1,"TRUE","Non DTG",15.14752637,20.14901395,80.46179329,59.29618221,-0.111288567,0.851335333,0.377778463,0.754489831,0.18825738,0.339802888,0.851991694,-0.0420424237907325
"AT4G35260","IDH-I",1,"TRUE","Non DTG",5.980367023,3.322419185,18.76614835,10.91869768,-0.378496227,0.690778362,-0.648655169,0.720465537,0.318678448,0.304287131,-0.066668134,0.245513534090547
"AT4G35750",NA,1,"FALSE","Buffered_S",4.790426488,4.950722449,18.92414543,63.49326061,1.394782494,0.001920171,0.310518511,0.94829104,0.253138326,0.077972408,-1.698890348,0.433105783205746
"AT4G35830","ACO1",1,"TRUE","Non DTG",23.45527901,23.27523471,43.4330322,51.9135225,0.260289926,0.397730914,0.03191226,0.988906775,0.540033192,0.44834628,-0.268434653,0.00830643979389276
"AT4G36040","DJC23",1,"TRUE","Forwarded",152.7171979,91.16848595,707.2515134,476.7243808,-0.488817816,1.18988e-06,-0.717395218,0.001121292,0.215930535,0.191239403,-0.175187467,0.350675563671604
"AT4G36130",NA,1,"TRUE","Non DTG",9.098021997,5.672375392,26.7243501,13.72066843,-0.598907724,0.131899098,-0.247949731,0.942837015,0.340439411,0.413418298,0.280204186,0.148499009059622
"AT4G36250","ALDH3F1",1,"FALSE","Non DTG",3.848411539,5.013403316,8.335691406,12.67827432,0.69458793,0.067459635,0.347008536,0.927958111,0.461678744,0.395432627,-0.2234574,0.24102794071257
"AT4G36500",NA,1,"TRUE","Forwarded",28.35528198,104.7185046,228.7047784,762.4602226,1.86837508,4.79026e-63,1.96388097,1.33377e-13,0.123982027,0.137342908,0.147651427,3.66926626443423
"AT4G36800","RCE1",1,"FALSE","Non DTG",15.47692134,11.78097313,70.63640235,80.54769096,0.289467881,0.284012367,-0.00513954,0.998844586,0.219106874,0.146260842,-0.583091173,-0.00148773175311474
"AT4G36810","AtGGPPS11",1,"FALSE","Non DTG",12.62139989,7.5041656,28.26062981,20.77372302,-0.308897272,0.663668149,-0.664734017,0.524291232,0.446607169,0.361233544,-0.306074542,0.205334524456902
"AT4G37040","MAP1D",1,"TRUE","Non DTG",7.112619612,2.810339688,18.16875916,18.19654406,0.109753141,0.905437541,-1.038954335,0.329611598,0.391475254,0.154443595,-1.341841071,-0.114028501621816
"AT4G37120","SMP2",1,"TRUE","Non DTG",6.047544604,5.312038197,10.16003685,12.47484775,0.405410194,0.548344531,-0.056605541,0.989950827,0.595228609,0.425819882,-0.483200558,-0.022948463358285
"AT4G37470","KAI2",1,"TRUE","Non DTG",6.038558144,5.094956132,14.49467634,9.722174479,-0.180147429,0.858783522,-0.137322429,0.985025614,0.416605242,0.524055204,0.331037802,0.024738282528385
"AT4G37510",NA,1,"TRUE","Non DTG",8.109217894,7.981668467,27.97190804,20.09667263,-0.314775769,0.438010392,-0.189168121,0.952264185,0.289905783,0.397163681,0.454149588,0.05954554075806
"AT4G37610","BT5",1,"TRUE","Forwarded",53.76431761,77.38630565,106.7493786,158.5198121,0.703423743,0.000107977,0.611674755,0.00225462,0.503649935,0.488180655,-0.045006202,0.430266545660708
"AT4G37640","ACA2",1,"FALSE","Forwarded",11.64064813,61.94434085,18.79500056,118.1034015,2.720574732,4.6721e-126,2.392376147,1.79239e-65,0.619348113,0.524492437,-0.239828554,6.50863809496772
"AT4G37880",NA,1,"FALSE","Non DTG",5.676125079,2.876925722,17.02234212,11.53339878,-0.092442637,0.965629273,-0.473433756,0.866033814,0.333451475,0.249443011,-0.418766579,0.0437654648494546
"AT4G37925","NDH-M",1,"TRUE","Non DTG",12.43254356,21.12330148,33.08569866,19.27175458,-0.474728041,0.288524404,0.819280964,0.446726286,0.375767902,1.096075679,1.544433672,-0.388935647068311
"AT4G37930","SHM1",1,"FALSE","Non DTG",246.3671872,199.8117227,735.5325885,679.6806719,0.014474133,0.962263736,-0.221088683,0.322155804,0.334950743,0.293978821,-0.188236729,-0.00320006700253684
"AT4G38890",NA,1,"TRUE","Non DTG",3.05520581,3.985898322,5.22116626,3.271233329,-0.498111555,0.681757649,0.230551464,0.957161107,0.585157732,1.218469587,1.058172773,-0.114840348240567
"AT4G39150",NA,1,"TRUE","Non DTG",4.479864827,4.145727733,9.87643554,11.10626982,0.527141434,0.594384472,0.01747174,0.996883172,0.453591259,0.373278139,-0.281141817,0.00921007807807516
"AT4G39350","ATCESA2",1,"TRUE","Non DTG",10.15149095,7.869771237,15.33777294,13.52803877,-0.114752863,0.851029372,-0.236009393,0.90508732,0.661862122,0.58173778,-0.186161709,0.0270827535416422
"AT4G39520","Drg1-1",1,"TRUE","Non DTG",4.812857229,3.44376112,14.05557708,15.36120214,0.402568752,0.448528246,-0.373884407,0.909793644,0.342416195,0.224185652,-0.61105699,-0.15051417911825
"AT4G39660","AGT2",1,"TRUE","Non DTG",4.078130624,6.364005491,13.81937868,19.01223016,0.552612305,0.086894566,0.606371194,0.741240906,0.295102314,0.334732193,0.181792076,0.335088183201942
"AT4G39690","MIC60",1,"TRUE","Non DTG",2.147809424,3.025143854,6.585481553,5.446868602,-0.341810099,0.759287304,0.710394028,0.69660785,0.326143108,0.555391377,0.767999635,-0.242819853039689
"AT4G39910","ATUBP3",1,"FALSE","Non DTG",6.750560517,6.048658365,18.88257534,24.58443403,0.296048277,0.636352884,0.389075661,0.863193846,0.35750211,0.246036104,-0.53908172,0.115185179061686
"AT4G39970",NA,1,"FALSE","Non DTG",12.46930921,13.76599067,78.45968684,73.39350021,-0.007723371,0.992533178,0.050393494,0.989950827,0.158926319,0.187564166,0.239026169,-0.000389207650148274
"AT5G01800",NA,1,"FALSE","Non DTG",8.200221669,2.333423946,27.38811056,31.5140226,0.144929331,0.891055214,-0.850175586,0.679703458,0.299408083,0.074043989,-2.01565864,-0.123215378911513
"AT5G02120","OHP",1,"TRUE","Non DTG",30.92526607,36.95004645,223.5566024,141.9811527,-0.426597146,0.067459635,0.396791372,0.844904665,0.138333047,0.260246137,0.911730893,-0.169270066852624
"AT5G02160","FIP",1,"TRUE","Non DTG",112.3518419,98.78153074,588.06706,608.803446,0.190944518,0.109155449,0.01393481,0.996057284,0.191052772,0.16225521,-0.235706389,0.00266077557887158
"AT5G02250","ATMTRNASEII",1,"TRUE","Buffered_S",2.912653458,2.275754809,7.047521223,1.900837501,-1.31532997,0.012615076,-0.404382635,0.90529099,0.413287646,1.197237958,1.53449178,0.531896599163071
"AT5G02310","GED1",1,"TRUE","Non DTG",5.688909717,7.030938219,5.532755575,7.768701483,0.482549054,0.241076803,0.385690598,0.563750746,1.028223575,0.905033902,-0.184110254,0.186114633201594
"AT5G02380","MT2B",1,"TRUE","Buffered_S",233.3643413,199.9698284,2250.619713,2787.385718,0.390698341,0.003966446,0.220583068,0.763479335,0.103688926,0.071740996,-0.53139214,0.0861814387202902
"AT5G02450",NA,1,"TRUE","Non DTG",7.175789862,9.869941578,77.29041636,57.1587391,-0.004181675,0.997282424,1.064337679,0.210131511,0.09284191,0.172675985,0.895219349,-0.00445071426383233
"AT5G02490","AtHsp70-2",1,"TRUE","Non DTG",2.243559878,1.452834894,4.537540959,3.596847204,-0.424046453,0.64076955,-0.506420956,0.871910534,0.494443995,0.403918991,-0.291741138,0.214746010116669
"AT5G02790","GSTL3",1,"TRUE","Non DTG",24.83470902,26.19355291,93.53937323,91.33924432,0.050359203,0.913711595,0.213005792,0.918446523,0.265500058,0.286772166,0.111192825,0.0107268019195038
"AT5G02800","CDL1",1,"FALSE","Non DTG",2.065308899,2.159007428,6.712972992,6.589812231,-0.012429748,0.995714687,0.589199991,0.848107323,0.307659349,0.327628065,0.090725111,-0.00732360740973227
"AT5G03300","ADK2",1,"TRUE","Non DTG",6.98416969,7.348743622,21.55316398,14.91147981,-0.328044116,0.482296414,0.194855823,0.964026953,0.324043825,0.49282457,0.604885242,-0.0639213062034875
"AT5G03340","AtCDC48C",1,"TRUE","Non DTG",1.911507224,2.601887188,4.239351945,4.478951312,0.114086534,0.955140301,0.697397898,0.696353048,0.450896092,0.580914372,0.365530517,0.0795637090017055
"AT5G03420","PTST3",1,"TRUE","Non DTG",2.645097237,1.450769395,4.054235362,4.199870736,0.394701871,0.685251906,-0.649572161,0.808039381,0.65242814,0.345431916,-0.917417623,-0.256387347296213
"AT5G03520","ATRAB-E1D",1,"FALSE","Non DTG",11.26687587,12.9157569,40.7957343,25.88575196,-0.714782492,0.304948832,0.324487764,0.891081568,0.276177793,0.498952355,0.853304739,-0.231938172575428
"AT5G03630","MDAR2",1,"FALSE","Intensified",4.270260267,24.03891307,12.40115976,99.27584855,3.021727036,1.73952e-66,2.094222384,9.4315e-10,0.344343622,0.24214261,-0.507991981,6.32816839712917
"AT5G03650","SBE2.2",1,"TRUE","Non DTG",7.843999723,8.941607074,14.73132895,10.0105173,-0.408894903,0.432747261,0.285705358,0.890513824,0.532470611,0.89322128,0.746315722,-0.11682346464599
"AT5G03760","ATCSLA09",1,"TRUE","Non DTG",5.908039425,5.050385277,7.596906612,10.28514653,0.351415967,0.83421846,-0.117318245,0.978661922,0.777690148,0.491036784,-0.66336436,-0.0412275045134179
"AT5G03850",NA,1,"TRUE","Non DTG",4.428636847,6.63561094,63.11497213,70.34197134,-0.388044077,0.678837144,0.750582648,0.739202001,0.07016777,0.094333594,0.426963116,-0.291259150855376
"AT5G03940","54CP",1,"TRUE","Non DTG",10.12024652,6.51703791,19.07662219,14.73932946,-0.323184336,0.61134985,-0.475521405,0.718410268,0.53050516,0.442152944,-0.262821291,0.153681069528712
"AT5G04140","FD-GOGAT",1,"FALSE","Non DTG",114.5130411,106.2644159,130.1706512,112.4059205,-0.111874527,0.432028241,-0.100247391,0.862501192,0.879714744,0.945363157,0.103832849,0.0112151294511091
"AT5G04240","ELF6",1,"TRUE","Non DTG",2.586512634,1.874811804,3.394453336,3.4917116,0.186198151,0.873993617,-0.30050578,0.922062997,0.761982086,0.536932032,-0.505017606,-0.0559536206008128
"AT5G04340","AtZAT6",1,"TRUE","Forwarded",6.378276749,20.42405903,34.64050116,119.7072137,2.049884561,4.4488e-20,1.420779,0.006310224,0.184127727,0.170616777,-0.109947375,2.91243293669302
"AT5G04410","anac078",1,"TRUE","Non DTG",5.701961995,10.50881165,14.4516731,16.40693924,0.294510068,0.6199831,0.831578448,0.291526199,0.394553762,0.640510182,0.698999608,0.244908225267814
"AT5G04590","SIR",1,"TRUE","Non DTG",25.40189609,34.58073306,62.53099035,63.11476491,0.016674899,0.981376755,0.427158856,0.322155804,0.406228911,0.54790243,0.431626085,0.00712283078075554
"AT5G04600",NA,1,"TRUE","Buffered_S",2.773419196,3.832174649,24.58128768,10.27727908,-1.243927715,0.018230914,0.025794038,0.996883172,0.112826441,0.372878329,1.724599751,-0.0320859187499632
"AT5G04740","ACR12",1,"FALSE","Non DTG",3.686187106,3.589558985,18.86557551,16.99089419,0.012478998,0.99520541,0.130270042,0.986306587,0.195392243,0.211263689,0.112671634,0.00162563959357792
"AT5G05000","ATTOC34",1,"TRUE","Non DTG",3.02491635,1.591068796,7.704592999,2.063322025,-1.000627854,0.350221122,-0.311062584,0.957797759,0.392612089,0.771119959,0.973850715,0.311257885887615
"AT5G05080","ATUBC22",1,"TRUE","Non DTG",2.859584844,6.039760367,15.98933487,12.32447362,-0.591023587,0.173926901,-0.152302497,0.977375972,0.178843264,0.490062339,1.454269496,0.0900143680859967
"AT5G05140",NA,1,"TRUE","Non DTG",10.14027523,9.491437945,23.35295701,29.97233335,0.575031282,0.087728933,0.070184764,0.987703677,0.43421804,0.316673308,-0.455424398,0.0403584348197874
"AT5G05170","ATCESA3",1,"TRUE","Non DTG",36.50849567,29.93450641,69.60559885,56.44275559,-0.266462532,0.079458339,-0.239636657,0.559495396,0.524505159,0.530351612,0.015992191,0.0638541903842355
"AT5G05270","AtCHIL",1,"TRUE","Non DTG",5.853645088,1.708579901,14.56421972,8.350062746,-0.563434867,0.492289194,-0.73248629,0.771567415,0.401919581,0.20461881,-0.973968093,0.412708315385473
"AT5G05440","AtPYL5",1,"TRUE","Non DTG",33.90022911,21.18843993,210.9693226,224.2118055,0.138845108,0.771564965,-0.143182336,0.961585417,0.160687955,0.094501892,-0.765846669,-0.0198801669056123
"AT5G05450","RH18",1,"TRUE","Non DTG",3.20844526,3.346277214,7.744678583,5.103400796,-0.602764444,0.327327633,-0.034124737,0.993889967,0.414277394,0.655695554,0.662429015,0.0205691781244512
"AT5G05470","ATEIF2-A2",1,"TRUE","Non DTG",1.920350523,1.284069232,2.246170684,4.176659932,-0.003643663,0.998866977,0.143258129,0.987459256,0.854944166,0.307439258,-1.475528803,-0.000521984344086527
"AT5G06060",NA,1,"TRUE","Non DTG",5.866977051,9.654639815,22.09851255,17.11368843,-0.259791395,0.787157671,0.813449473,0.69286726,0.265491944,0.564147224,1.087403624,-0.211327173352685
"AT5G06130","AtOR-like",1,"TRUE","Non DTG",8.776325911,8.980537869,25.5881233,23.052186,-0.3565012,0.566790569,-0.104936926,0.985287668,0.342984353,0.389574241,0.183755527,0.0374101400433112
"AT5G06210","S-RBP11",1,"TRUE","Non DTG",3.607340382,5.677402321,7.88233417,8.985964751,-0.096512772,0.975573111,0.414047456,0.936826375,0.45764875,0.631807767,0.465244931,-0.039960867718108
"AT5G06320","NHL3",1,"TRUE","Forwarded",66.69762556,120.1639046,174.0225281,342.1206526,1.118228758,2.96996e-07,1.06769312,7.72832e-08,0.383270064,0.351232536,-0.125934825,1.19392515150274
"AT5G06560","MyoB7",1,"FALSE","Non DTG",3.823303329,7.257531392,9.874955268,18.46815588,1.02729716,0.000579599,0.832802737,0.221269757,0.387171711,0.392975424,0.021465547,0.855535886560327
"AT5G06970","PATROL1",1,"TRUE","Buffered_S",10.11905592,10.18651499,9.599601641,16.01456751,0.72547356,0.000122583,-0.038448402,0.988906775,1.054112066,0.636078057,-0.728752529,-0.0278932990752511
"AT5G07020","MPH1",1,"TRUE","Non DTG",37.24931834,32.51519894,159.379779,155.9886221,-0.010812302,0.98536334,-0.217409233,0.87038897,0.233714205,0.208445965,-0.165071974,0.00235069428478437
"AT5G07290","AML4",1,"FALSE","Non DTG",2.219341003,1.980417005,6.41362873,7.100588969,-0.087725057,0.952226388,0.047134246,0.993235243,0.346035154,0.278908836,-0.311124967,-0.00413485441700202
"AT5G07340",NA,1,"TRUE","Non DTG",1.830924945,1.846603766,3.524923207,2.418930201,-0.593655056,0.587577341,0.232999312,0.970346925,0.519422648,0.763396879,0.555524369,-0.138321219613321
"AT5G08050","RIQ1",1,"FALSE","Non DTG",45.09879615,38.0538413,277.5347484,231.3690609,-0.232988408,0.089484093,-0.264915534,0.868691965,0.162497836,0.164472472,0.017425625,0.0617222485211299
"AT5G08160","ATPK3",1,"FALSE","Non DTG",5.677041782,2.967139056,25.40227297,15.46739022,-0.429996951,0.316449859,-0.857805025,0.491893733,0.223485583,0.191831913,-0.220339019,0.368853545302479
"AT5G08200",NA,1,"TRUE","Non DTG",2.649525293,1.849977594,8.750077245,11.65874769,0.370014292,0.555146504,-0.524671696,0.876460377,0.302800218,0.158677213,-0.932271276,-0.194136026127879
"AT5G08300",NA,1,"FALSE","Non DTG",8.938782113,6.746642847,23.11512709,28.01138954,0.22551751,0.719423391,-0.239658481,0.940256214,0.386707029,0.240853558,-0.683084747,-0.0540471838855023
"AT5G08520","MYBS2",1,"TRUE","Non DTG",3.478149475,3.417487228,11.2109025,5.516092595,-0.89876424,0.115221017,0.147063715,0.982876393,0.310247054,0.619548561,0.997799855,-0.132175608043552
"AT5G08590","ASK2",1,"TRUE","Non DTG",7.7871999,4.452177768,18.1076877,16.62181401,-0.104874611,0.920573627,-0.554376619,0.747006029,0.430049382,0.267851497,-0.683068972,0.0581400322651202
"AT5G09870","CESA5",1,"TRUE","Non DTG",13.2021036,12.67618245,23.815507,20.70221624,-0.030797008,0.960313888,0.051435062,0.985287668,0.554349046,0.612310407,0.143468547,-0.0015840460158945
"AT5G09920","ATRPB15.9",1,"FALSE","Non DTG",4.301625793,3.792152159,15.48674513,24.39653763,0.534489211,0.501624608,0.185732398,0.979422389,0.277761773,0.155438129,-0.837507626,0.099271962864158
"AT5G10540","TOP2",1,"TRUE","Non DTG",4.086120718,4.511605736,11.73755011,10.50557068,-0.013151924,0.994871386,-0.055664235,0.989950827,0.348123815,0.429448897,0.302885954,0.00073209178823814
"AT5G10810","ATER",1,"TRUE","Non DTG",8.187713098,3.357684833,8.453988583,13.30343996,0.832576154,0.486853344,-0.9109975,0.696353227,0.968502976,0.252392227,-1.940089004,-0.758474794853615
"AT5G10840","EMP1",1,"TRUE","Non DTG",12.13262864,7.613654155,20.33770766,19.10875142,0.113331995,0.862348251,-0.512382453,0.640807688,0.596558316,0.398438076,-0.582307652,-0.0580693256014837
"AT5G10960","CAF1i",1,"TRUE","Non DTG",4.147978725,3.962502005,30.98817682,27.82095795,-0.403212198,0.368380412,0.506115034,0.888151421,0.133856817,0.142428669,0.089548951,-0.204071755299985
"AT5G11000",NA,1,"FALSE","Forwarded",3.648068362,23.47402054,15.17470373,104.9440674,2.844704286,4.35279e-31,2.574500069,1.3636e-11,0.240404586,0.223681253,-0.104020065,7.32369138059159
"AT5G11070",NA,1,"TRUE","Non DTG",40.30215659,39.14046342,118.573686,112.8660374,0.088784676,0.851899506,0.078310793,0.979544858,0.339891235,0.346786902,0.028976248,0.00695279838380807
"AT5G11670","ATNADP-ME2",1,"TRUE","Forwarded",15.02926753,56.11106581,45.10678527,186.6733149,2.063163947,1.46215e-58,2.079010972,5.4198e-22,0.333193054,0.30058429,-0.148588716,4.28934048284783
"AT5G11680",NA,1,"FALSE","Non DTG",6.013240522,4.097190456,19.20303197,14.35294082,-0.210849881,0.854469801,-0.159844847,0.981023779,0.313140161,0.285459998,-0.133519958,0.0337032669684132
"AT5G11740","AGP15",1,"TRUE","Non DTG",117.7496625,69.63963601,926.4246507,962.8003212,0.071404241,0.799930718,0.084478069,0.970346925,0.127101176,0.0723303,-0.813305339,0.00603209239809063
"AT5G11790","NDL2",1,"FALSE","Non DTG",7.332234899,2.795261638,22.44152227,23.77124537,-0.072925796,0.940598326,-1.317480315,0.180134145,0.326726271,0.117590038,-1.474316625,0.0960783006857057
"AT5G11850","M3Kdelta1",1,"FALSE","Non DTG",2.212037805,2.474865236,7.268281376,6.257389771,-0.126960506,0.91068703,0.200457025,0.970346925,0.304341245,0.3955108,0.378027225,-0.0254501253252547
"AT5G12140","ATCYS1",1,"TRUE","Non DTG",14.08845522,12.17505081,136.4689182,124.5255396,0.114950975,0.770024838,0.279983338,0.929666208,0.103235633,0.097771516,-0.078454896,0.0321843576868545
"AT5G12350",NA,1,"TRUE","Non DTG",1.949351842,1.563139765,3.567460616,1.616640152,-0.602245131,0.50160811,-0.145031028,0.977375972,0.54642561,0.966906434,0.823351188,0.0873442304569247
"AT5G12430","DJC31",1,"TRUE","Non DTG",2.693704939,1.987965803,2.962120963,4.635478628,0.639494486,0.233561002,-0.334215281,0.91649376,0.909383841,0.4288588,-1.084386644,-0.213728829336441
"AT5G12940",NA,1,"TRUE","Non DTG",3.669509183,8.254599267,12.40428172,23.63781111,1.041437112,0.018292726,1.301624672,0.073152502,0.295826011,0.34921166,0.239352823,1.35556023931563
"AT5G13010","CUV",1,"TRUE","Non DTG",4.558739951,4.15107988,5.6245555,4.912519246,-0.04282366,0.970047031,-0.206159648,0.936826375,0.810506706,0.845000227,0.060127607,0.00882851067167168
"AT5G13030","SELO",1,"TRUE","Non DTG",11.99399054,9.52090669,26.67986124,30.21203972,0.331302278,0.124988729,-0.308267368,0.861570253,0.449552208,0.315136177,-0.512513291,-0.102129681251464
"AT5G13160","PBS1",1,"TRUE","Non DTG",6.320939849,6.748143093,14.67586457,6.762729766,-0.340742653,0.580630056,0.333959556,0.906973926,0.430703065,0.997843079,1.212119365,-0.113794265106142
"AT5G13450","ATP5",1,"TRUE","Non DTG",17.9693494,14.98726035,69.66437896,55.03908698,-0.153777076,0.666554889,-0.169110497,0.939821128,0.257941715,0.272302125,0.078163132,0.0260053177495668
"AT5G13560",NA,1,"TRUE","Non DTG",3.547680395,3.14901007,8.871616592,10.31556892,0.264573677,0.779611909,0.050624317,0.991863328,0.399891086,0.305267707,-0.389532142,0.0133938616943036
"AT5G14120",NA,1,"FALSE","Non DTG",67.29883204,62.00002381,132.5261979,114.8030185,-0.141274952,0.51643414,0.026223307,0.987703677,0.507815308,0.540055694,0.088804309,-0.00370469643770626
"AT5G14240",NA,1,"TRUE","Non DTG",3.746405753,3.218830761,11.90996823,10.36363406,0.591532914,0.592434158,-0.758360985,0.69286726,0.314560516,0.310589002,-0.018330849,-0.44859548332096
"AT5G14320","EMB3137",1,"FALSE","Non DTG",94.32161422,48.46786959,235.3727597,280.1189523,0.162818808,0.278012998,-0.772248704,0.069729532,0.400732924,0.173026028,-1.211651972,-0.125736613464825
"AT5G14720","MAP4K4",1,"FALSE","Non DTG",8.65835079,7.947312447,18.44717234,16.6093371,-0.154766596,0.744442434,0.106934348,0.972259272,0.46935924,0.478484626,0.027780009,-0.0165498650354394
"AT5G15200",NA,1,"TRUE","Non DTG",55.16295593,34.97405261,328.7774825,328.1650723,-0.075567215,0.874111818,0.009156419,0.996883172,0.167782038,0.106574573,-0.65472499,-0.000691925083203085
"AT5G15400","MUSE3",1,"TRUE","Non DTG",4.271203255,4.630696661,6.063765637,4.06339013,-0.484746941,0.451401745,0.183268856,0.953728363,0.704381322,1.139614094,0.69411681,-0.0888390173265695
"AT5G15650","ATRGP2",1,"TRUE","Non DTG",35.70187124,44.08141058,182.4194919,269.2247446,0.538179453,0.005784495,0.35231872,0.389504549,0.195713029,0.163734618,-0.257380424,0.18961069601126
"AT5G15680",NA,1,"TRUE","Non DTG",2.401497021,2.910741156,3.306370262,3.70677455,0.110568895,0.935926433,0.389607567,0.828547374,0.726324286,0.78524904,0.112536453,0.0430784781668285
"AT5G16050","GF14",1,"TRUE","Non DTG",5.33068781,11.37236459,29.2166628,26.94986985,-0.177314786,0.836004868,0.771327434,0.587220481,0.182453686,0.421982171,1.209651753,-0.136767758895639
"AT5G16070","CCT6-1",1,"TRUE","Non DTG",3.641676467,2.30408794,5.023626526,8.931071866,0.904405602,0.233729313,-0.298640884,0.938037002,0.724909873,0.257985601,-1.490511093,-0.270092488475832
"AT5G16150","GLT1",1,"TRUE","Non DTG",21.23588971,18.95818048,46.77561773,54.68769658,0.351864443,0.027604324,-0.0011637,0.999363834,0.453994853,0.346662626,-0.389143638,-0.0004094646523191
"AT5G16270","ATRAD21.3",1,"TRUE","Non DTG",6.800609718,8.237390753,5.477674908,8.905348074,0.669704939,0.255232327,0.322173769,0.831990072,1.241513933,0.924993687,-0.424585027,0.215761364315545
"AT5G16590","LRR1",1,"FALSE","Non DTG",7.976399865,7.895565899,10.81580892,7.014573514,-0.418826307,0.740927811,0.091292466,0.982876393,0.737476034,1.125594576,0.61001921,-0.0382356863917031
"AT5G16620","ATTIC40",1,"TRUE","Non DTG",9.211675774,6.76184919,22.03563437,19.51030156,-0.051011612,0.964219283,-0.506504291,0.742144263,0.418035425,0.346578405,-0.27044344,0.0258376003688271
"AT5G16650",NA,1,"TRUE","Non DTG",4.287798322,4.983754851,24.16789437,8.867868927,-0.6232383,0.238081896,-0.266591206,0.964068412,0.177417124,0.562001411,1.663428487,0.16614985002239
"AT5G16660",NA,1,"TRUE","Non DTG",7.72821153,4.378402251,42.09240326,25.05736104,-0.436923492,0.404164084,0.653122586,0.75838555,0.1836011,0.17473517,-0.07140468,-0.28536460097919
"AT5G16680","PAIPP2",1,"FALSE","Non DTG",3.609784874,3.881396492,3.144397471,4.188376396,0.588712092,0.17008709,0.190261925,0.949613625,1.148005272,0.926706706,-0.308944551,0.112009495894697
"AT5G16730",NA,1,"TRUE","Non DTG",2.411620852,2.304177475,4.868064784,3.448092557,-0.046259343,0.987419888,0.127824833,0.982744851,0.495396212,0.668246991,0.4317986,-0.00591309279366472
"AT5G16830","ATPEP12",1,"TRUE","Non DTG",10.74840939,13.807603,36.05378615,44.21879262,0.377253812,0.596107883,0.369547346,0.878702586,0.298121516,0.312256445,0.066830849,0.139413144992983
"AT5G16970","AER",1,"TRUE","Buffered_S",2.339564515,2.493758394,6.163390835,2.193432285,-1.283456946,0.014336932,-0.239186431,0.959658209,0.379590485,1.13692062,1.582615795,0.3069854862559
"AT5G17190",NA,1,"TRUE","Non DTG",8.251994051,10.3422463,36.58415519,32.93435279,-0.300520311,0.727336641,0.514011597,0.873896222,0.225561968,0.314026098,0.477360626,-0.154470924988047
"AT5G17230","PSY",1,"FALSE","Non DTG",58.50186591,60.98222202,132.968912,129.174044,0.049914536,0.894149119,0.141591824,0.899651201,0.439966493,0.472093465,0.101678857,0.00706749019635366
"AT5G17380",NA,1,"TRUE","Non DTG",8.645446042,5.364880872,12.67861755,6.72622752,-0.783780094,0.047458255,-0.732592441,0.532224008,0.681891855,0.797606215,0.226133698,0.57419137227067
"AT5G17770","ATCBR",1,"TRUE","Buffered_S",5.925245612,8.101129189,31.30629032,19.67609298,-0.81072548,0.038899699,0.216285004,0.954670522,0.189266935,0.411724482,1.121256843,-0.175347763684702
"AT5G17890","CHS3",1,"TRUE","Non DTG",2.392051426,1.514419037,4.181861683,3.324792786,-0.138227781,0.915784563,-0.466501683,0.813033124,0.572006347,0.455492758,-0.328603039,0.0644834924738554
"AT5G17990","pat1",1,"TRUE","Non DTG",4.424125065,5.615308759,13.84856094,16.26843628,0.273932105,0.696994361,0.50697185,0.804102054,0.319464606,0.345165857,0.111633664,0.138875866046244
"AT5G18150",NA,1,"TRUE","Non DTG",4.587902178,14.05720674,28.79063345,123.1147122,2.144403041,3.41061e-09,1.347179536,0.313933968,0.159353985,0.114179747,-0.480928325,2.88889589377137
"AT5G18190","AEL4",1,"TRUE","Non DTG",3.498779524,4.829898663,6.159441648,5.686669819,-0.070045301,0.966101551,0.265448119,0.922062997,0.568035177,0.849336926,0.5803567,-0.0185933933952388
"AT5G18280","APY2",1,"TRUE","Non DTG",3.601574465,2.950489425,9.426288793,6.946987953,-0.307338591,0.669472127,-0.031983212,0.996057284,0.382077671,0.424714919,0.152628841,0.00982967531173429
"AT5G18480","IPUT1",1,"TRUE","Non DTG",4.860465256,9.266643006,13.97475011,23.99120723,0.814374612,0.043159848,0.836439862,0.323817193,0.347803375,0.386251635,0.151269105,0.681175388077584
"AT5G18580","EMB40",1,"FALSE","Non DTG",5.65137324,5.555881529,10.84874317,14.12098602,0.309307845,0.642052369,0.029194994,0.994137552,0.520924235,0.393448554,-0.404898552,0.00903024067892793
"AT5G18600","ROXY10",1,"TRUE","Buffered_S",29.41202674,18.51385317,208.0860803,280.5003083,0.411404621,0.009258813,0.263210497,0.856795714,0.141345479,0.066002969,-1.098622912,0.108286014761507
"AT5G18630",NA,1,"TRUE","Non DTG",5.318873157,6.662141977,11.33069204,20.01338159,0.528829586,0.279836367,0.148841089,0.971959027,0.469421739,0.332884373,-0.495863509,0.0787115714756592
"AT5G18660","DVR",1,"TRUE","Non DTG",11.09968096,11.74123572,25.50014225,16.98603395,-0.256001818,0.7346132,0.105895784,0.977375972,0.435279178,0.691228791,0.667222302,-0.0271095132225353
"AT5G19010","MPK16",1,"TRUE","Non DTG",6.89595048,7.294893287,11.84079568,16.20696365,0.387269369,0.298674495,0.184558984,0.948709768,0.582389112,0.450108573,-0.37171034,0.0714740412769611
"AT5G19190",NA,1,"TRUE","Non DTG",6.066040904,12.19162117,24.69834137,27.41322811,0.233891877,0.806782691,0.879624564,0.576518967,0.245605193,0.444734969,0.856604782,0.205737040329267
"AT5G19220","ADG2",1,"TRUE","Non DTG",40.57481592,39.48663152,100.8393454,105.4420773,0.132559436,0.517664308,-0.00038422,0.999983173,0.402370878,0.374486472,-0.103612287,-5.093198649992e-05
"AT5G19240",NA,1,"TRUE","Forwarded",95.46259733,138.2569372,347.897552,506.783627,0.646565218,4.19457e-05,0.606392571,0.014629119,0.274398589,0.272812557,-0.008363011,0.392072344862195
"AT5G19260","FAF3",1,"TRUE","Non DTG",2.019732848,2.507827439,6.298783923,7.924113763,0.295751933,0.838088436,0.070171215,0.992589008,0.320654411,0.316480494,-0.018902669,0.0207532724772086
"AT5G19330","ARIA",1,"TRUE","Non DTG",3.539333432,3.354564549,10.44508748,10.39991382,0.156829132,0.87696402,0.01433966,0.996968648,0.338851488,0.322556956,-0.071099175,0.00224887643097512
"AT5G19485",NA,1,"FALSE","Non DTG",1.421352152,1.30032327,3.784261229,2.379057617,-0.692183402,0.521729001,-0.020402483,0.996968648,0.375595675,0.546570735,0.541227764,0.0141222600921872
"AT5G19690","STT3A",1,"TRUE","Non DTG",6.087974722,6.094930019,8.82888617,3.79546186,-0.892169259,0.065105994,-0.093181934,0.981413902,0.689551842,1.60584673,1.219603276,0.0831340570089669
"AT5G19770","TUA3",1,"FALSE","Non DTG",5.655634284,3.251099082,10.7913198,3.624633685,-0.594879021,0.348218802,-0.084806438,0.982744851,0.524091065,0.896945558,0.775202907,0.0504495708119372
"AT5G20080",NA,1,"TRUE","Non DTG",5.490164723,5.613000079,20.99875842,18.25098251,-0.22531911,0.775666911,0.171659726,0.970346925,0.261451873,0.307545091,0.234252542,-0.0386782166851639
"AT5G20160",NA,1,"TRUE","Non DTG",7.533294296,5.183959984,36.89152552,20.01225177,-0.659208137,0.610199208,-0.046562194,0.993885949,0.204201214,0.259039315,0.343179631,0.0306941771613726
"AT5G20165",NA,1,"TRUE","Non DTG",2.873522565,6.462146271,14.58802531,13.91396527,0.29688697,0.903785697,0.145028395,0.987703677,0.196978172,0.464435992,1.23744401,0.0430570407555131
"AT5G20180",NA,1,"TRUE","Non DTG",1.949546476,3.324552691,12.85343359,14.18114285,0.397485883,0.768833314,0.185921218,0.98206646,0.151675151,0.234434751,0.628201696,0.0739010595051655
"AT5G20250","DIN10",1,"FALSE","Non DTG",108.3019837,97.47397144,331.9697311,232.2836533,-0.404471632,9.86722e-06,-0.113275696,0.833378374,0.326240538,0.419633367,0.363193336,0.0458168056270559
"AT5G20270","HHP1",1,"TRUE","Non DTG",6.274845596,3.463869653,12.41919847,4.24170886,-0.827235101,0.492217209,-0.703960928,0.720465537,0.505253669,0.816621264,0.692659241,0.582341189374134
"AT5G20280","ATSPS1F",1,"TRUE","Non DTG",10.59059589,7.393791429,13.22556609,8.51257852,-0.336349041,0.284808199,-0.532561329,0.347301053,0.800766925,0.868572479,0.117263855,0.179126492282835
"AT5G20350","TIP1",1,"FALSE","Non DTG",5.326677382,10.84050468,14.2641362,33.14480952,1.222422391,0.000374238,0.952668403,0.180023876,0.373431472,0.327064926,-0.191266465,1.16456318702541
"AT5G20500",NA,1,"FALSE","Non DTG",5.143149904,4.744423461,43.40676888,44.37300233,-0.073021859,0.945896426,0.223050927,0.966582294,0.118487278,0.106921398,-0.148181557,-0.0162875933412133
"AT5G20920","eIF-2bs",1,"TRUE","Non DTG",4.34278991,4.100994495,23.8104893,21.53887253,-0.04908957,0.981281699,-0.367306578,0.913839092,0.18238978,0.190399683,0.062006181,0.0180309219721915
"AT5G21060",NA,1,"FALSE","Non DTG",5.017965984,2.83024348,12.31556009,9.143152231,-0.271674744,0.843780853,-0.655195867,0.761143727,0.407449271,0.30954789,-0.396457826,0.178000169437083
"AT5G21090",NA,1,"TRUE","Forwarded",33.25434376,57.01255301,142.315884,211.1731346,0.620239111,1.13123e-07,0.830638922,0.012489862,0.233665722,0.269980143,0.20840719,0.515194746543278
"AT5G21326","CIPK26",1,"TRUE","Buffered_S",5.951732676,4.121007904,8.174276814,12.76941456,0.80118291,0.010471949,-0.127425538,0.9805112,0.728105105,0.32272489,-1.173841876,-0.102091163343156
"AT5G21940",NA,1,"TRUE","Non DTG",50.38833129,40.66720578,255.0868556,235.3849478,0.017844027,0.961547121,-0.04946322,0.984477763,0.197534017,0.172768931,-0.193257318,-0.00088262303318694
"AT5G21990","AtTPR7",1,"TRUE","Non DTG",7.958968938,5.761235101,17.45413176,22.27165678,0.302677211,0.477239448,-0.268070329,0.920224397,0.455993403,0.258680131,-0.817843705,-0.0811387795335724
"AT5G22250","AtCAF1b",1,"FALSE","Buffered_S",8.859063278,19.17559994,18.45603214,56.54974627,1.773753602,1.22069e-13,1.157363634,0.091016066,0.480009095,0.33909259,-0.501382482,2.05287791463131
"AT5G22510","A/N-InvE",1,"TRUE","Non DTG",8.202299504,9.730634587,23.98556831,20.18112799,-0.238338336,0.494506669,0.382983939,0.771515916,0.341968112,0.48216505,0.495665279,-0.0912797547359855
"AT5G22630","ADT5",1,"TRUE","Forwarded",5.929763709,16.95679109,23.42572241,73.78264433,1.677292308,5.2348e-22,1.518909183,0.000474901,0.253130452,0.229820864,-0.139371299,2.54765468919646
"AT5G22950","VPS24.1",1,"FALSE","Non DTG",4.268318614,2.201813938,8.864161447,8.235497766,-0.123858258,0.967018989,-0.458681106,0.920224397,0.481525369,0.26735651,-0.848847005,0.0568114427666733
"AT5G23390",NA,1,"TRUE","Non DTG",1.852851485,1.932183458,1.736290796,4.09954477,0.926004268,0.286280469,0.06770261,0.99102187,1.067132009,0.471316589,-1.178970289,0.0626929058147395
"AT5G23540",NA,1,"FALSE","Non DTG",3.787988616,3.456343371,20.51910848,25.77959147,0.617445032,0.112737781,0.011974068,0.997851096,0.184607856,0.134072853,-0.461446797,0.00739332879943018
"AT5G23630","MIA",1,"TRUE","Buffered_S",3.6656939,3.356677024,6.136909458,2.794867044,-1.094669212,0.001844335,-0.00986138,0.997324194,0.597319208,1.201014922,1.007680054,0.0107949490738326
"AT5G23740","RPS11-BETA",1,"TRUE","Non DTG",27.1996502,17.8537525,47.0939001,45.19059905,0.150490139,0.892972006,-0.310151251,0.891862226,0.577562065,0.395076695,-0.547843243,-0.0466747048740139
"AT5G23920",NA,1,"TRUE","Non DTG",3.728430775,3.245173015,15.54829755,11.07143363,-0.350074567,0.79196615,-0.131954712,0.987703677,0.239796721,0.293112267,0.289641416,0.0461939886670097
"AT5G24710","TWD40-2",1,"FALSE","Non DTG",9.147805717,6.079151673,13.0204342,9.436013288,-0.260589052,0.354357485,-0.507570087,0.477681352,0.702573016,0.644250012,-0.125027508,0.132267207794888
"AT5G24810","ABC1K11",1,"TRUE","Non DTG",8.502354006,5.995085934,20.597409,23.3383997,0.155473,0.818496515,-0.238717827,0.900701154,0.412787551,0.256876479,-0.684324667,-0.037114176717171
"AT5G25350","EBF2",1,"TRUE","Non DTG",11.55784318,4.439805802,33.00529512,16.87045641,-0.705214333,0.000515821,-0.725529656,0.208038531,0.350181483,0.263170462,-0.412105228,0.511653912427759
"AT5G25760","PEX4",1,"TRUE","Non DTG",2.315219655,2.127757308,20.42788468,11.72072007,-0.461228698,0.580630056,-0.594950476,0.884952175,0.113336241,0.181538105,0.679663146,0.27440823341996
"AT5G26210","AL4",1,"TRUE","Non DTG",3.075285392,1.775424785,7.136647036,13.65324269,0.490171699,0.514163036,-0.469361716,0.922062997,0.430914598,0.130036858,-1.728481369,-0.230067829777275
"AT5G26360","CCT3",1,"TRUE","Non DTG",6.553637711,5.990934034,10.84441219,7.156084811,-0.252618958,0.804649368,-0.022080014,0.996883172,0.604333144,0.837180412,0.47019449,0.00557783012930541
"AT5G26710",NA,1,"TRUE","Non DTG",8.722123262,6.235992432,9.765534051,8.779657345,-0.11627451,0.894017963,-0.426111251,0.731626207,0.89315374,0.710277427,-0.330525893,0.049545876915512
"AT5G26751","ASKalpha",1,"TRUE","Non DTG",7.71783431,6.762314556,11.09780389,14.27571371,0.088298708,0.943216773,0.202086976,0.957572781,0.695437979,0.473693624,-0.553967605,0.017844018884427
"AT5G26760","RIMA",1,"FALSE","Non DTG",2.189340148,2.114988359,2.493185062,2.963305183,0.444332956,0.818496515,-0.761799943,0.705479167,0.878129819,0.713726136,-0.299063634,-0.338492820553822
"AT5G26820","ATIREG3",1,"FALSE","Non DTG",8.36515669,6.758990675,24.48443355,17.78672051,-0.401990952,0.192462562,-0.184525782,0.956206514,0.341652041,0.380002074,0.153479546,0.0741776947747245
"AT5G26830",NA,1,"TRUE","Non DTG",6.809553218,7.839847012,11.61496662,6.698514373,-0.673760605,0.171096908,0.251315682,0.913758882,0.586274024,1.170385936,0.997337296,-0.169326605950308
"AT5G27150","AT-NHX1",1,"FALSE","Non DTG",3.704284653,3.955491555,11.61349728,10.90671356,0.338549651,0.55495224,0.271744454,0.927958111,0.318963751,0.362665759,0.185248064,0.0919989900628856
"AT5G27430",NA,1,"TRUE","Non DTG",3.539145425,2.648737631,10.53485781,11.85576459,0.632507458,0.60044524,-1.262569457,0.317708075,0.335946198,0.22341348,-0.588513963,-0.79858459779551
"AT5G27540","emb2473",1,"FALSE","Buffered_S",2.557892849,2.102896618,6.361560983,3.178323179,-1.108109051,0.020092477,-0.400553077,0.906973926,0.402085723,0.661637127,0.718537081,0.4438564900296
"AT5G27920","RAH1",1,"TRUE","Non DTG",2.528406841,1.23593446,15.35034641,7.608417546,-0.707497329,0.023562458,-0.516171622,0.889841989,0.164713341,0.162443038,-0.020023498,0.365190043870598
"AT5G28020","ATCYSD2",1,"TRUE","Non DTG",5.8100088,5.965005112,9.891249753,10.45337715,0.247444398,0.841630854,0.003138478,0.999363834,0.587388747,0.570629475,-0.041761359,0.000776598799346244
"AT5G28060","RPS24B",1,"TRUE","Non DTG",12.74367624,8.899549137,54.25281436,52.92160993,0.049130212,0.988083363,0.197537721,0.922062997,0.234894289,0.168164747,-0.482136337,0.00970507011072685
"AT5G28630",NA,1,"FALSE","Buffered_S",2.497843256,3.933051403,13.55633212,47.7683337,1.688431882,0.002154777,0.497998041,0.906326092,0.18425657,0.082335956,-1.162121571,0.840835769597943
"AT5G28840","GME",1,"TRUE","Non DTG",37.17343531,32.80316994,90.35091799,67.45265801,-0.4251281,0.014702822,-0.052054245,0.985124941,0.411433953,0.48631397,0.241227183,0.0221297222737845
"AT5G28919",NA,1,"TRUE","Non DTG",4.554743931,7.156928465,13.39079985,6.791273743,-0.411297053,0.59048679,0.376563118,0.918446523,0.340139796,1.053841847,1.631458659,-0.154879300701891
"AT5G30510","ARRPS1",1,"TRUE","Non DTG",58.73966165,55.68226671,189.634788,175.5452862,0.005032819,0.991366964,-0.095156269,0.949450398,0.309751509,0.317196023,0.034263376,-0.000478904278592311
"AT5G34850","ATPAP26",1,"TRUE","Non DTG",9.43642911,9.005524226,25.82849877,22.54509485,-0.086098021,0.903785697,-0.080374383,0.985124941,0.3653495,0.399444947,0.128719448,0.00692007531539604
"AT5G35200","PICALM3",1,"TRUE","Non DTG",2.802917178,2.266274024,7.833374134,5.91195565,-0.376791801,0.752374097,-0.045339964,0.993885949,0.35781735,0.383337454,0.099391617,0.0170837266928352
"AT5G35730",NA,1,"FALSE","Non DTG",3.236228954,2.285849113,3.878418542,4.254818847,-0.089457254,0.975634941,-0.133800258,0.985287668,0.83441973,0.537237705,-0.63521271,0.0119694036651715
"AT5G35970",NA,1,"TRUE","Non DTG",36.41966255,34.13066382,93.97395756,88.68591468,0.021961655,0.944529046,-0.049439467,0.973510542,0.387550588,0.384848755,-0.010093064,-0.00108577251763789
"AT5G36160","AtTAT2",1,"TRUE","Non DTG",6.547752145,7.256431541,28.52225089,43.76521418,0.589547976,0.04710809,0.208334216,0.96219347,0.229566459,0.165803634,-0.469436247,0.122823015374347
"AT5G36210",NA,1,"TRUE","Non DTG",3.290489938,5.098659285,8.241040307,9.595137025,0.332009063,0.779788616,0.570007267,0.76437457,0.399280894,0.531379518,0.412338582,0.189247578619861
"AT5G37070",NA,1,"FALSE","Non DTG",4.672796274,4.990217854,10.41942394,17.97794345,0.678221267,0.370117941,0.689453919,0.695454253,0.448469733,0.277574455,-0.692135819,0.467602310482295
"AT5G37360",NA,1,"TRUE","Non DTG",10.63185019,11.54741707,35.51766768,38.84916088,0.134445948,0.860465504,0.196904924,0.950627084,0.299339762,0.297237233,-0.010169085,0.026473069173048
"AT5G37475",NA,1,"TRUE","Non DTG",3.702767412,3.982657165,8.380991339,5.945524185,-0.474252911,0.557548986,0.349351632,0.938422258,0.441805422,0.669858038,0.600444257,-0.165681028438601
"AT5G37780","ACAM-1",1,"FALSE","Non DTG",3.880304818,4.562564013,17.99294125,11.00569454,-0.363417013,0.857511431,0.287527519,0.96219347,0.21565706,0.414563933,0.942855658,-0.104492392110281
"AT5G38430","RBCS1B",1,"FALSE","Non DTG",68.03157266,58.72970656,688.1891746,610.8527773,-0.382944595,1.35156e-06,0.025571656,0.989462947,0.098855918,0.096143799,-0.040133527,-0.00979252745039932
"AT5G38480","GRF3",1,"FALSE","Non DTG",14.52624475,13.07053733,77.95836741,58.15857816,-0.279642488,0.36970556,0.248989968,0.916302539,0.186333363,0.22473963,0.270368537,-0.0696281741385604
"AT5G38600","ZCCHC8A",1,"TRUE","Non DTG",1.543138955,1.656960251,3.793749464,1.564692427,-0.685852981,0.595097802,0.428551379,0.922062997,0.406758266,1.058968665,1.380416331,-0.293923240798811
"AT5G38830",NA,1,"TRUE","Non DTG",6.237717335,3.530568794,10.60579458,13.81430749,0.482361763,0.369133496,-0.718535722,0.598051705,0.588142386,0.255573347,-1.20242808,-0.346594157642398
"AT5G39510","ATVTI11",1,"TRUE","Non DTG",7.087449993,6.397072278,12.63659266,25.15531628,0.607470946,0.210653232,-0.100587374,0.987703677,0.560867172,0.254302995,-1.14111069,-0.0611039072394358
"AT5G39950","ATH2",1,"FALSE","Non DTG",9.037822016,5.013954347,22.95382681,24.81351098,0.050050053,0.988352156,-0.889859459,0.655288289,0.393739227,0.202065494,-0.962417472,-0.0445375130855013
"AT5G40200","DEG9",1,"TRUE","Non DTG",2.539079485,1.747739947,8.81784367,10.03528382,0.142784471,0.868464936,-0.316419418,0.947031174,0.287947891,0.174159494,-0.725398636,-0.0451797792132579
"AT5G40370","AtGRXC2",1,"TRUE","Non DTG",9.902562893,17.77752799,57.43670734,50.73691254,0.302273948,0.822774047,0.933156589,0.209778499,0.172408262,0.350386476,1.02311818,0.282068926259243
"AT5G40390","RS5",1,"TRUE","Buffered_S",7.233013662,6.99873584,14.43192498,20.50155396,0.619928979,0.004418444,-0.026307548,0.993235243,0.50118149,0.341375871,-0.553972043,-0.0163088113716335
"AT5G40450","RBB1",1,"TRUE","Non DTG",18.77366967,20.11884672,19.08775254,14.55441251,-0.22445784,0.390499862,0.154055791,0.75327594,0.98354532,1.382319397,0.491027566,-0.0345790300873514
"AT5G40670",NA,1,"TRUE","Non DTG",2.60953803,2.784479947,10.85920836,17.61098337,0.682242058,0.148735232,0.23642704,0.970346925,0.24030647,0.158110418,-0.60394306,0.161300470336448
"AT5G40770","ATPHB3",1,"TRUE","Non DTG",3.203012738,2.628393395,19.35407548,19.61270251,0.235880552,0.769468087,0.057461529,0.993235243,0.165495518,0.13401485,-0.304399264,0.013554057179284
"AT5G40810",NA,1,"TRUE","Non DTG",12.2872774,17.13628263,34.65050504,34.78214858,-0.085599659,0.931860502,0.386701991,0.782503796,0.354606012,0.492674643,0.474418225,-0.0331015585642211
"AT5G40890","ATCLC-A",1,"TRUE","Buffered_S",11.09735325,12.60663469,20.86444864,13.98181078,-0.590852271,0.03420602,0.244882779,0.870160035,0.531878577,0.901645351,0.761463154,-0.144689546100941
"AT5G41050",NA,1,"TRUE","Non DTG",5.046752208,3.639560644,17.20487233,4.813815003,-0.956524093,0.231547074,-0.425147683,0.926487051,0.293332732,0.756065749,1.365973632,0.406664001872627
"AT5G41080","AtGDPD2",1,"TRUE","Non DTG",26.08374914,21.46212405,113.8385763,74.80495448,-0.483441906,0.022159021,-0.196168089,0.922062997,0.229129264,0.286907788,0.324425406,0.0948358748425376
"AT5G41210","ATGSTT1",1,"TRUE","Non DTG",1.846132232,4.39816014,6.821585002,11.88263689,0.700598981,0.206114613,0.149866472,0.982876393,0.27063098,0.370133345,0.451718117,0.104996297569265
"AT5G41685",NA,1,"TRUE","Non DTG",3.654085914,2.706614289,27.96342808,27.68203491,0.061801874,0.975573111,0.079090437,0.991863328,0.130673747,0.09777512,-0.418430012,0.00488793722207894
"AT5G41950","HLB1",1,"TRUE","Non DTG",3.195560389,2.075221191,7.692220541,6.74143888,0.040838213,0.984953863,-0.443203348,0.902085818,0.415427557,0.307830602,-0.432460259,-0.0180996327279371
"AT5G42090","7TM4",1,"TRUE","Non DTG",11.37644593,6.896809442,20.45926903,23.26726891,0.054826978,0.960313888,-0.657040056,0.527262319,0.556053391,0.296416802,-0.907596187,-0.0360235206954308
"AT5G42190","ASK2",1,"TRUE","Non DTG",11.43924489,4.116533252,39.48441192,24.7578344,-0.617283679,0.492141177,-0.409330058,0.890513824,0.289715468,0.166271944,-0.801091959,0.252672764127523
"AT5G42240","scpl42",1,"TRUE","Non DTG",3.727351125,2.181056928,7.232184981,11.42793447,0.732539911,0.118866699,-0.613986364,0.784808883,0.51538382,0.190853118,-1.433184489,-0.449769516439774
"AT5G42300","UBL5",1,"TRUE","Non DTG",13.18879475,25.25656742,120.3002469,74.42651665,-0.375705705,0.210653232,0.793562097,0.610185705,0.109632317,0.339349046,1.630096829,-0.298145807114663
"AT5G42570",NA,1,"TRUE","Non DTG",6.798909732,5.038959668,30.95191347,31.72225244,0.149535876,0.837762242,0.105018941,0.987703677,0.219660401,0.158846213,-0.467644119,0.0157040993390273
"AT5G42740",NA,1,"TRUE","Non DTG",6.937221071,6.473891765,15.81326595,12.45072553,-0.276627014,0.722752574,-0.270417988,0.920224397,0.438696288,0.519961006,0.245180934,0.0748049205523278
"AT5G42960",NA,1,"TRUE","Non DTG",4.322548048,4.419632211,10.22354673,9.20131991,-0.57172285,0.538771135,-0.454571989,0.915554809,0.422803178,0.480325894,0.184027365,0.259889193081249
"AT5G42980","ATH3",1,"FALSE","Non DTG",54.94188067,71.8226511,451.4388222,460.2157306,0.142796231,0.36233301,0.501761032,0.305689253,0.121703934,0.156063008,0.358752805,0.0716495842322704
"AT5G43600","ATAAH-2",1,"FALSE","Non DTG",1.337786588,2.344809225,5.11251357,4.767198284,-0.152316497,0.93319566,0.613850339,0.865608628,0.261669054,0.491863163,0.910513696,-0.0934995333187425
"AT5G43830",NA,1,"TRUE","Non DTG",22.04662001,34.75832804,88.21190341,69.02102851,-0.345026042,0.427584264,0.720800073,0.192731823,0.249927948,0.50359041,1.01073857,-0.248694796260501
"AT5G43900","ATMYA2",1,"TRUE","Non DTG",2.848167746,5.268066378,6.384489759,5.534077581,-0.020427792,0.984346901,0.656195548,0.288162175,0.44610734,0.951932151,1.093467863,-0.01340462616587
"AT5G44070","ARA8",1,"TRUE","Forwarded",35.41467174,140.0658921,79.33433256,321.8716964,2.055327305,3.71016e-59,2.014731788,5.50396e-56,0.446397803,0.435160636,-0.036781868,4.14093325612787
"AT5G44090",NA,1,"TRUE","Non DTG",3.074276143,4.497556285,8.4081137,10.89774871,0.437897184,0.517908865,0.55279286,0.753103272,0.365632085,0.412705083,0.174718532,0.242066436729306
"AT5G44650","AtCEST",1,"TRUE","Non DTG",11.82545749,6.393642237,27.74850694,16.21457793,-0.407252329,0.54488933,-0.800867409,0.555846517,0.426165542,0.394314441,-0.112067398,0.326155117535446
"AT5G44790","AtHMP51",1,"FALSE","Non DTG",3.38391181,4.180433769,4.425342194,5.286701495,0.364174413,0.775494077,0.335280838,0.893289199,0.7646667,0.790745188,0.048381824,0.122100702368798
"AT5G44800","CHR4",1,"FALSE","Non DTG",3.326163347,2.238919022,4.121617115,2.040385969,-0.850126599,0.002958355,-0.472669817,0.653128427,0.807004449,1.097301714,0.443311733,0.401829183976162
"AT5G45100","BRG1",1,"TRUE","Non DTG",1.804008185,3.073434096,6.546255906,6.874969304,-0.016927903,0.994871386,0.562233932,0.901040468,0.275578622,0.447046955,0.697962395,-0.0095174414642046
"AT5G45500",NA,1,"TRUE","Buffered_S",4.903711983,3.545207786,12.92960095,6.009842909,-0.943234456,0.002858933,-0.508299286,0.747006029,0.379262438,0.589900242,0.637274505,0.479445400515398
"AT5G45550","MOB1-like",1,"TRUE","Non DTG",6.404550376,5.272727135,22.48905211,14.98265206,-0.312209624,0.846547438,-0.195372823,0.970346925,0.284785252,0.351922151,0.305381886,0.0609972756086486
"AT5G45750","AtRABA1c",1,"TRUE","Non DTG",12.59222812,14.97416336,63.7903608,66.81909076,0.294701449,0.571328255,0.419852995,0.844965954,0.197400171,0.224100077,0.183019903,0.12373128599349
"AT5G45950",NA,1,"TRUE","Non DTG",12.06401065,5.50464863,13.36861447,8.238281717,-0.492495835,0.476743583,-0.923765021,0.300480526,0.902412938,0.668179217,-0.433552641,0.454950425361188
"AT5G46750","AGD9",1,"FALSE","Non DTG",5.47182314,4.417795173,12.33386957,14.40853461,0.155546833,0.866625846,-0.020874492,0.996883172,0.443642047,0.30660961,-0.53299319,-0.00324696112108384
"AT5G46860","ATSYP22",1,"TRUE","Non DTG",2.214809745,3.866298814,4.331080641,3.170879719,-0.271300295,0.923174064,0.313406047,0.95584419,0.511375781,1.219314246,1.253614251,-0.0850271530058839
"AT5G47010","ATUPF1",1,"TRUE","Non DTG",6.01754966,5.751700468,13.25671957,10.54532317,-0.159220191,0.844109682,-0.04582132,0.989422922,0.453924489,0.545426667,0.264932915,0.00729567932227212
"AT5G47020",NA,1,"FALSE","Non DTG",2.884153099,2.877160973,5.160952038,6.284893961,0.408985213,0.265471005,0.034233433,0.993885949,0.558841291,0.457789899,-0.287752989,0.0140009678872262
"AT5G47040","APEM10",1,"TRUE","Non DTG",14.06630786,16.64184975,27.50136047,23.60660059,-0.113722575,0.79167162,0.262674656,0.808039381,0.5114768,0.704965956,0.462884785,-0.0298720382675592
"AT5G47120","ATBI-1",1,"TRUE","Non DTG",7.792767706,16.25738339,32.17450383,33.64716421,-0.02350584,0.983396337,0.472198635,0.691033703,0.242203198,0.483172469,0.99632034,-0.0110994255625284
"AT5G47200","ATRAB1A",1,"FALSE","Non DTG",8.694708634,11.60528476,34.79915137,40.42387763,0.300045973,0.301093195,0.753017027,0.521657089,0.249854042,0.287089845,0.200416742,0.225939726551782
"AT5G47220","ATERF-2",1,"FALSE","Non DTG",17.55133663,26.08639883,69.31263305,82.61471942,0.384038177,0.094691594,0.705183769,0.225821966,0.25321988,0.315759698,0.31843637,0.270817489096749
"AT5G47540",NA,1,"FALSE","Non DTG",3.431841608,3.071747656,5.937588911,3.219915025,-0.384651832,0.711636028,0.095061265,0.988076608,0.577985721,0.953984075,0.722931331,-0.0365654897344875
"AT5G47560","ATSDAT",1,"TRUE","Non DTG",26.5019296,20.09640018,60.82055103,64.50679737,0.133140084,0.724003889,-0.188607805,0.892645235,0.435739715,0.311539264,-0.484052612,-0.0251112590007556
"AT5G47570",NA,1,"TRUE","Non DTG",3.873034749,6.728863515,66.57336366,48.44983448,-0.488942134,0.536525859,0.451270425,0.902085818,0.058176942,0.138883106,1.255351739,-0.220645124610587
"AT5G47710",NA,1,"TRUE","Non DTG",4.346201769,2.89424285,6.763209615,10.30239061,0.607024703,0.686608062,0.278105766,0.967756086,0.642624141,0.280929248,-1.193768343,0.168817070008737
"AT5G47870","ODB2",1,"TRUE","Non DTG",3.492874602,3.562629688,13.67777468,7.246789423,-0.581745109,0.711443687,0.035296712,0.996883172,0.255368632,0.491614904,0.944947333,-0.0205336895697816
"AT5G47910","ATRBOHD",1,"TRUE","Forwarded",28.61085596,85.96580322,43.76522107,166.618435,2.033937352,3.33659e-96,1.669744871,5.50875e-31,0.653734981,0.515944128,-0.341491052,3.39615646143732
"AT5G48160","OBE2",1,"TRUE","Non DTG",5.821170523,6.431769461,14.99553867,15.4697433,0.207363007,0.849395877,0.116291066,0.977375972,0.388193492,0.415764459,0.098990506,0.0241144651329955
"AT5G48180","AtNSP5",1,"TRUE","Buffered_S",4.210528582,7.831495498,15.06326895,4.766175583,-1.468483468,0.032984676,0.634733538,0.770320086,0.279522897,1.643140367,2.555417357,-0.93209570713815
"AT5G48300","ADG1",1,"TRUE","Non DTG",27.21044055,22.05467453,62.91947948,40.8757976,-0.333692126,0.311160046,-0.244387341,0.812146809,0.432464489,0.539553375,0.319184009,0.081550131385777
"AT5G48380","BIR1",1,"TRUE","Forwarded",19.33682087,47.2824684,40.5591301,102.6369144,1.41238559,9.24333e-23,1.380045193,2.78743e-13,0.476756302,0.460677025,-0.049496359,1.94915594414197
"AT5G48540",NA,1,"TRUE","Forwarded",15.68745601,45.83982638,51.65047692,143.0861526,1.567902115,2.42248e-32,1.566967896,1.27463e-07,0.303723352,0.320365217,0.076959682,2.4568522782755
"AT5G49450","AtbZIP1",1,"TRUE","Non DTG",3.371396674,14.34539897,13.22854583,17.20244462,0.285993643,0.873742785,1.53354898,0.125623597,0.254857693,0.8339163,1.710210684,0.438585259509134
"AT5G49460","ACLB-2",1,"TRUE","Non DTG",4.741858007,4.753495334,12.97938758,10.1700667,-0.293765105,0.757463193,-0.003059635,0.999274118,0.365337577,0.467400605,0.355429452,0.000898813997036675
"AT5G49480","ATCP1",1,"TRUE","Non DTG",15.35625772,15.91164662,83.84468287,77.96984476,0.172126378,0.867181201,0.093144526,0.987703677,0.183151241,0.204074366,0.156059497,0.0160326298909068
"AT5G49570","AtPNG1",1,"TRUE","Non DTG",3.229777424,2.474994837,8.276207011,5.565226048,-0.338517977,0.710257815,-0.191285434,0.970346925,0.390248506,0.444724943,0.188520212,0.064753558147247
"AT5G49720","ATGH9A1",1,"TRUE","Non DTG",41.77587306,42.43324375,77.98958229,67.30296172,-0.160797514,0.700851044,0.123951015,0.922491402,0.535659659,0.630481076,0.23513642,-0.0199310150697767
"AT5G49760","CARD1",1,"TRUE","Non DTG",5.304976544,4.378063782,8.995168291,9.959337577,0.343194573,0.270332774,-0.189658471,0.949357573,0.589758454,0.439593873,-0.423952914,-0.0650897579706779
"AT5G49810","MMT",1,"TRUE","Non DTG",6.307026166,3.977643024,7.408604218,5.614096661,-0.318519758,0.518399505,-0.498897609,0.623990042,0.851310987,0.708509893,-0.264898252,0.158908745685459
"AT5G49890","ATCLC-C",1,"FALSE","Non DTG",2.830638792,2.615107037,4.467995133,6.495592125,0.526172276,0.682991584,-0.034324837,0.993889967,0.633536678,0.402597175,-0.654091097,-0.018060777607619
"AT5G50210","OLD5",1,"TRUE","Non DTG",4.354929428,4.171693846,7.210470653,10.82593765,0.425928468,0.536672845,0.013803972,0.996883172,0.603972977,0.385342497,-0.648342702,0.0058795046462749
"AT5G50850","MAB1",1,"TRUE","Non DTG",10.99222145,11.51081195,33.29850452,21.87522851,-0.601260258,0.058403564,0.071491375,0.987703677,0.330111565,0.52620305,0.672665926,-0.0429849225772748
"AT5G50920","ATHSP93-V",1,"TRUE","Non DTG",137.5879929,115.480778,191.439799,167.2014732,-0.114863806,0.533320281,-0.230886207,0.346021421,0.718701093,0.690668424,-0.057398612,0.0265204684889238
"AT5G51010",NA,1,"TRUE","Non DTG",34.75511813,33.84122641,129.3672148,124.1854139,-0.059771865,0.937447108,0.026732882,0.993889967,0.268654761,0.272505646,0.020532717,-0.00159787421396493
"AT5G51070","CLPD",1,"TRUE","Forwarded",17.96757563,28.01338021,39.31573946,78.94970076,1.095635328,1.0869e-36,0.650367839,0.009073258,0.45700719,0.354825667,-0.365106492,0.712565980603416
"AT5G51110","ATP1",1,"TRUE","Non DTG",21.92475454,19.13923247,205.9990137,142.5869273,-0.339378057,0.140123204,-0.062484162,0.987703677,0.106431357,0.134228522,0.334767997,0.0212057534928332
"AT5G51400",NA,1,"FALSE","Non DTG",6.307499844,3.904740166,24.87285919,17.78827658,-0.190901153,0.915857683,-0.538668145,0.875322749,0.253589658,0.219512,-0.208196099,0.102832369964871
"AT5G51430","COG7",1,"TRUE","Non DTG",3.384378336,2.872818468,6.343715859,5.586000475,-0.060223133,0.978727357,-0.175707998,0.970346925,0.533500934,0.514288977,-0.052911566,0.0105816861327177
"AT5G51640","TBL17",1,"TRUE","Non DTG",2.600091114,2.845447579,4.514942083,3.814254105,-0.322808585,0.864292185,0.14205087,0.982876393,0.575885818,0.746003675,0.373399943,-0.0458552403427189
"AT5G51820","ATPGMP",1,"TRUE","Non DTG",8.425629939,8.484346172,15.34112053,12.96183164,-0.291595875,0.613837653,0.112723679,0.974111218,0.549218678,0.654563831,0.253153195,-0.0328697598112241
"AT5G51940","NRPB6A",1,"FALSE","Non DTG",5.088499212,3.723756048,12.21932417,13.88955842,-0.242221927,0.879819951,-0.615107277,0.851670604,0.416430495,0.268097512,-0.635317892,0.148992469946663
"AT5G52200","AtI-2",1,"FALSE","Non DTG",3.263765966,2.242608509,14.61467745,19.08215805,0.193071537,0.893246092,-0.142631974,0.987703677,0.223321108,0.117523841,-0.926166167,-0.027538174445524
"AT5G52310","COR78",1,"TRUE","Forwarded",29.72695437,14.34233421,57.77706912,38.86897876,-0.539335984,0.00023294,-0.829565948,0.000765149,0.51451129,0.368991794,-0.479614002,0.447414766857473
"AT5G52750",NA,1,"TRUE","Forwarded",6.686663478,50.20574623,23.87643299,163.4443082,3.032599286,2.3585e-72,2.931382621,1.6928e-18,0.280052866,0.307173415,0.133354168,8.88970884343741
"AT5G52882",NA,1,"FALSE","Non DTG",3.827985707,3.559463337,8.025824565,5.76026785,-0.517868777,0.148820296,-0.204191887,0.956159786,0.476958558,0.61793365,0.373588021,0.105744602794012
"AT5G53480","AtKPNB1",1,"TRUE","Non DTG",8.407191741,8.440088808,14.4841529,10.4358223,-0.385655744,0.223199602,0.072241144,0.984779405,0.580440693,0.808761262,0.478565231,-0.0278602121367311
"AT5G53560","ATB5-A",1,"TRUE","Non DTG",6.327116237,13.19751275,61.27394847,85.9104108,0.478436794,0.148048931,0.064043205,0.988742131,0.103259483,0.153619481,0.573086905,0.0306406256776848
"AT5G53570","RabGAP22",1,"TRUE","Non DTG",3.363348195,5.584872908,11.09727334,16.71795918,0.697220111,0.093736031,0.419413993,0.877055808,0.303078792,0.334064275,0.140432806,0.292423870754413
"AT5G53970","AtTAT1",1,"TRUE","Non DTG",9.040959591,8.338120728,16.33569303,8.046526897,-0.664492183,0.594164071,-0.037084668,0.993235243,0.553448181,1.036238471,0.904835901,0.0246424719951502
"AT5G54160","AtCOMT",1,"TRUE","Non DTG",19.01475927,19.50121072,87.17709333,79.40319177,-0.098820893,0.90200603,0.211952837,0.917121823,0.218116463,0.245597315,0.171196122,-0.0209453686262234
"AT5G54500","FQR1",1,"FALSE","Buffered_S",11.97624939,14.33197122,31.95734764,62.81009887,0.870009274,0.00029597,0.610960914,0.678927156,0.374757302,0.228179409,-0.715787984,0.531541661231516
"AT5G54580","ORRM2",1,"TRUE","Non DTG",1.852194734,1.699133499,17.63650472,15.93131298,-0.163011884,0.890765795,0.44155695,0.935496418,0.105020511,0.106653702,0.022262919,-0.0719790303127938
"AT5G54720",NA,1,"TRUE","Forwarded",43.74066385,99.51568144,56.82555597,124.8275634,1.288369433,6.34802e-16,1.331038232,1.27463e-07,0.769735783,0.797225218,0.050624029,1.71486897226316
"AT5G54800","ATGPT1",1,"TRUE","Non DTG",4.898400986,5.026064535,16.40278159,23.59026976,0.727142194,0.187269145,0.163791714,0.97421589,0.298632336,0.213056679,-0.48713311,0.119099866276981
"AT5G54900","ATRBP45A",1,"TRUE","Non DTG",8.527849691,7.349198996,20.28803547,19.56494424,-0.000170239,0.999850376,-0.488220476,0.784808883,0.42033886,0.375630971,-0.16223682,8.3114165613764e-05
"AT5G54960","PDC2",1,"TRUE","Non DTG",2.811724445,4.275669786,8.796255811,5.701885207,-0.600405852,0.244840839,0.719353177,0.64121145,0.319650145,0.749869496,1.230145789,-0.431903857125592
"AT5G55160","ATSUMO2",1,"TRUE","Non DTG",5.242750772,9.408581931,27.70823557,38.21779335,0.441582878,0.465701978,1.045803838,0.563080614,0.189212726,0.246183285,0.379723693,0.461809068607486
"AT5G55210","HS1",1,"FALSE","Non DTG",4.209148934,2.132512104,17.3435162,9.572050582,-0.529375031,0.57300368,-0.382288598,0.939534869,0.24269294,0.222785294,-0.123478135,0.202374038417197
"AT5G55220","HP65b",1,"FALSE","Non DTG",15.02489404,10.779301,24.32705925,15.7701581,-0.523405725,0.069830751,-0.229248802,0.906326092,0.617620646,0.683525234,0.14627362,0.119990135416191
"AT5G55280","ATFTSZ1-1",1,"TRUE","Non DTG",5.621183626,7.706838471,17.17029366,11.80055982,-0.342561874,0.637579635,0.482993134,0.841911044,0.327378421,0.65309092,0.99632462,-0.165455033112173
"AT5G55960",NA,1,"FALSE","Non DTG",3.758259943,3.241760083,7.941136864,8.507338662,0.070383085,0.973570077,-0.117486545,0.987121396,0.473264724,0.381054547,-0.312649858,-0.00826906548309132
"AT5G56030","AtHsp90.2",1,"TRUE","Non DTG",3.773933966,2.822645539,11.88247362,9.252191651,-0.1165835,0.901073188,-0.402769541,0.751015493,0.317605078,0.305078585,-0.058053067,0.0469562827831735
"AT5G56340","ATCRT1",1,"TRUE","Non DTG",3.856250264,4.325075002,11.41237961,9.116062595,-0.037748223,0.989721267,0.011235371,0.997778221,0.33790063,0.474445514,0.489643373,-0.000424115289995733
"AT5G56350",NA,1,"TRUE","Non DTG",5.237380308,5.218979869,14.18024512,15.061521,-0.028118112,0.981376755,0.183319622,0.964026953,0.369343426,0.346510812,-0.09206253,-0.00515460166319366
"AT5G56360","PSL4",1,"TRUE","Non DTG",1.932957969,1.262310015,2.634936082,2.674629941,-0.055592534,0.982955593,-0.403429541,0.927363267,0.733588182,0.471956885,-0.636315327,0.0224276704746469
"AT5G56680","EMB2755",1,"TRUE","Non DTG",5.809027166,4.436472997,10.89751505,10.44410829,-0.300005151,0.704530207,-0.135018631,0.971959027,0.533059797,0.424782363,-0.327573514,0.0405062847809683
"AT5G56760","ATSERAT1;1",1,"TRUE","Non DTG",7.456962665,5.511257741,33.50898072,33.04250362,0.139022231,0.906019898,-0.157228803,0.975755314,0.222536243,0.166792983,-0.41598172,-0.0218582989705195
"AT5G56870","BGAL4",1,"TRUE","Non DTG",4.677755579,3.33938657,4.967779525,5.374668201,0.478178732,0.700851044,-0.50069076,0.813609979,0.941618998,0.621319576,-0.599807917,-0.239419672740916
"AT5G56910",NA,1,"TRUE","Non DTG",2.556549332,1.049103418,7.364326326,7.51239543,0.016082995,0.995356505,-0.638731873,0.878842945,0.347153184,0.139649653,-1.31376041,-0.0102727215197996
"AT5G56950","NAP1;3",1,"TRUE","Non DTG",2.219658266,1.757765515,6.685311671,2.365033285,-0.535796235,0.739390566,0.249668507,0.963665408,0.332020162,0.743230772,1.162539382,-0.133771446048671
"AT5G57290","AtP3B",1,"FALSE","Non DTG",16.09688643,10.16207321,126.7405192,114.0093439,-0.085760607,0.922141838,-0.287892917,0.936826375,0.127006632,0.089133687,-0.510861135,0.0246898713129206
"AT5G57330",NA,1,"FALSE","Non DTG",11.80152881,8.171659059,14.02732561,22.55350415,0.454259517,0.393025223,-0.131029721,0.977375972,0.841324223,0.362323256,-1.215384472,-0.0595214977741048
"AT5G57560","AtXTH22",1,"TRUE","Forwarded",63.69979873,220.3225363,198.7564374,763.7296884,2.057065388,6.0618e-146,1.922952729,9.44239e-43,0.320491751,0.288482351,-0.151804165,3.95563950158604
"AT5G57710","SMAX1",1,"TRUE","Buffered_S",25.32360472,22.02774216,32.27085062,45.90586726,0.607916153,2.04642e-06,-0.197001657,0.824365957,0.784720707,0.479845899,-0.709608106,-0.119760489458066
"AT5G57990","UBP23",1,"TRUE","Non DTG",9.677073542,7.177589376,19.43242843,19.15487165,0.061360266,0.910440499,-0.314157401,0.826765207,0.497985806,0.37471352,-0.410316592,-0.0192767816912287
"AT5G58230","ATMSI1",1,"TRUE","Non DTG",2.345169054,3.060219114,10.01434493,5.918007931,-0.612861528,0.262745068,0.040893354,0.993889967,0.234180974,0.517102909,1.142827548,-0.0250619634174849
"AT5G58250","EMB3143",1,"TRUE","Non DTG",19.93931995,12.95871273,98.53421354,73.83999309,-0.270281324,0.410796729,-0.073517474,0.987703677,0.202359355,0.175497209,-0.205471459,0.0198704002098556
"AT5G58270","ABCB25",1,"TRUE","Non DTG",2.455171099,3.815651018,7.35885586,10.96097927,0.672623909,0.159078983,0.544422481,0.859996219,0.333634895,0.348112237,0.061282344,0.366191577317698
"AT5G58375",NA,1,"FALSE","Non DTG",7.587562855,4.933409811,26.75221285,56.39773108,0.816858487,0.277040016,0.42481656,0.927998701,0.283623747,0.087475324,-1.69703032,0.347015012454145
"AT5G58430","ATEXO70B1",1,"TRUE","Forwarded",30.39027447,57.9866342,59.66087697,124.778544,1.077717637,1.62729e-11,1.032681003,1.82233e-10,0.509383637,0.464716388,-0.132402095,1.11293853032795
"AT5G58710","ROC7",1,"FALSE","Non DTG",2.620512521,3.569680528,12.60400664,13.17220275,0.165387221,0.939512672,0.431284105,0.923472352,0.207911071,0.271001031,0.382331759,0.0713288795874222
"AT5G59150","ATRAB-A2D",1,"TRUE","Non DTG",3.086234755,1.36497846,6.295771494,12.26303116,0.329629503,0.854796659,-0.314525445,0.956159786,0.490207556,0.111308407,-2.138830162,-0.103676866116204
"AT5G59450",NA,1,"FALSE","Non DTG",3.396434048,6.18048002,5.518259406,9.168273871,0.897965767,0.017218229,0.844333848,0.339323268,0.615490103,0.67411599,0.131261189,0.758182891423381
"AT5G59820","AtZAT12",1,"TRUE","Intensified",11.48582597,36.57329815,28.90993349,148.5799071,2.521641838,2.46265e-15,1.883410822,2.97873e-06,0.397296866,0.246152383,-0.690665709,4.74928752689717
"AT5G59840","AtRabE1b",1,"TRUE","Non DTG",3.856257875,2.514899179,11.68674355,8.785905192,-0.250121012,0.825794049,0.397724329,0.927958111,0.329968554,0.286242467,-0.205090816,-0.0994792116665009
"AT5G59880","ADF3",1,"FALSE","Non DTG",33.67897665,29.30685074,143.4579888,144.6882279,0.144861094,0.724885573,-0.372088311,0.789698208,0.234765432,0.202551729,-0.212929591,-0.0539011197960722
"AT5G59890","ADF4",1,"FALSE","Non DTG",16.40594947,10.96651218,54.60016823,54.675907,-0.146684601,0.833523592,0.511982436,0.698563147,0.300474339,0.200573027,-0.583114181,-0.075099939343668
"AT5G60160","DAP1",1,"TRUE","Buffered_S",5.008270004,2.357512987,10.83891344,2.100428044,-2.046390357,0.000281814,-0.799403887,0.605561878,0.462063844,1.122396453,1.280418247,1.63589240570512
"AT5G60790","ABCF1",1,"TRUE","Buffered_S",10.30758074,9.024608701,23.98560293,9.474136026,-1.151806086,0.009841777,-0.122333442,0.970346925,0.429740323,0.952552156,1.148332936,0.140904403016928
"AT5G60860","AtRABA1f",1,"TRUE","Non DTG",11.94330696,9.513090998,42.68505592,33.54906,-0.177099362,0.828590566,-0.012024508,0.997324194,0.279800663,0.283557602,0.019242452,0.0021295326951639
"AT5G61130","AtPDCB1",1,"FALSE","Non DTG",6.07757639,3.644097951,17.07651424,22.14936173,0.200296996,0.846075218,-0.276409023,0.956206514,0.355902634,0.164523836,-1.113185996,-0.0553638969741949
"AT5G61210","ATSNAP33",1,"TRUE","Intensified",22.76215291,46.036492,71.97779231,219.3429724,1.655843142,3.30827e-28,1.140629124,2.28323e-06,0.316238553,0.209883597,-0.591423841,1.88870291254087
"AT5G61240",NA,1,"FALSE","Non DTG",8.12001638,7.793863467,19.40290075,13.14347305,-0.479876,0.249186382,0.006957131,0.998616188,0.418494971,0.592983562,0.502781828,-0.003338560195756
"AT5G61270","PIF7",1,"FALSE","Non DTG",4.110132333,5.391175078,13.67442029,20.01280577,0.581979233,0.242970601,0.168803673,0.97421589,0.300570865,0.269386269,-0.158028855,0.0982402321401228
"AT5G61590","DEWAX",1,"FALSE","Non DTG",17.52613157,11.70538024,99.09268721,65.37135032,-0.801294852,0.136272396,-0.429259436,0.870892269,0.176866044,0.17905979,0.017784301,0.343963376239223
"AT5G61780","AtTudor2",1,"TRUE","Exclusive",12.06056639,6.215712176,22.43271914,20.3035857,0.022832005,0.986347312,-0.887652582,0.049730145,0.537632835,0.306138643,-0.812436087,-0.0202668881904869
"AT5G61790","ATCNX1",1,"TRUE","Buffered_S",4.887589289,3.72643037,12.80282825,5.010182279,-1.084933241,0.000639171,-0.072953897,0.987703677,0.381758561,0.743771416,0.962198795,0.0791501079157902
"AT5G61970",NA,1,"TRUE","Non DTG",3.727686727,2.455613613,5.643775071,4.673392576,-0.194684309,0.906019898,-0.48624405,0.879698359,0.660495268,0.52544561,-0.330006789,0.0946640868796114
"AT5G62530","ALDH12A1",1,"TRUE","Non DTG",2.594933882,3.344045338,10.47521763,10.12428755,0.029255216,0.983953622,0.054478794,0.991579971,0.247721238,0.330299325,0.415056458,0.0015937888858895
"AT5G62540","UBC3",1,"FALSE","Non DTG",6.516422155,3.026957269,26.86439185,23.0479117,-0.416228333,0.751891252,0.056276247,0.993235243,0.242567269,0.131333255,-0.88515262,-0.0234237684763063
"AT5G62790","DXR",1,"TRUE","Non DTG",12.85647934,12.88048702,37.24618034,29.91793216,-0.302469964,0.214041343,0.115512381,0.970346925,0.34517578,0.430527315,0.318773537,-0.0349390257226243
"AT5G63420","AtRNJ",1,"TRUE","Non DTG",1.832788486,1.758374971,1.817772745,2.412941725,0.39335754,0.768833314,-0.079202718,0.989950827,1.008260516,0.728726663,-0.46841877,-0.0311549863137937
"AT5G63490",NA,1,"TRUE","Non DTG",5.342912838,6.949960512,9.421637119,12.3093756,0.730662384,0.081412528,0.201423987,0.961966014,0.567089644,0.564607072,-0.006329612,0.147172930536205
"AT5G63570","GSA1",1,"TRUE","Non DTG",16.46387451,16.08329896,43.09950978,30.2528529,-0.437076952,0.170379803,-0.092313169,0.971959027,0.381996793,0.531629166,0.47685973,0.0403479585359809
"AT5G63800","BGAL6",1,"FALSE","Non DTG",12.9057218,12.30402843,16.40225584,15.89412619,0.151433051,0.790782594,0.011454374,0.996883172,0.786826027,0.774124245,-0.023479547,0.00173457080211507
"AT5G63860","AtUVR8",1,"FALSE","Non DTG",4.088471337,2.52776325,9.653402689,11.29163161,0.05176971,0.975009112,-0.440439839,0.915554809,0.423526446,0.223861647,-0.919844678,-0.0228014427374767
"AT5G64040","PSAN",1,"FALSE","Non DTG",815.3153946,753.6610774,3483.99516,3547.067079,0.104106925,0.451718682,-0.070793587,0.938422258,0.234017373,0.212474436,-0.139326363,-0.00737010265228998
"AT5G64270",NA,1,"TRUE","Non DTG",13.09607261,8.17472641,15.58738963,9.308239357,-0.692352454,0.000100439,-0.566778282,0.254177087,0.840170992,0.878224774,0.063907257,0.392410334416604
"AT5G64300","ATGCH",1,"TRUE","Non DTG",13.78452835,19.5543424,28.37113007,52.16452017,0.974453665,1.98333e-06,0.55228973,0.315116707,0.485864621,0.374859049,-0.374206156,0.53818075154036
"AT5G64310","AGP1",1,"FALSE","Forwarded",94.55374263,291.93981,450.0080918,1939.633175,2.162678533,4.81517e-86,1.568684545,1.77166e-14,0.21011565,0.150512898,-0.4812965,3.39256039052037
"AT5G64400","At12Cys-1",1,"TRUE","Buffered_S",26.51825546,22.60268216,221.5715029,311.1881108,0.510776033,0.011024633,0.342724733,0.847531205,0.119682609,0.072633502,-0.720506487,0.175055579532724
"AT5G64500",NA,1,"TRUE","Non DTG",2.973031892,2.29773916,10.3370228,14.48197906,0.495236498,0.312345687,-0.347531828,0.936826375,0.287610074,0.158661958,-0.858157947,-0.172110445442258
"AT5G64580","EMB3144",1,"TRUE","Non DTG",3.88555924,3.817817859,5.241827481,5.926554583,0.187512128,0.888113071,-0.090698329,0.987703677,0.74126042,0.644188424,-0.202497743,-0.0170070366768341
"AT5G64660","ATCMPG2",1,"TRUE","Forwarded",6.622095098,22.26485575,12.67400079,57.20464523,2.348011386,5.61502e-15,1.767522556,1.11872e-07,0.522494452,0.389214122,-0.424851662,4.15016308649982
"AT5G64740","CESA6",1,"FALSE","Non DTG",17.00626354,14.08579482,35.25194635,28.25891896,-0.078782577,0.808874175,-0.249344602,0.740744428,0.482420555,0.498454836,0.047171411,0.0196440103065994
"AT5G64960","CDKC2",1,"FALSE","Non DTG",7.551421278,7.36108026,16.91610801,13.46229077,-0.290907558,0.643431789,-0.178969197,0.95807376,0.446404177,0.546792547,0.292643052,0.0520634920564909
"AT5G65270","AtRABA4a",1,"TRUE","Non DTG",4.473600336,5.591305257,15.76934206,15.36816188,0.236245196,0.802751431,0.265346472,0.963685245,0.283689726,0.363823943,0.358926585,0.0626868292855485
"AT5G65300","SUPA",1,"FALSE","Non DTG",4.942246851,10.82474002,43.49551397,72.31150349,0.942396737,0.006179069,1.249019246,0.223506062,0.113626588,0.149695961,0.397734839,1.1770716618806
"AT5G65470",NA,1,"FALSE","Non DTG",12.3336996,8.329397308,29.59182055,14.61665616,-0.747733626,0.10245454,-0.389298257,0.793389684,0.416794214,0.569856554,0.451263554,0.29109139730209
"AT5G65670","IAA9",1,"TRUE","Non DTG",8.590928,10.21671101,25.06556648,34.04498052,0.372832619,0.301093195,0.247227756,0.938037002,0.342738234,0.300094488,-0.19169032,0.092174571758973
"AT5G65810","CGR3",1,"TRUE","Non DTG",1.793990539,1.649530305,6.183715476,6.426373455,0.136101119,0.956311975,0.821860482,0.749215808,0.290115311,0.256681364,-0.176647882,0.111856131262079
"AT5G65840",NA,1,"TRUE","Non DTG",10.90359875,16.5505884,38.54642949,27.09396273,-0.471920479,0.169562491,0.672666108,0.579658915,0.282869228,0.610858905,1.110703946,-0.317444911894426
"AT5G65910",NA,1,"TRUE","Non DTG",5.465939199,3.073661777,11.43103867,4.4836258,-1.123996592,0.058179258,-0.654805651,0.744731778,0.478166452,0.685530397,0.519707726,0.735999320146341
"AT5G65960",NA,1,"TRUE","Non DTG",3.241776807,3.357262849,8.564584583,11.26237462,0.304642374,0.761143793,-0.089944572,0.989720825,0.378509521,0.298095469,-0.34455514,-0.0274009279424939
"AT5G66680","DGL1",1,"TRUE","Non DTG",8.03967373,10.0997925,19.12284618,20.80693581,0.310790279,0.592434158,-0.002873238,0.999274118,0.420422444,0.485405088,0.207349541,-0.000892974439653402
"AT5G66760","SDH1-1",1,"TRUE","Non DTG",10.36456082,7.832634722,17.60051855,14.40597701,-0.321578672,0.609974968,-0.132781078,0.966592012,0.588878151,0.54370729,-0.115138974,0.0426995627299684
"AT5G67250","SKIP2",1,"FALSE","Buffered_S",11.89946393,16.38906259,28.74851098,61.26039992,1.142069714,2.97086e-18,0.392440912,0.731176934,0.413915835,0.267531107,-0.629630794,0.448194880129739
"AT5G67330","ATNRAMP4",1,"TRUE","Non DTG",2.75535168,2.902611664,8.380031709,8.046843479,0.131553022,0.915784563,-0.069019374,0.990516992,0.328799672,0.360714319,0.133647832,-0.00907970722624823
"AT5G67490","SDHAF4",1,"TRUE","Non DTG",7.144919592,7.586324207,32.7624049,35.96748861,0.220054083,0.820893187,-0.000257474,0.999997657,0.218082879,0.21092171,-0.048168915,-5.6658204966342e-05
"AT5G67560","ARL8b",1,"TRUE","Non DTG",3.940024603,4.876680229,30.11152385,32.06946809,0.082580777,0.928748446,0.414262556,0.886523238,0.130847732,0.15206614,0.216810033,0.034210123756486
"AT5G67590","FRO1",1,"TRUE","Non DTG",16.98442302,11.56151221,92.96174437,49.39097439,-0.810619233,0.082481318,-0.103574788,0.984029199,0.18270336,0.234081477,0.357507611,0.0839597152066976
"AT5G67600","AthCYSTM13",1,"FALSE","Non DTG",7.088822509,4.167135847,52.30299695,59.9459053,0.278757791,0.801015585,0.097804443,0.989950827,0.135533773,0.069514937,-0.963257473,0.0272637504806654
