geneID,Ribo_Mock_RPKM_AVG,Ribo_IC_RPKM_AVG,RNA_Mock_RPKM_AVG,RNA_IC_RPKM_AVG,RNAlog2fc,RNA_adjp,Ribolog2fc,Ribo_adjp,TE_Mock,TE_IC,log2_TEfc
AT1G01040,2.116494867,1.976589293,3.153314396,2.235973712,-0.447184385,0.345748883,-0.016548759,0.996883172,0.671196906,0.883994871,0.397301933
AT1G01050,11.75257668,4.557399883,34.97022769,31.28827207,-0.029149625,0.983118348,-0.923999214,0.484674152,0.336073782,0.145658407,-1.206189022
AT1G01060,22.32546042,15.76560275,55.63797486,42.80674102,-0.247976503,0.40049427,-0.454004873,0.309085439,0.401262995,0.368297198,-0.123677695
AT1G01080,12.57116771,11.78522208,30.40238636,30.72042603,0.295544026,0.485945399,-0.017989181,0.996883172,0.413492795,0.383628211,-0.108153375
AT1G01090,39.48403779,37.75521441,95.62941477,100.837926,0.08710171,0.843204116,0.164208907,0.912813822,0.412885908,0.374414825,-0.141105621
AT1G01100,11.7715654,11.59473215,108.5975638,63.70771637,-0.481757247,0.169562491,0.158814811,0.97690286,0.10839622,0.181998866,0.747615017
AT1G01120,31.14419046,31.95326758,37.5796294,48.49206014,0.390989632,0.338331372,0.07772423,0.97421589,0.828751932,0.658938133,-0.330797309
AT1G01140,23.47179141,16.59923208,64.76340721,46.81867935,-0.539058764,9.4408E-05,-0.49487521,0.432483178,0.362423665,0.354542937,-0.031716807
AT1G01160,2.728690605,1.443791853,10.30591214,5.207399507,-0.54995552,0.726403463,-0.143407555,0.987703677,0.264769442,0.277257747,0.066491145
AT1G01170,5.70129532,10.54397373,33.70912527,39.08203667,-0.136893401,0.920287067,0.485276711,0.899651201,0.169132105,0.269790795,0.673690581
AT1G01260,6.009957368,4.580506346,10.82147287,13.99716708,0.416184643,0.253211348,-0.172333921,0.967739344,0.555373325,0.327245243,-0.763085664
AT1G01300,14.69912642,15.3052495,31.75444034,32.10420403,0.101712324,0.88560868,-0.037223726,0.989950827,0.462899874,0.476736613,0.04249226
AT1G01320,20.00684436,19.37695862,22.30999601,20.58532126,-0.026377385,0.95445,-0.047717742,0.978293689,0.896765932,0.941299792,0.069922805
AT1G01340,1.935227399,3.072175951,6.076237951,10.95212417,0.936356168,0.012561042,0.649035097,0.756805985,0.318491049,0.280509598,-0.18320269
AT1G01440,2.434558148,3.743973291,6.225329206,9.471429141,0.792340709,0.103084246,0.56836436,0.786434957,0.391072997,0.395291274,0.015478185
AT1G01470,43.30309814,65.7605342,374.6318821,372.5918046,0.103595716,0.839515142,0.662650385,0.121730697,0.115588395,0.176494849,0.610629512
AT1G01490,8.680949831,3.174407814,23.11680077,9.505418001,-1.03865339,0.068551957,-0.771752272,0.69286726,0.375525572,0.33395773,-0.169245648
AT1G01500,2.224779178,1.239414269,5.465007932,5.203759364,-0.171949031,0.945678116,-0.693132686,0.823006316,0.407095325,0.238176707,-0.773334324
AT1G01510,2.377703385,1.155064539,8.068953538,10.68453598,0.518102479,0.452431365,-0.670318857,0.80144117,0.294673079,0.108106196,-1.446666055
AT1G01540,8.941688345,5.084362313,16.77466672,16.43911329,-0.336769751,0.507917194,-0.464592169,0.836101519,0.533047154,0.309284462,-0.785328803
AT1G01550,52.81835135,70.94661726,137.8874136,174.7766318,0.446653572,0.000156802,0.590432001,0.012271273,0.383054189,0.405927363,0.083673096
AT1G01560,5.127583105,22.08274047,11.32877337,62.38821475,2.162716799,2.13998E-31,1.988882544,1.73257E-10,0.452615913,0.353956922,-0.354713519
AT1G01610,8.597857341,5.648581135,16.86774079,15.15002662,-0.123258388,0.922141838,-0.591301525,0.69286726,0.509721927,0.372842984,-0.451142222
AT1G01620,53.61768047,48.01323368,150.9432624,138.5392508,-0.049683559,0.931920865,-0.107927785,0.952200702,0.355217448,0.34656773,-0.035565121
AT1G01630,4.402543168,4.149840866,15.61141281,8.278032533,-0.558754932,0.689405076,0.253849389,0.961585417,0.282007991,0.50130763,0.829960146
AT1G01650,6.632541863,9.693420953,15.57794781,12.16613302,-0.504565282,0.380177223,0.550082652,0.609575028,0.425764802,0.796754477,0.904078533
AT1G01710,2.920825023,2.593130805,8.688776419,8.199148914,0.202564261,0.820976245,-0.259444317,0.964026953,0.336160684,0.31626829,-0.088002089
AT1G01720,19.4185649,10.55349306,54.61767782,54.68687954,-0.093483931,0.822774047,-0.840439051,0.150287906,0.35553626,0.192980348,-0.881542762
AT1G01730,1.773095012,2.016555098,12.91604874,8.344434311,-0.366113341,0.68971385,0.438235349,0.932868832,0.137278439,0.241664686,0.815901615
AT1G01790,22.20721704,23.35731089,35.36171538,36.45876603,0.126590327,0.668732232,0.07684137,0.960600801,0.628001691,0.640650067,0.028768106
AT1G01800,8.770439331,7.070887607,30.88619462,30.12440827,0.01440369,0.991878792,-0.223617412,0.959797336,0.283959854,0.234722871,-0.274728555
AT1G01820,5.708299806,3.410143757,13.19488786,6.846860898,-0.564635141,0.464545861,-0.612439335,0.844904665,0.432614499,0.498059448,0.203235932
AT1G01950,3.585227474,2.542208849,6.131563302,7.260136677,0.265418153,0.805395438,-0.383149378,0.899651201,0.584716702,0.350159916,-0.739723859
AT1G01960,6.585182868,6.79518088,8.876051351,6.696483479,-0.205366083,0.641240067,0.101426031,0.96893317,0.741904548,1.014738691,0.451802772
AT1G01970,6.931615461,1.862666496,6.73367083,5.165576626,-0.456057043,0.587212334,-1.264898126,0.196973345,1.029396244,0.360592172,-1.51335844
AT1G02000,2.047392096,2.518816925,8.679948789,3.239308842,-0.502515665,0.728026115,0.12661455,0.987703677,0.235876057,0.777578504,1.720959353
AT1G02020,2.064742613,2.361115598,5.093737357,4.163198506,-0.312149005,0.815070933,0.219412585,0.970346925,0.405349249,0.567139807,0.484538951
AT1G02080,7.808192681,7.275539162,5.367957867,3.574686378,-0.39794908,0.524462028,-0.099480532,0.958977185,1.454592766,2.035294399,0.484622184
AT1G02090,2.626368142,1.291741572,9.902256829,11.27880607,-0.091911418,0.9623178,-0.576639211,0.902879025,0.265229249,0.114528219,-1.211536769
AT1G02100,2.51941795,4.398356179,7.426362396,8.67353403,0.179136668,0.959145928,0.284092665,0.953728363,0.3392533,0.507100815,0.579909745
AT1G02120,4.335450528,3.156867056,10.20799336,11.63178671,0.083204428,0.932731802,-0.443524984,0.862769898,0.424711339,0.271400012,-0.646061841
AT1G02130,4.356394957,4.63621344,15.97190335,15.78112779,0.303888525,0.787177807,0.559803163,0.846328658,0.272753651,0.293782137,0.107148166
AT1G02140,8.450866105,5.470915338,43.66657014,34.1967937,0.018317035,0.989721267,-0.653465736,0.754869778,0.193531713,0.159983283,-0.274648824
AT1G02150,10.05294811,6.445616959,39.56186303,27.05369496,-0.32877595,0.577706476,-0.498401126,0.694972648,0.254107045,0.23825274,-0.092943566
AT1G02170,8.501809432,18.63941983,29.97482984,73.84074656,1.308487664,5.98407E-12,1.032726136,0.021654988,0.283631616,0.252427294,-0.168150447
AT1G02205,11.95395421,10.36140797,19.44460072,12.06926504,-0.405288223,0.466885477,0.0599711,0.987703677,0.614769847,0.858495355,0.481763922
AT1G02270,9.079780297,10.62955317,14.72504374,22.81081257,0.698323514,0.214146034,0.29243642,0.901612329,0.616621618,0.465987485,-0.404094262
AT1G02280,4.303422567,3.996950392,22.73723335,20.03170325,-0.127076489,0.941791982,-0.056120097,0.993235243,0.189267643,0.19953123,0.076186781
AT1G02305,3.883527525,3.514483439,7.911879333,8.01328144,0.236291396,0.796172437,-0.234019726,0.968936277,0.490847669,0.438582304,-0.162427759
AT1G02335,4.43517329,4.447712852,7.880670418,11.6693451,0.60386724,0.629612036,-0.000193241,0.999997657,0.562791369,0.381145027,-0.56226015
AT1G02360,5.232612965,31.04982921,11.95720772,78.44959023,2.745121458,2.59783E-35,2.720185976,2.5536E-16,0.437611614,0.395793389,-0.14490351
AT1G02400,17.69101885,36.09722437,69.26236064,168.7737858,1.420831644,2.8888E-32,1.273590367,9.79044E-06,0.255420385,0.213879331,-0.256076605
AT1G02410,4.441567945,2.470365391,7.30547142,5.393972251,-0.24958162,0.867762084,-0.493263023,0.901612329,0.607978279,0.457986299,-0.408715342
AT1G02475,8.852913236,8.317023003,17.25520999,35.75934337,0.907666396,0.010955473,0.190992266,0.970346925,0.513057404,0.232583214,-1.141373274
AT1G02500,29.81040614,17.99971365,96.56096372,107.205254,0.111189582,0.736183132,-0.468777461,0.352181144,0.308721092,0.167899548,-0.878705708
AT1G02560,37.34933867,28.19317156,115.8384441,134.400433,0.184332086,0.639258146,-0.350561881,0.593416806,0.322426108,0.209769946,-0.620160573
AT1G02610,2.957757482,2.363242973,15.00595681,5.186891635,-1.074111893,0.056573111,-0.660464252,0.821705988,0.197105557,0.455618343,1.208857377
AT1G02640,16.77898121,17.9204638,26.34285283,21.17441265,-0.204166474,0.454968943,0.112950795,0.961585417,0.636946246,0.84632637,0.410042497
AT1G02660,44.77821822,44.58148108,91.15351144,88.78340398,0.07492555,0.793608884,0.044344005,0.977375972,0.491239641,0.502137551,0.031655634
AT1G02780,39.03892436,28.40167635,235.9781651,218.0110079,-0.173233176,0.497893815,-0.26718222,0.812440125,0.165434477,0.130276341,-0.344684827
AT1G02840,4.366794456,2.996003031,15.7393778,14.90313517,0.116994249,0.932342549,-0.584552005,0.782756329,0.277443906,0.201031729,-0.464772895
AT1G02870,3.164450756,3.228395345,6.658166171,4.608556383,-0.488123558,0.779192002,-0.053710103,0.993885949,0.475273623,0.700522046,0.559672118
AT1G02890,4.601474249,3.529298333,6.48572643,7.412389957,0.252456114,0.782154576,-0.283058347,0.901612329,0.70947708,0.476135005,-0.575385378
AT1G02910,5.979848848,4.797659493,16.4668726,12.65516312,-0.150820522,0.850853888,-0.028179961,0.995430869,0.363144174,0.379106887,0.06206223
AT1G02920,3.144358936,15.19029677,25.7956561,75.3762267,1.784957722,3.31642E-24,2.216355022,1.03533E-06,0.121894901,0.201526362,0.725330802
AT1G02930,7.213146123,29.89951853,57.31131557,161.6671336,1.761616144,3.41252E-27,1.994787121,1.33377E-13,0.125859022,0.184944941,0.555287203
AT1G03060,3.429146639,3.8220542,3.428635084,4.179148855,0.176261589,0.71982274,0.148968047,0.922491402,1.000149201,0.914553258,-0.129076144
AT1G03080,3.829612184,3.738081221,4.685068299,3.00576877,-0.460727895,0.42164011,-0.041199315,0.990516992,0.817407974,1.243635658,0.605435666
AT1G03090,7.500636473,5.80234019,21.08785158,19.44886142,-0.007142139,0.995296217,-0.276204457,0.909134977,0.355685189,0.298338297,-0.253651716
AT1G03130,160.7688078,123.4120811,683.917271,441.2470503,-0.493971511,0.322296902,-0.249785402,0.598051705,0.235070548,0.279689306,0.250731295
AT1G03140,4.048867406,2.945564256,11.36868482,10.62863513,-0.181967475,0.93594647,-0.245569289,0.957770699,0.35614211,0.277134761,-0.361865352
AT1G03160,3.143069594,3.249288454,7.991699357,8.385692239,0.218612981,0.698906829,0.109613202,0.984477763,0.393291771,0.387480051,-0.021477965
AT1G03220,24.88184646,74.82230739,58.61831007,278.6827077,2.326562753,2.20148E-73,1.679461687,4.67136E-18,0.424472258,0.268485648,-0.660825298
AT1G03230,2.225978971,7.68884228,8.719873807,41.32145194,2.005790647,5.52052E-30,1.870861608,0.00073248,0.255276512,0.186073865,-0.456185364
AT1G03250,5.827544035,4.138124938,6.344570238,2.388004375,-0.506532824,0.69614873,-0.314256363,0.938037002,0.918508869,1.732879965,0.915806166
AT1G03280,2.864068394,1.311498646,5.406547721,5.843753641,0.39289731,0.756864951,-0.894429352,0.563828357,0.529740704,0.224427436,-1.239037311
AT1G03290,2.307970144,3.523117599,6.139765089,7.524786075,0.667589867,0.417979253,0.433264784,0.906973926,0.375905285,0.468201696,0.316760961
AT1G03310,2.120735937,2.67843416,4.13411341,3.651249218,-0.100179355,0.961547121,0.301681253,0.936325889,0.51298446,0.733566514,0.51601266
AT1G03350,4.059419308,6.046499156,9.275927238,10.56518382,0.174663518,0.851052069,0.255489293,0.937980091,0.43762949,0.572304208,0.387072255
AT1G03370,9.358821317,25.64644454,14.44339066,39.34563087,1.5369605,1.84727E-43,1.459399844,1.83989E-12,0.647965671,0.651824459,0.008566107
AT1G03380,3.367730619,2.534551784,5.89684024,6.45550265,0.346408156,0.595955717,-0.478212802,0.808039381,0.571107658,0.392618812,-0.540633429
AT1G03400,6.987867164,4.765788694,23.70620915,15.6610579,-0.793500503,0.064076747,-0.618863622,0.7228291,0.294769489,0.304308223,0.045946114
AT1G03475,15.51759533,15.97917022,45.21201784,40.33622743,-0.117479755,0.881080612,-0.212975639,0.922062997,0.343218376,0.396149349,0.206917633
AT1G03520,2.689858505,1.963945749,8.200983265,8.455608648,0.103821013,0.938845856,-0.048961492,0.993235243,0.327992195,0.23226545,-0.497886919
AT1G03590,3.154388088,2.159615617,7.705100637,2.073328601,-1.385914011,0.005946633,-0.543989661,0.877055808,0.409389603,1.041617627,1.3472794
AT1G03600,97.62077425,71.15988552,536.4130886,468.8219509,-0.084544301,0.840319859,-0.104994547,0.938037002,0.181988054,0.151784458,-0.261819685
AT1G03610,6.32370974,9.286597339,30.77599256,34.68740676,0.198930527,0.633216783,0.133874465,0.957926244,0.205475412,0.267722445,0.38177233
AT1G03630,20.50908082,17.23770817,63.33083724,48.41218222,-0.301404446,0.113634617,-0.141823909,0.953728363,0.323840355,0.356061375,0.136843166
AT1G03680,71.83725805,64.17909006,332.9488446,258.382796,-0.365892442,0.00024991,0.177651063,0.891081568,0.215760647,0.248387629,0.20316157
AT1G03730,2.880906719,3.970633693,14.36997034,20.16511742,0.904878732,0.05733738,0.226925625,0.971959027,0.200481048,0.196906054,-0.025958399
AT1G03740,16.65155725,40.41839734,21.92507588,44.86423684,1.13397244,3.22499E-06,1.3162287,6.25101E-11,0.759475467,0.9009046,0.246370979
AT1G03860,4.915906442,4.235415677,19.60773832,17.64247548,0.115070028,0.960313888,0.037248907,0.993889967,0.250712569,0.24006924,-0.062583761
AT1G03870,21.32227052,16.21254832,81.57954212,93.90380977,0.323597309,0.119920468,-0.339565992,0.860339978,0.261367862,0.172650592,-0.59822648
AT1G03930,2.776164832,3.359221147,11.19378339,9.406451473,-0.245757191,0.789751742,0.291530156,0.943845246,0.248009519,0.357118852,0.526008799
AT1G04040,6.344901116,4.947598684,18.8469616,16.22961612,-0.28996634,0.828044294,-0.543270637,0.812507089,0.336653793,0.304850013,-0.143166114
AT1G04080,4.156697099,6.390583244,17.79499429,20.3114878,0.275131127,0.547057316,0.709018449,0.49963078,0.233587998,0.314629007,0.429685535
AT1G04120,2.953396082,2.863251664,3.659312111,2.999623786,-0.204186047,0.856595757,-0.082095712,0.987121396,0.807090511,0.954536925,0.242070533
AT1G04140,5.759827866,5.102525697,14.84342685,8.643792236,-0.571422808,0.089946545,-0.085253337,0.987459256,0.388038956,0.590311007,0.605273746
AT1G04170,12.21072405,10.72573939,19.82191418,18.11685131,-0.103299145,0.943262951,-0.022863411,0.994887425,0.616021437,0.592031099,-0.057307594
AT1G04200,4.487528904,5.160184428,10.04592655,6.291908214,-0.584433286,0.128751489,0.362283154,0.877055808,0.446701345,0.820130277,0.8765425
AT1G04210,6.05542993,4.582687515,10.76424776,6.940237609,-0.615212957,0.09102178,-0.414049893,0.747006029,0.562550218,0.660307006,0.231155062
AT1G04250,12.04749124,12.94548728,17.49585815,12.10192499,-0.123853884,0.92932035,0.170988205,0.970027316,0.688591044,1.069704803,0.6354934
AT1G04260,5.138038142,1.748212441,12.14633971,14.19199984,0.104142155,0.971309347,-1.033490601,0.637202875,0.423011233,0.123182952,-1.779893364
AT1G04270,29.43678492,28.64725624,173.4472017,119.8807316,-0.458345282,0.01617781,0.013628897,0.996883172,0.169716113,0.238964643,0.493673631
AT1G04280,1.87127745,2.152390363,6.640464625,4.682710932,-0.233527201,0.839515142,0.194125533,0.976064811,0.281799175,0.459646217,0.70585648
AT1G04300,2.7274076,3.011054438,7.943358039,7.9815159,0.078547425,0.931157583,0.217765753,0.953728363,0.343357002,0.377253454,0.135824725
AT1G04350,5.47414902,4.109587411,16.63720224,13.88928996,-0.127214136,0.915784563,0.165255235,0.972259272,0.329030623,0.295881749,-0.153201153
AT1G04400,10.85390931,9.754812318,25.0154636,22.61159206,-0.069569776,0.92005305,0.01472945,0.996883172,0.433887993,0.431407585,-0.008271123
AT1G04410,54.62493062,54.97819816,250.3315783,242.2228928,0.066440423,0.835153443,0.042923074,0.985750099,0.218210307,0.226973584,0.056805153
AT1G04420,14.13794952,11.65467921,44.19363037,35.99188241,-0.256616083,0.441658911,-0.041665211,0.992589008,0.319909213,0.323814106,0.01750329
AT1G04430,14.96742662,13.45050906,45.79521542,36.77266135,-0.21453904,0.559876274,-0.177687309,0.917987537,0.326833851,0.365774697,0.162397862
AT1G04440,9.508008386,7.070229552,19.46663112,13.94109854,-0.568637623,0.18657913,-0.218788518,0.936826375,0.48842598,0.507150102,0.054272866
AT1G04480,18.63872992,17.00970388,114.3538802,111.4839049,0.018019836,0.983953622,-0.075152118,0.987703677,0.16299167,0.152575422,-0.095275651
AT1G04510,4.670350069,3.579376146,7.86753048,12.73951543,0.636198716,0.449451709,-0.175768858,0.970346925,0.593623384,0.280966428,-1.079150167
AT1G04530,22.57325689,26.02952083,35.22187956,35.5196506,0.03528701,0.983280974,0.03657627,0.991004798,0.640887345,0.732820295,0.193388675
AT1G04630,5.409628687,1.774490934,30.7642913,9.622694391,-0.919965676,0.460276045,-0.719957139,0.771567415,0.175841161,0.184406868,0.068619574
AT1G04640,5.070250083,3.613249734,11.93998047,15.91196872,0.516286994,0.525874735,-0.513063756,0.903793593,0.424644755,0.227077478,-0.903071805
AT1G04680,21.22394082,21.48155522,51.02566199,50.9448333,0.031303689,0.981964984,0.079402292,0.977375972,0.415946408,0.421663078,0.019693042
AT1G04690,3.053418335,4.932847258,16.99235329,11.66753519,-0.613896174,0.258066205,0.488142621,0.877055808,0.179693671,0.422784005,1.234381204
AT1G04710,4.862537777,1.746346985,3.751436549,4.039714403,0.16073119,0.933211169,-0.915514088,0.640332872,1.2961802,0.432294665,-1.584179364
AT1G04750,2.713108557,5.747333014,14.43540131,17.64676274,0.222318103,0.876321818,0.352515378,0.922062997,0.18794826,0.325687669,0.793153538
AT1G04780,3.698338989,4.00763611,10.02037891,8.076612894,-0.056757257,0.965327504,0.07790297,0.987703677,0.36908175,0.496202574,0.426988816
AT1G04800,3.558418192,4.739276876,22.14756846,13.39141754,-0.65885291,0.100029872,0.458695129,0.836101519,0.160668572,0.353904048,1.139270511
AT1G04810,2.663700409,2.477397417,5.826061356,7.946860064,0.313261341,0.526809559,-0.058978906,0.989950827,0.457204318,0.311745444,-0.552470555
AT1G04820,4.026060939,2.260709433,9.195344451,3.037333322,-0.667240308,0.014201674,-0.304944909,0.915554809,0.437836882,0.744307323,0.765504944
AT1G04850,4.808287436,4.636769298,13.27202765,10.43966181,-0.245862198,0.801015585,-0.151213513,0.977375972,0.362287328,0.444149378,0.293910625
AT1G04860,2.447285835,3.39173289,6.428831031,4.778906343,-0.36492366,0.650997063,0.469680878,0.860339978,0.380673535,0.709729935,0.898715883
AT1G04940,5.573223022,7.025847545,38.26965443,19.95410642,-0.485477524,0.304948832,0.265303961,0.936826375,0.145630346,0.352100334,1.273675585
AT1G04960,3.146262317,5.399961644,7.596062246,5.114616716,-0.425461064,0.758966982,0.645710737,0.746106802,0.41419649,1.05579009,1.349935798
AT1G05010,56.66827392,34.70450053,148.7067077,109.3592447,-0.341822889,0.069946469,-0.644657838,0.17800649,0.381074094,0.317344004,-0.264023954
AT1G05020,1.612320546,5.056447955,3.448748618,11.62368594,1.787543292,9.09922E-08,1.524287821,0.018618065,0.467508863,0.435012437,-0.103937067
AT1G05120,1.727918316,1.468077676,2.779880636,2.224561256,0.007489739,0.997282424,-0.142273599,0.982744851,0.62158004,0.659940324,0.086395396
AT1G05140,5.934459758,4.281427294,15.60643959,9.891579287,-0.613156779,0.114710564,-0.466568951,0.879698359,0.380257119,0.432835563,0.186843784
AT1G05190,33.74516607,31.91238944,198.5763313,176.1320518,-0.036984465,0.960290386,0.006949238,0.997778221,0.16993549,0.181184453,0.092471987
AT1G05350,2.204646638,1.346119169,10.23321332,11.95234114,0.452916114,0.514163036,-0.10795979,0.987703677,0.215440309,0.112623891,-0.935775299
AT1G05520,1.459311855,2.0962402,3.397622239,3.052946814,0.066118583,0.971989728,0.547531725,0.864081627,0.429509743,0.68662847,0.676838819
AT1G05675,3.063258527,23.20900814,7.888381108,59.19095028,2.728021825,2.724E-29,2.861364923,4.76406E-16,0.388325372,0.392103996,0.013970374
AT1G05805,6.825819804,5.039694521,25.41363677,12.77984385,-0.908442823,0.056141254,-0.351739974,0.917752481,0.268588863,0.394347113,0.554066595
AT1G05850,106.4394212,84.06245728,291.4671669,250.796744,-0.110028336,0.523089174,-0.176938621,0.801633907,0.365184945,0.335181613,-0.123684277
AT1G05940,3.111188282,3.485441332,10.08900275,8.962296742,-0.089251682,0.93607786,0.183794682,0.971959027,0.308374213,0.388900461,0.334718816
AT1G05960,3.108812475,2.035816869,5.498497774,7.587684421,0.582383129,0.195789385,-0.630182946,0.723211452,0.565393059,0.268305422,-1.075377963
AT1G06040,50.35808097,43.52980891,201.1911985,124.5122755,-0.547987562,5.92794E-08,0.110747265,0.953728363,0.250299622,0.349602549,0.482059591
AT1G06110,1.977815335,1.475699077,6.402559242,4.179311252,-0.446703764,0.706257767,-0.339217605,0.953728363,0.308910119,0.353096237,0.192874319
AT1G06130,2.80649827,3.029809817,10.72526846,17.36096894,0.559061132,0.501435513,0.657691622,0.749215808,0.26167161,0.174518475,-0.584377641
AT1G06190,2.758622365,6.301512216,13.49819844,11.97095044,-0.124143258,0.937988427,1.000989221,0.498044092,0.20436967,0.526400326,1.364979275
AT1G06200,6.396324467,5.063795979,13.21861944,8.77539598,0.088695382,0.974983219,-0.092516338,0.988906775,0.483887481,0.577044727,0.254011532
AT1G06210,2.247333798,2.914300427,2.590777686,5.928037081,0.429975375,0.789900028,0.412570396,0.921874278,0.867435986,0.491613056,-0.819234065
AT1G06220,1.269815042,1.427882234,2.551051973,1.285280797,-0.681555334,0.482820266,-0.347740657,0.876460377,0.497761338,1.110949637,1.158267334
AT1G06230,3.360477971,3.407080213,6.650809288,8.678983405,0.412171154,0.656426286,0.181953297,0.970346925,0.505273543,0.392566739,-0.364126696
AT1G06290,2.286641141,2.140438757,6.28063133,5.755653983,-0.0163327,0.991366964,0.069658637,0.989950827,0.36407823,0.371884544,0.030606309
AT1G06360,2.334508316,1.585341888,7.356254143,2.266298877,-1.272586047,0.103674886,-0.139930367,0.987703677,0.317350145,0.699529044,1.140308459
AT1G06390,9.561433191,5.987246547,25.4718017,17.48866691,-0.387371203,0.704530207,-0.362729116,0.906326092,0.375373258,0.342350082,-0.132853518
AT1G06400,9.051706167,8.175487365,32.50677893,43.84585175,0.493327845,0.108172519,-0.310079905,0.936826375,0.278455955,0.186459768,-0.578584765
AT1G06410,33.06789919,32.52585475,45.36466953,32.37286627,-0.422842334,0.112982275,-0.064507214,0.970346925,0.728935084,1.004725825,0.462939619
AT1G06430,25.06092972,18.40170702,50.65596011,36.54347877,-0.211994435,0.221156949,-0.422949301,0.34705405,0.494728156,0.503556521,0.025517711
AT1G06460,8.978056987,8.016120819,23.72731965,38.18602228,0.762638409,0.018793175,0.041442712,0.993235243,0.378384795,0.209922907,-0.849994512
AT1G06470,4.979076658,4.246342048,3.482346307,8.202436412,1.059511978,0.044929348,-0.190193598,0.970346925,1.429805143,0.517692773,-1.465650464
AT1G06510,5.91442422,2.12435402,8.946744166,4.778168408,-0.500160158,0.801973454,-1.096698516,0.532224008,0.661070006,0.444595887,-0.572308458
AT1G06550,2.114734818,1.669650167,7.614569057,2.803062435,-0.979623373,0.423246393,-0.25183353,0.968936277,0.277722193,0.59565215,1.100827601
AT1G06570,14.87191456,10.77877428,29.96308037,26.25065975,0.009354114,0.991878792,-0.435056993,0.722637652,0.49634131,0.410609652,-0.273564992
AT1G06640,3.420690046,2.406215402,21.95555529,27.72900653,0.371241025,0.697109861,-1.00731723,0.469939342,0.155800662,0.086776113,-0.844331494
AT1G06650,3.470741839,3.677640566,18.47561805,12.93508443,-0.51026916,0.203669432,-0.06709774,0.989950827,0.18785525,0.284315157,0.597869581
AT1G06670,1.851307725,1.505828771,1.90133653,1.701976509,0.009781864,0.995356505,-0.144221385,0.97421589,0.973687559,0.88475297,-0.138184209
AT1G06680,751.7709111,605.5406989,3784.86657,3482.267716,-0.069407077,0.762282125,-0.229126164,0.124243911,0.198625473,0.173892632,-0.191853846
AT1G06690,10.28813899,8.409438348,32.40725668,35.53136134,0.1821959,0.735824751,-0.237691591,0.936826375,0.317464051,0.236676503,-0.42367675
AT1G06700,4.779467928,5.360013613,17.49490851,13.66541926,0.100350887,0.90066179,0.303344048,0.935505558,0.273191936,0.392231918,0.521792041
AT1G06760,10.7326195,9.96616195,47.77327581,51.04171811,0.171190085,0.752374097,-0.167126813,0.968916847,0.224657391,0.195255221,-0.202365399
AT1G06830,4.142373471,6.821044221,33.85733892,52.95262971,0.659852205,0.304979976,0.422007527,0.936826375,0.122347875,0.128814079,0.074301238
AT1G06840,2.194970946,2.471993767,4.286546591,5.078215127,0.322762238,0.63798013,0.231645262,0.958516893,0.512060443,0.486783979,-0.073032427
AT1G06900,3.115183763,2.266543226,5.059928947,2.323019806,-0.90214204,0.269601163,-0.376201154,0.916086574,0.61565761,0.975688291,0.664292077
AT1G06950,12.05607834,9.799363554,18.94523787,11.55303966,-0.5488987,0.346589005,-0.267454076,0.858745023,0.63636458,0.848206519,0.414562032
AT1G07000,14.00538744,30.31287498,41.25927529,143.4229884,1.893377249,4.28737E-37,1.063496741,0.000762169,0.339448217,0.211352973,-0.683537103
AT1G07010,5.841748881,4.744521086,17.2995309,4.135006684,-1.399820265,0.000132892,-0.298639898,0.936826375,0.337682502,1.147403486,1.764633477
AT1G07040,3.778759369,3.534246503,8.028365408,5.880342632,-0.184169407,0.87949198,0.074303935,0.989950827,0.470676056,0.601027308,0.352696078
AT1G07080,8.692728358,8.582509057,34.92036378,26.84645677,-0.229982303,0.766131719,-0.025924819,0.996883172,0.248930063,0.319688707,0.360927309
AT1G07110,12.13555774,10.33504746,29.45649354,25.80695008,-0.0687104,0.943216773,0.056262493,0.986150942,0.411982428,0.400475354,-0.040869347
AT1G07135,18.11664746,87.55357624,68.8105798,338.2608052,2.349756912,1.85564E-27,2.550166397,1.31895E-18,0.263282878,0.258834529,-0.024583611
AT1G07150,2.430812162,1.662119974,10.58948702,9.270620807,-0.145897326,0.931656798,-0.262929656,0.964026953,0.229549567,0.179288961,-0.356519047
AT1G07180,21.23306484,22.98713752,71.11685505,73.56584502,0.057335434,0.892972006,0.005475409,0.997778221,0.298565858,0.312470244,0.065669612
AT1G07200,3.980825776,2.140998823,3.306635101,2.679924278,-0.694257528,0.29568375,-1.12580162,0.284725208,1.203890256,0.79890273,-0.59161212
AT1G07220,2.648567461,2.05496838,7.043292239,3.971447831,-0.68170727,0.435628393,-0.304719538,0.953728363,0.376041114,0.517435572,0.460488831
AT1G07230,3.733686506,3.789552918,10.94042088,9.984817024,-0.064110292,0.980316181,0.017888767,0.996883172,0.341274485,0.379531534,0.153287199
AT1G07240,2.334239202,4.304653082,11.70860037,16.97393351,0.529629386,0.315278835,0.719114287,0.721999568,0.199361079,0.253603744,0.347192261
AT1G07280,6.140805155,6.262115078,17.92283523,13.5789607,-0.453762377,0.545874406,-0.113162233,0.977375972,0.34262465,0.461163061,0.428648006
AT1G07310,10.76600514,10.99917613,25.28420387,45.86207406,0.891177838,7.48871E-05,0.171321885,0.957926244,0.425799649,0.239831633,-0.828152801
AT1G07320,31.15127296,18.85047769,147.1566031,147.0727531,0.166601163,0.404570968,-0.562916577,0.276256369,0.211687905,0.128171108,-0.723867752
AT1G07360,4.786241515,4.642136826,15.49090101,17.66399943,0.249070272,0.625106395,0.257199358,0.949357573,0.308971151,0.262802139,-0.233495122
AT1G07510,4.139652231,5.260408112,6.187395973,8.738523902,0.834493527,0.017111702,0.318041289,0.884093298,0.669045952,0.601979026,-0.15239208
AT1G07530,2.74291597,2.353550207,5.584304916,6.838636842,0.675110864,0.092867187,-0.186680164,0.970346925,0.491183059,0.344154875,-0.513202856
AT1G07570,4.252997707,1.936971027,12.36598376,7.139861084,-0.380571343,0.705798089,-0.756192924,0.711620147,0.343927163,0.271289736,-0.342268597
AT1G07630,2.327530167,4.190159361,6.619206633,10.31335326,0.677851878,0.133340237,0.866577214,0.502992113,0.351632801,0.406284867,0.208421977
AT1G07650,4.825302412,5.339031437,10.35235119,7.454174162,-0.239889671,0.671786634,0.028231163,0.993235243,0.466106909,0.716247209,0.619796715
AT1G07700,6.303231655,8.180164361,20.08370516,13.92163729,0.006805963,0.997218616,0.604884643,0.722689705,0.313848048,0.587586373,0.904734703
AT1G07720,6.847667726,4.267763954,11.18643991,6.376549568,-0.716479474,0.189063581,-0.504078195,0.793389684,0.612140036,0.669290485,0.128770777
AT1G07770,29.78501629,20.22967596,211.4809338,109.0109443,-0.405233038,0.047869445,0.104529483,0.977375972,0.140840197,0.185574725,0.397941081
AT1G07890,92.83103293,86.90621382,287.9041062,437.1341289,0.565988163,5.77258E-05,-0.116126636,0.943207839,0.322437336,0.198809034,-0.697635492
AT1G07990,2.83731002,2.554835602,4.59067386,4.523350052,-0.246242597,0.882723349,-0.0457023,0.993235243,0.618059594,0.564810499,-0.129979043
AT1G08050,1.543236505,2.042864451,2.37578128,5.055819241,0.796222651,0.395625328,0.465708543,0.906973926,0.649570109,0.404062003,-0.684908555
AT1G08110,8.484608084,8.991631949,15.17289449,20.34358748,0.0741947,0.953472659,0.054739508,0.990516992,0.559195089,0.441988511,-0.33934282
AT1G08130,1.638389996,1.484219751,2.967091803,2.357139235,-0.054641628,0.984023488,-0.095904725,0.988076608,0.55218716,0.629669953,0.189438484
AT1G08190,9.103268811,8.338255413,13.93093322,11.37645808,-0.167035185,0.818413427,-0.115490892,0.973694313,0.653457214,0.732939493,0.165601326
AT1G08200,27.5117853,19.49012836,96.68636792,89.17917627,-0.079168588,0.85074125,-0.373298651,0.650310213,0.284546683,0.218550217,-0.38070055
AT1G08315,4.440916233,5.208371756,15.01951181,44.38165618,1.671410274,1.3931E-09,0.194218206,0.971959027,0.29567647,0.117354155,-1.333150517
AT1G08360,20.13595713,7.45743177,70.7103383,72.9730303,0.084254985,0.842157728,-0.868857766,0.165661387,0.284766805,0.102194355,-1.478465475
AT1G08380,439.2504153,378.1772074,3819.207596,4101.415082,0.202507739,0.002289125,-0.089621544,0.915554809,0.115010877,0.092206519,-0.318829652
AT1G08420,5.367660464,3.227333453,7.405555546,8.828875831,0.219492466,0.840319859,-0.496366927,0.686025267,0.724815367,0.365542965,-0.987572555
AT1G08450,7.715682766,13.78571974,16.06515252,23.7834181,0.668243411,0.014087497,0.823270926,0.259450658,0.48027448,0.579635765,0.271287464
AT1G08480,4.047863143,2.90469456,32.96292582,19.35462817,-0.650927622,0.341011771,-0.419322516,0.936826375,0.122800481,0.150077518,0.289391665
AT1G08490,7.747162154,5.687930443,22.44368603,19.0211748,-0.091697744,0.90663129,-0.335668965,0.900424758,0.345182255,0.299031501,-0.207060832
AT1G08510,14.09746224,15.20487242,40.35784938,32.48248489,-0.07895484,0.913711595,0.05961499,0.987703677,0.349311533,0.468094497,0.422285528
AT1G08520,20.71461731,18.12087924,53.76741088,53.53922451,0.031698872,0.95761926,0.054128454,0.987459256,0.385263433,0.338459875,-0.18686045
AT1G08530,3.495994328,1.755673154,4.356558843,2.85014061,-0.320734808,0.893860382,-0.649121909,0.865840581,0.802466913,0.615995277,-0.381522621
AT1G08540,9.24985303,8.504332521,30.75113813,20.21989809,-0.430928511,0.303624669,-0.028438878,0.993885949,0.300797095,0.420592254,0.483631645
AT1G08550,4.61587774,9.102448835,13.96770667,16.76838742,0.365840687,0.411196503,0.759218747,0.378388686,0.330467832,0.542833882,0.716000926
AT1G08570,22.83746776,6.811823451,45.17467202,17.36243933,-0.998341604,0.000202309,-1.232522516,0.052370483,0.505536991,0.392331015,-0.36574527
AT1G08580,3.872223414,2.748011126,15.25908006,4.914177129,-0.581492278,0.728332502,0.196728178,0.979422389,0.253765194,0.559200667,1.139871875
AT1G08620,2.457979454,2.098555817,3.774491903,3.630844444,0.045911671,0.981964984,-0.069123027,0.988906775,0.651208035,0.577980095,-0.172098691
AT1G08640,9.990358441,7.717368303,25.13766704,14.828532,-0.424811515,0.428447021,-0.293844128,0.922062997,0.39742584,0.520440479,0.3890475
AT1G08680,1.689323131,1.58694812,5.540708955,3.926730496,0.163372323,0.928748446,-0.068388768,0.991579971,0.304892956,0.404139811,0.406551656
AT1G08720,3.42663373,4.081837975,6.811934314,6.803803446,0.051958372,0.973368935,0.085696153,0.987459256,0.503033877,0.599934729,0.254149985
AT1G08770,1.994841868,1.793376434,13.04517791,13.72635755,0.404964482,0.764745739,-0.316711365,0.96219347,0.15291795,0.130652027,-0.227028262
AT1G08820,3.90167508,4.019224961,5.815207467,6.380437281,0.595742459,0.603692489,-0.123529724,0.987121396,0.670943402,0.629929389,-0.091000949
AT1G08830,21.30337372,19.79252552,96.9157255,145.7077761,0.472592396,0.257385396,-0.294496864,0.901612329,0.219813385,0.135837126,-0.694401402
AT1G08880,4.166134657,5.46530703,32.70911123,11.9005523,-0.958022163,0.046944988,0.194258219,0.97690286,0.127369241,0.459248184,1.850257104
AT1G08900,1.176516914,2.014986067,2.965906282,7.83561308,1.307643208,0.030848439,0.657728301,0.846328658,0.396680408,0.257157423,-0.625325346
AT1G08930,63.51236991,106.6648693,172.0667572,342.660349,1.103072033,1.10076E-46,0.821826024,7.37824E-08,0.369114703,0.311284541,-0.245835274
AT1G08970,7.429792201,4.939309616,17.96768234,15.38770677,-0.288917711,0.906019898,-0.485617176,0.895361484,0.413508658,0.320990625,-0.365386373
AT1G08980,13.660477,12.54324865,27.58373437,26.41757209,-0.015908025,0.990064144,-0.113107827,0.97421589,0.495236679,0.474807019,-0.060776908
AT1G09020,4.60896862,4.434449161,11.39152608,16.58374367,0.486662494,0.135285952,0.104107255,0.982744851,0.40459624,0.267397353,-0.597497729
AT1G09060,6.417179317,5.479927157,12.20150733,13.35537872,0.159923449,0.771586416,0.140301213,0.967241796,0.525933325,0.410316119,-0.358144084
AT1G09070,195.5929266,217.2294027,786.5808571,1117.87609,0.57761132,2.28355E-07,0.248054928,0.325806521,0.2486622,0.194323329,-0.355728109
AT1G09130,38.17612766,27.94697174,68.58420597,72.05998402,0.059429367,0.904405734,-0.340022006,0.762937016,0.556631474,0.38782928,-0.521300758
AT1G09140,3.379111242,1.500313461,8.090652457,8.272332473,0.16118808,0.937734607,-0.850410167,0.748182721,0.41765621,0.181365227,-1.20341801
AT1G09150,6.572372494,3.635105531,11.25552141,20.97052824,0.492375575,0.542404652,0.099027675,0.987703677,0.583924303,0.173343537,-1.752147312
AT1G09160,5.17263213,2.533206346,8.352828811,6.99041998,-0.081014711,0.977433161,-0.624392328,0.784594744,0.619267107,0.362382568,-0.773048258
AT1G09200,6.033394531,5.479313971,47.0762409,55.00251824,0.152007373,0.874613527,0.170872754,0.981413902,0.128162198,0.099619329,-0.3634732
AT1G09210,7.954468271,5.189955364,27.40902657,26.26315795,-0.029948163,0.984023488,-0.309007533,0.906973926,0.290213454,0.19761353,-0.554432672
AT1G09250,7.111599879,7.521265414,41.10110456,40.86470705,0.054550506,0.965867456,0.190785576,0.970346925,0.173026977,0.184052841,0.089123026
AT1G09270,7.819287249,6.131982175,13.05793282,12.93495765,-0.166434624,0.868464936,-0.222306866,0.941363014,0.598815092,0.474062795,-0.337032411
AT1G09280,2.113951615,2.107719545,3.877815202,2.795867867,-0.481137402,0.642273214,-0.016393375,0.997324194,0.545139854,0.753869512,0.46768843
AT1G09310,40.36594688,38.99780462,266.0256021,186.1452687,-0.332191003,0.083859083,0.000172,0.999997657,0.151737076,0.209501992,0.465390325
AT1G09340,98.21873729,90.00078231,424.9918687,349.9084342,-0.160102206,0.183088373,-0.070024577,0.958617942,0.231107333,0.257212383,0.154397065
AT1G09430,9.341862002,6.820878005,25.80674409,17.99664204,-0.191531511,0.708920711,-0.576588595,0.598051705,0.36199305,0.379008372,0.066267719
AT1G09490,2.875408292,2.997236849,6.382559345,12.59970489,0.776816717,0.404220802,-0.091737541,0.989720825,0.450510232,0.237881512,-0.921316722
AT1G09560,30.85650223,40.38972793,72.61628832,115.4622184,0.739932955,0.000251712,0.512936201,0.324631367,0.424925357,0.349809041,-0.280641858
AT1G09570,15.6431684,15.4818707,28.86204946,29.25704489,0.130293161,0.662642541,0.122474669,0.936826375,0.541997838,0.529167274,-0.034563254
AT1G09620,10.05678738,8.572304669,14.02898116,12.57437627,-0.124745467,0.770024838,-0.16305831,0.92462256,0.716858,0.681728022,-0.072491082
AT1G09630,4.925752303,9.153442492,12.50227823,36.25250807,1.598706176,0.000739521,0.893628724,0.542953978,0.393988377,0.252491289,-0.641919453
AT1G09640,13.14694365,14.51556466,47.97179032,49.75976445,0.107872518,0.825943494,0.231951333,0.879698359,0.274055722,0.291712889,0.090079875
AT1G09690,4.309755729,7.056604949,46.40704217,28.1944726,-0.213114487,0.351238992,0.061465687,0.989035477,0.092868572,0.250283275,1.430299536
AT1G09750,21.39427644,14.80842455,50.54128591,43.87854468,-0.161217917,0.754634582,-0.300587364,0.813609979,0.42330297,0.337486684,-0.326860031
AT1G09760,3.684901816,2.712279579,11.01083477,3.894763293,-0.630372839,0.309481323,0.125485471,0.986063809,0.33466144,0.696391378,1.057196012
AT1G09770,6.291483874,6.729200765,12.18656691,11.1511403,0.060298774,0.956311975,0.419954209,0.752806516,0.516263844,0.603454049,0.225135356
AT1G09780,13.64493076,7.972852879,26.85743535,23.31543031,-0.051187681,0.946910465,-0.604932411,0.49963078,0.5080504,0.341956068,-0.571160631
AT1G09795,5.359638746,4.036708658,20.8718639,13.15524756,-0.695176827,0.076398537,-0.746101757,0.579658915,0.256787739,0.306851592,0.256964749
AT1G09830,5.042738089,2.272160316,7.699034286,3.17550765,-0.555486912,0.672309822,-1.064156921,0.352058851,0.654983197,0.715526639,0.127547584
AT1G09932,5.097159398,10.37002122,17.20552174,51.77037094,1.638724729,5.63877E-12,0.991685329,0.33100762,0.296251371,0.200308034,-0.564601543
AT1G09940,23.6634109,76.11274152,46.8863563,156.1381743,1.853482918,3.06934E-70,1.729134976,3.42766E-29,0.504697161,0.487470421,-0.05010329
AT1G09970,32.51242846,30.46269131,83.2934886,100.5124114,0.395584697,0.000494852,0.019806332,0.989950827,0.390335775,0.303073928,-0.365045948
AT1G09980,4.349066088,3.715634943,6.591094259,3.218575443,-0.972343679,0.013138125,-0.354148027,0.901612329,0.659839765,1.154434628,0.80699885
AT1G10090,7.378886623,6.687645479,17.22784114,16.5241436,0.110776713,0.843780853,-0.259065464,0.906973926,0.42831174,0.404719642,-0.081738356
AT1G10130,2.751697587,1.746385937,4.534013914,2.046264482,-1.152142222,0.005088561,-0.68222377,0.722110564,0.606901002,0.85345074,0.491846683
AT1G10150,3.957122852,5.809052219,9.928968676,12.09721963,0.383143945,0.438150296,0.442554031,0.834237431,0.39854319,0.480197301,0.268891218
AT1G10170,4.649539915,2.984187111,7.73541543,10.66831883,0.353185576,0.697063737,-0.549954422,0.675204489,0.601071779,0.279724215,-1.103532136
AT1G10200,2.585376857,3.786552797,12.12831422,19.86978178,0.968196004,0.154354668,0.562773032,0.884952175,0.21316869,0.190568414,-0.161686537
AT1G10290,3.526436348,3.078382289,7.456511621,6.340691178,-0.197180393,0.751390171,-0.203592807,0.952588312,0.472933796,0.485496329,0.037822145
AT1G10340,7.942559035,22.18901661,22.71026422,47.30285543,1.138679527,1.38208E-13,1.601052301,3.99284E-09,0.34973433,0.469084084,0.423587134
AT1G10350,2.737131788,2.184413882,8.723685826,9.547650134,0.4476483,0.665907324,-0.078111577,0.991004798,0.313758639,0.228790734,-0.455626556
AT1G10360,8.150115644,5.720768149,32.64642697,22.09484677,-0.284003886,0.804390791,-0.357322923,0.918446523,0.249648014,0.258918661,0.052603523
AT1G10370,13.52189681,16.84195402,115.1163371,107.6961563,-0.144280793,0.806181769,0.367718594,0.892181608,0.117462883,0.156383984,0.41288782
AT1G10390,6.178318523,5.425268316,9.860982256,11.05338689,0.270269258,0.542404652,-0.385659782,0.747006029,0.626541896,0.490824068,-0.352204991
AT1G10470,18.53335613,12.33750604,86.2478458,75.87069069,-0.176562315,0.472560415,-0.329488905,0.853511895,0.214884858,0.162612281,-0.402127614
AT1G10500,8.822364688,12.23217373,47.90004013,39.96386069,-0.201045041,0.765130721,0.48598182,0.867251536,0.184182825,0.306080882,0.732774403
AT1G10510,3.703953327,4.514827564,8.163821157,6.552448982,-0.148117337,0.955342697,0.121156093,0.979422389,0.453703389,0.68902903,0.60281533
AT1G10560,1.808615179,1.210484165,4.462620219,4.923279893,0.344009001,0.765130721,-0.139936985,0.986063809,0.405280999,0.245869459,-0.721029996
AT1G10590,4.441819294,8.503290762,34.96264331,29.18320773,-0.399534185,0.417624471,0.213605406,0.95762488,0.127044722,0.291376152,1.197546363
AT1G10650,1.877205172,3.488606226,4.484883209,11.59079912,1.104909261,0.173544427,0.895708567,0.583854619,0.418562777,0.300980648,-0.475773291
AT1G10670,10.81207613,10.01246167,36.39116117,34.95811994,0.040861109,0.981376755,-0.001998261,0.999363834,0.297107204,0.286413048,-0.052886368
AT1G10700,4.431299562,4.221834371,11.37533916,12.48340032,0.307966405,0.772679996,0.123922117,0.984477763,0.389553182,0.338195865,-0.203961277
AT1G10720,4.630230786,2.584372084,10.76477591,4.802803916,-0.563642683,0.569481705,-1.047874179,0.391931904,0.430127931,0.538096522,0.323099166
AT1G10740,4.712681099,4.662789648,10.79497989,12.86716032,0.230396736,0.743817596,-0.094082529,0.987703677,0.436562286,0.362379074,-0.268687854
AT1G10760,3.249536268,3.231894977,4.655802116,7.038318206,0.605776272,0.271641036,-0.026154901,0.993889967,0.69795412,0.459185686,-0.604054532
AT1G10830,10.71416151,6.744485363,18.01748017,17.99392284,-0.009815959,0.996073741,-0.598924321,0.7813954,0.594653715,0.374820178,-0.665851165
AT1G10840,9.113352994,6.828832139,33.26440658,30.45249279,0.064858046,0.928908416,-0.265354148,0.936826375,0.2739671,0.224245423,-0.288924111
AT1G10900,2.549000065,4.161116143,7.178794671,7.832667757,0.120619281,0.950216419,0.449177308,0.852838095,0.355073544,0.531251455,0.581277017
AT1G10940,5.769677107,4.101952857,12.08199621,5.260032468,-0.563936738,0.344992233,-0.073302534,0.988742131,0.477543363,0.779834133,0.707535558
AT1G10950,12.28739762,8.678277296,28.51321745,27.1837714,-0.111781183,0.896464605,-0.440821011,0.723633368,0.430936903,0.319244787,-0.432813588
AT1G10960,84.85866544,54.54927814,391.1494177,396.4458996,0.110901522,0.65654762,-0.28108312,0.764063421,0.21694693,0.137595768,-0.656906071
AT1G11050,6.062454271,11.84490756,12.22813981,24.23885914,1.120265583,8.50077E-09,0.877813703,0.084746532,0.495778946,0.488674301,-0.02082377
AT1G11200,1.7252396,13.98895353,3.931998582,28.19981309,2.524008124,7.77277E-13,2.786507846,1.22416E-10,0.438769131,0.49606547,0.177068508
AT1G11260,200.6169863,163.2954729,430.94586,351.5449115,-0.158745678,0.095285999,-0.244059227,0.270162393,0.465527123,0.46450814,-0.003161347
AT1G11280,2.413026741,1.237279683,4.042837393,2.887288236,0.026003919,0.993614173,-0.849561796,0.647008158,0.596864654,0.428526556,-0.47801921
AT1G11310,14.23427951,69.65172845,30.4530004,114.603743,1.990614286,1.64508E-57,2.322193004,3.51742E-24,0.467417966,0.607761375,0.378791803
AT1G11330,3.80296544,4.607310858,6.659740552,6.181611452,0.166324963,0.909676643,0.25278085,0.932868832,0.571038077,0.745325211,0.384283111
AT1G11350,3.700502362,2.126330203,6.750476816,4.100598306,-0.620765266,0.286060274,-0.684791132,0.692803458,0.548183849,0.518541453,-0.080200498
AT1G11390,1.838492464,2.437551426,3.942964527,4.829201376,0.55417712,0.426785616,0.28218255,0.953728363,0.466271622,0.504752491,0.1144055
AT1G11430,6.518841473,6.023664588,34.80112541,38.17348533,-0.059229544,0.975573111,-0.227884137,0.964026953,0.187316973,0.157797082,-0.247411105
AT1G11475,3.194783404,4.379277587,15.05659909,41.81152258,0.776788683,0.404825512,0.252308781,0.971959027,0.212184929,0.104738534,-1.018529867
AT1G11480,4.439197349,4.274749081,10.4494087,11.01392246,0.154935616,0.862279311,-0.016128688,0.996883172,0.424827613,0.388122315,-0.130366157
AT1G11580,3.354135968,2.072068296,9.107144795,6.138861695,0.219878921,0.801015585,-0.633480738,0.799037822,0.368297204,0.337532982,-0.125841963
AT1G11650,30.74737178,28.39605471,89.27491199,86.95200559,0.003669496,0.995983366,-0.143956646,0.936826375,0.344412233,0.32657159,-0.076737097
AT1G11660,2.047941774,1.592550932,3.1468153,2.531561721,-0.270766651,0.859797054,-0.454822313,0.899651201,0.650798213,0.629078453,-0.04897034
AT1G11670,4.294846474,4.567278283,7.327065593,8.737452145,0.366384582,0.795165521,0.322539085,0.922062997,0.586161871,0.522724269,-0.165248983
AT1G11680,7.483541577,9.528559093,18.73132403,19.05992549,-0.003248131,0.997863716,0.417061746,0.776183797,0.39952016,0.499926356,0.323447282
AT1G11720,3.011366736,3.589954379,4.585631174,6.688247747,0.61718322,0.181165108,0.437403353,0.803508857,0.656696237,0.536755592,-0.290960871
AT1G11750,11.94404913,12.72621069,51.11556759,40.80376107,-0.412259346,0.618004653,0.376437369,0.786434957,0.233667544,0.311888178,0.416571509
AT1G11790,4.074771664,2.702728925,11.18148177,6.005679611,-0.839779816,0.419298088,-0.430669107,0.906973926,0.364421438,0.450028823,0.304409573
AT1G11840,9.396292663,8.49792203,36.785493,18.82048281,-0.735474211,0.005882364,0.184435545,0.952200702,0.255434735,0.451525188,0.821851746
AT1G11860,170.159589,129.741924,444.6018172,382.2628906,-0.10644761,0.703777456,-0.350326038,0.228478114,0.382723557,0.339404968,-0.173295024
AT1G11870,3.901210042,4.836836161,8.967225174,6.177083827,-0.407233968,0.667372931,0.366063474,0.915554809,0.435052089,0.783029063,0.847877711
AT1G11890,3.454152829,7.099941164,19.6088318,25.79909967,0.071308326,0.95837318,0.701673302,0.762937016,0.176152912,0.275201122,0.643658023
AT1G11910,29.17895058,23.86395175,55.50069724,55.16382489,0.104006991,0.801517302,-0.012143212,0.996875712,0.525740252,0.43260147,-0.281311629
AT1G11960,12.31474143,11.95028192,26.84039449,16.23920175,-0.667448578,0.023223008,0.148861289,0.956159786,0.458813727,0.73589097,0.681583475
AT1G12000,6.512959032,3.905644257,12.16017726,4.033729736,-0.985171269,0.061115725,-0.302201416,0.908309853,0.535597376,0.96824639,0.854225326
AT1G12050,2.872724606,2.42908266,6.549368266,9.184769431,0.528436315,0.341005585,-0.041139933,0.993889967,0.438626214,0.264468551,-0.729895861
AT1G12090,105.0257672,88.45471336,537.0690405,686.1483406,0.363358204,0.036095209,0.058074625,0.977375972,0.195553568,0.128914854,-0.601145352
AT1G12110,11.65323941,11.18348831,27.43530191,16.41808897,-0.488200255,0.51972092,0.022462944,0.993889967,0.42475346,0.681168699,0.681386442
AT1G12140,4.986763134,5.205594637,12.81126479,13.73792957,0.34453564,0.805395438,-0.091292212,0.987703677,0.389248307,0.378921337,-0.038792386
AT1G12230,11.9026877,9.244638293,27.14248435,25.8202386,0.080509764,0.954404039,-0.203629574,0.943661442,0.438526096,0.358038453,-0.292548157
AT1G12240,24.50241626,19.87724383,89.36761877,67.27051098,-0.276179688,0.336878959,-0.158773243,0.933083297,0.274175553,0.295482278,0.10797167
AT1G12250,11.39919176,7.77691821,33.4196137,32.50201921,-0.044207343,0.967018989,-0.227157406,0.953728363,0.341092864,0.239274925,-0.511495357
AT1G12270,3.705618376,5.435374513,8.39982282,6.025443687,-0.29802921,0.766303535,0.574970809,0.741357686,0.44115435,0.902070419,1.03195655
AT1G12360,4.921246288,12.70897849,9.262474408,33.79451571,1.877992566,5.95938E-13,1.282059751,0.006497024,0.531310109,0.3760663,-0.498567133
AT1G12410,22.68024132,12.09228282,55.89301883,53.46194133,0.236659983,0.641970017,-0.705245636,0.40958386,0.405779502,0.226184881,-0.843193492
AT1G12440,13.05957398,12.68835589,75.63874804,67.11917346,0.180233139,0.681738719,-0.483282713,0.867251536,0.172657194,0.189042195,0.130797842
AT1G12470,1.964364364,3.585650593,4.015057639,2.903253266,0.07276616,0.976833108,0.87518546,0.536641217,0.489249356,1.235045745,1.335922622
AT1G12500,6.914582643,6.573728947,20.10160533,8.819643638,-0.819405542,0.035028164,0.070797581,0.989184187,0.343981614,0.745350857,1.115588248
AT1G12520,5.78443691,4.004008446,31.88902363,39.42041563,0.438187739,0.24925457,-0.523820349,0.860235841,0.181392725,0.101571949,-0.83661457
AT1G12580,4.5423892,10.7174141,14.27775528,16.33844588,0.208922893,0.838201512,1.252302551,0.031789465,0.318144492,0.655962885,1.043932045
AT1G12610,19.56170364,15.43203341,54.14469779,74.41556062,0.305258161,0.5142019,-0.129645674,0.970346925,0.361285674,0.207376431,-0.80088811
AT1G12640,3.244767649,3.290995668,6.06731184,8.96568363,0.3370673,0.672393936,0.061388897,0.99102187,0.534794936,0.367065781,-0.542947175
AT1G12760,9.783360672,10.4214997,27.98515186,23.59499005,-0.172282365,0.745765156,0.48830083,0.694972648,0.349591123,0.441682734,0.337341883
AT1G12770,5.50121386,2.186460518,15.02276056,7.65950334,-0.866864395,0.037054951,-1.000892269,0.436621419,0.366191942,0.285457218,-0.359325499
AT1G12780,4.181350694,6.677645318,33.5540373,28.53916341,-0.124146325,0.818413427,0.562434528,0.784594744,0.124615427,0.233981817,0.908913739
AT1G12800,19.0843358,17.8924777,39.80236613,38.44440247,0.119052635,0.71982274,-0.058373351,0.982744851,0.479477419,0.465411778,-0.042955154
AT1G12840,13.79444644,12.83047005,37.23521638,40.07576518,-0.073215288,0.961876206,-0.049271619,0.989950827,0.370467739,0.320155335,-0.210575864
AT1G12900,351.7204761,260.2251675,1306.855235,1058.700345,-0.168974268,0.010818547,-0.368465799,0.008292041,0.269134994,0.24579681,-0.130863796
AT1G12920,5.693056151,4.884369082,17.57313144,13.84103664,-0.034868982,0.98328466,0.06289845,0.989950827,0.32396367,0.352890409,0.123388187
AT1G12930,1.436177871,1.462242063,2.77040318,1.474870377,-0.831163036,0.213460418,0.145402151,0.982744851,0.518400311,0.991437679,0.935455504
AT1G12990,3.108570425,2.972578926,9.756148143,10.12254429,0.458427362,0.685565217,0.411646009,0.901176514,0.318626817,0.293659266,-0.117724533
AT1G13000,1.532844096,2.062627396,5.462557421,2.154039714,-0.848817534,0.350835917,0.506359196,0.901612329,0.280609242,0.95756238,1.77080395
AT1G13020,4.339566299,2.889668167,8.102595154,4.553221625,-0.423674759,0.738746801,-0.309639101,0.932776132,0.535577333,0.634642547,0.244849341
AT1G13060,4.920816321,6.194191637,27.91077932,19.79695315,-0.342852816,0.665208279,-0.040276936,0.993235243,0.176305228,0.312886109,0.82756235
AT1G13110,9.438946209,14.6005158,14.79016913,36.65614232,1.328679346,2.20612E-10,0.816696912,0.139122858,0.638190553,0.398310211,-0.680094786
AT1G13190,3.739100869,3.311400412,7.289099318,5.981428671,-0.214331085,0.796359614,-0.104723327,0.985607912,0.51297159,0.553613625,0.110000523
AT1G13210,14.52975892,60.58309905,31.65225409,125.6073316,2.084991047,6.1647E-188,2.097885262,6.64024E-51,0.459043419,0.48232136,0.071364087
AT1G13245,7.593622289,11.02055476,182.8211254,216.5432821,0.131979157,0.838088436,0.007610784,0.998616188,0.041535803,0.050893081,0.293114076
AT1G13260,19.49473893,16.56969751,54.69906725,57.52329636,0.183359184,0.692896507,0.079792887,0.978661922,0.356399842,0.288051947,-0.307167688
AT1G13270,2.14141878,1.114490696,8.362377543,7.986174845,-0.032093844,0.989721267,-0.471470686,0.922062997,0.256077745,0.139552504,-0.875773866
AT1G13280,2.189167208,1.925954787,5.157840887,5.070057266,-0.289363008,0.904732382,-0.153094714,0.987459256,0.424434808,0.379868448,-0.16004309
AT1G13320,4.746787675,4.325041029,9.277990247,5.471448436,-0.10658991,0.955607532,-0.000843801,0.999983173,0.511618093,0.790474603,0.627651826
AT1G13340,1.291160016,2.355379132,2.468626388,5.652701347,1.145052914,0.197402189,0.609574773,0.877055808,0.523027714,0.416682041,-0.327940473
AT1G13360,6.961633809,3.823882396,24.9967328,17.62280059,-0.342196388,0.575315962,-0.61625072,0.829957018,0.278501749,0.216984944,-0.360091448
AT1G13380,3.877692489,3.996744491,14.39545799,13.79630072,-0.049081178,0.984953863,0.018031531,0.997324194,0.269369164,0.289696823,0.104959154
AT1G13390,7.628475445,18.53730865,42.17559837,144.9465092,1.630816772,9.60321E-06,1.199640914,0.079170376,0.180874149,0.127890687,-0.500075014
AT1G13440,90.33442398,83.99470868,275.6392306,248.3814933,-0.028998098,0.908725478,-0.120072462,0.91649376,0.327727021,0.338168144,0.045246135
AT1G13450,1.509327872,1.480841199,8.259131689,6.171339681,-0.337504068,0.668732232,-0.047189856,0.993889967,0.182746556,0.239954576,0.392917111
AT1G13560,5.943104666,5.787715983,19.48577391,8.910179053,-0.437977116,0.451401745,0.10074864,0.987703677,0.304997107,0.649562253,1.090672241
AT1G13640,2.127522448,1.841277242,7.106829722,3.374426954,-0.231843599,0.808242315,0.139588493,0.981413902,0.299363082,0.545656275,0.866096125
AT1G13820,3.680265067,2.160680049,22.39375378,9.711515989,-0.891154908,0.193501254,-0.472168647,0.908309853,0.164343375,0.222486381,0.437003732
AT1G13880,5.249565619,5.82845631,9.974811456,5.824812129,-0.679237431,0.504741006,0.308204507,0.922491402,0.52628219,1.000625631,0.926993834
AT1G13930,24.60590426,25.04466098,149.885068,188.2746381,0.371549597,0.165714273,0.283811295,0.916442123,0.164165147,0.133021958,-0.303483461
AT1G13960,2.182193914,1.593731389,5.516960476,4.944230734,-0.064111935,0.981376755,-0.540455632,0.885595941,0.395542786,0.322341629,-0.29524324
AT1G13980,3.060242885,3.195512321,5.519597146,4.502590654,-0.344673942,0.547278582,0.14484488,0.973510542,0.55443229,0.709705271,0.35620874
AT1G14000,9.038274332,8.666764107,26.48068571,23.70780593,0.025841441,0.981964984,0.476185309,0.692803458,0.341315721,0.365565845,0.099024419
AT1G14150,20.30971065,18.94040502,88.93604748,63.51224273,-0.387389064,0.105770453,0.057724064,0.98914099,0.22836309,0.298216599,0.38503107
AT1G14210,2.388127447,3.602493187,4.515750685,1.708633488,-0.798166197,0.635853743,0.508922874,0.915554809,0.528843954,2.108406052,1.995238745
AT1G14270,4.954398964,5.910232712,14.51670978,10.01705301,-0.615897486,0.160488555,0.479330014,0.848372414,0.341289386,0.590017115,0.789761256
AT1G14280,4.321837381,3.030168248,15.75856546,4.717646273,-1.563708361,1.12824E-05,-0.260823846,0.95584419,0.274253224,0.642305097,1.227750166
AT1G14320,31.91625958,23.53895615,154.934607,184.43691,0.219232423,0.334486375,-0.494468204,0.368560014,0.205998261,0.12762606,-0.690709213
AT1G14330,6.53478065,4.786217134,8.258974171,11.77044047,0.179094106,0.92410538,-0.191190998,0.959589247,0.791233937,0.406630249,-0.960386767
AT1G14345,10.29259047,10.84098779,73.632035,72.03410368,0.105038115,0.907229718,0.492384593,0.86876,0.139784137,0.15049799,0.106543566
AT1G14370,5.374586542,10.97078242,7.452178871,30.81311106,1.838333293,3.45778E-05,1.2150537,0.017250562,0.721210083,0.356042673,-1.018369403
AT1G14400,9.805488304,7.34613331,50.80228274,51.87435242,0.036818878,0.966755059,-0.25220885,0.955163936,0.19301275,0.141613976,-0.446732498
AT1G14450,5.283925783,5.663940054,61.64518713,37.20445321,-0.373833636,0.706088633,-0.175625825,0.978459479,0.085715139,0.152238229,0.82870874
AT1G14510,3.536931559,3.320240721,13.33393799,14.95426944,0.000759583,0.999728904,0.014259321,0.997778221,0.265257838,0.222026274,-0.25666497
AT1G14540,8.048475736,111.1176213,13.88321582,400.497616,4.880427092,0,3.995907781,1.0227E-116,0.579727049,0.277448896,-1.063151739
AT1G14570,4.484675397,5.179228542,13.83822881,11.59447137,-0.119356532,0.915899065,0.045597183,0.993235243,0.324078714,0.446698118,0.462955912
AT1G14580,2.502452878,3.203279627,6.145252747,8.966676768,0.456110637,0.440645678,0.129288949,0.985607912,0.407217242,0.357242679,-0.188894205
AT1G14610,6.735273414,7.211542469,12.06460023,11.83594732,-0.024976767,0.989721267,0.134350825,0.957926244,0.558267434,0.609291531,0.126176287
AT1G14650,2.254106295,2.228862741,7.924998312,15.23655049,0.778667446,0.066443623,0.158717127,0.972259272,0.284429877,0.146283947,-0.959301559
AT1G14670,10.51442624,6.91301585,23.0688115,13.49676287,-0.616190203,0.028561256,-0.421207811,0.739202001,0.455785346,0.512198067,0.168347265
AT1G14685,6.658243367,3.635893598,15.39425894,11.96283242,-0.21198349,0.846057815,-0.210538136,0.970346925,0.432514705,0.303932503,-0.508998218
AT1G14710,4.271343902,4.238035915,13.7161398,13.9743768,0.048711105,0.971224214,-0.036794512,0.993235243,0.311410059,0.303271908,-0.038203677
AT1G14740,15.38797792,22.26410655,32.12797051,48.24815585,0.641756887,1.03695E-05,0.601114749,0.07700851,0.478958916,0.461449897,-0.053727897
AT1G14810,5.531913485,4.510350147,22.16138699,22.26410751,0.002488457,0.998796062,-0.108924692,0.984477763,0.249619461,0.202583919,-0.301210761
AT1G14830,5.000228263,6.227435749,11.22600412,11.91553129,-0.028762728,0.982668937,0.339974729,0.879698359,0.445414789,0.522631815,0.23064549
AT1G14850,2.519945616,2.005127995,4.414970117,3.13433998,-0.323774947,0.713551125,-0.379428116,0.878842945,0.570772972,0.639728941,0.16454373
AT1G14870,4.17918962,16.48479663,20.64922097,97.15841301,1.936949277,4.5351E-12,1.527591971,0.004710371,0.202389699,0.169669266,-0.254410605
AT1G14880,4.17464512,2.757683172,12.31610399,4.935781817,-1.626969435,0.000661776,-0.694919813,0.789698208,0.338958255,0.558712535,0.720998581
AT1G14910,2.965397845,3.620239315,3.997675356,4.915197329,0.580369132,0.263920187,0.282577967,0.936826375,0.741780555,0.736539974,-0.010228623
AT1G14920,2.937078465,2.741976283,7.525922459,3.387981436,-0.946859138,0.141526399,-0.280692379,0.953728363,0.39026159,0.809324471,1.05227674
AT1G14980,7.619466824,4.835080897,22.00855582,24.47604329,0.189636757,0.932567646,-0.284523541,0.96219347,0.346204762,0.197543404,-0.809455896
AT1G15010,58.98836384,44.46542103,292.7039213,255.1394576,-0.189627861,0.54357927,-0.457043615,0.634971898,0.201529121,0.174278888,-0.209590504
AT1G15030,5.647449975,6.961663617,16.31120281,32.76164284,1.079467672,0.010779515,-0.022248211,0.996883172,0.346231363,0.212494338,-0.704312011
AT1G15120,24.36041024,10.7327231,89.78854939,98.30512613,0.552341391,0.058867034,-0.245351566,0.943845246,0.271308651,0.109177654,-1.313257443
AT1G15130,6.350177469,4.272641599,13.68259619,9.846366168,-0.366331717,0.711443687,-0.553064764,0.696544806,0.464106182,0.433930805,-0.096989905
AT1G15140,12.43764527,8.773770843,55.05594463,67.70097907,0.252438457,0.285412052,-0.560396349,0.736600758,0.225909216,0.129595923,-0.801722797
AT1G15240,2.068192996,1.350045653,2.334710284,5.063366564,0.776844233,0.349027298,-0.584259463,0.859996219,0.88584567,0.266630045,-1.732216021
AT1G15270,12.8319836,13.96727026,59.59754471,63.67270529,0.51463127,0.545066755,0.20562461,0.968936277,0.215310608,0.219360402,0.026883721
AT1G15280,2.164393525,1.391015869,5.826609217,4.270438467,-0.254187219,0.850964103,-0.642860179,0.80144117,0.371467082,0.325731393,-0.189551603
AT1G15290,9.211901761,9.886691248,13.33121997,11.54063561,-0.098803767,0.870727579,-0.022542825,0.993235243,0.691002157,0.856685159,0.31007488
AT1G15340,7.729495395,8.491813438,13.53649896,8.686473078,-0.740908724,0.410091522,0.143266533,0.971959027,0.571011413,0.977590486,0.775710663
AT1G15390,3.505668423,2.202362761,16.67564453,19.7062337,0.236411016,0.860394118,-0.339566269,0.956206514,0.210226862,0.1117597,-0.911546974
AT1G15400,1.432365305,1.750385096,8.794443464,16.59380427,0.782905944,0.432488103,0.148125225,NA,0.162871626,0.105484256,-0.626707606
AT1G15430,1.7350902,5.30914554,15.53804016,44.84056431,1.730444687,4.33409E-10,1.964199503,0.004490309,0.111667249,0.118400507,0.084469138
AT1G15500,8.713951455,8.222476164,34.93946895,35.85607259,0.014355936,0.990743151,-0.02177749,0.993889967,0.249401371,0.229318929,-0.12111395
AT1G15530,6.304660415,16.5278166,17.99135311,64.18872857,1.930741233,9.75339E-56,1.347946125,0.000394894,0.350427251,0.257487833,-0.44461071
AT1G15670,7.645738096,8.844242643,22.27761079,26.10564153,0.280660267,0.633913374,0.044769026,0.992589008,0.343202786,0.338786642,-0.018684272
AT1G15690,103.6422374,73.34312324,246.9019894,211.7153029,-0.160437812,0.569481705,-0.335218332,0.104656342,0.419770767,0.346423344,-0.277065548
AT1G15730,7.994974345,5.688955588,20.77340877,24.56701502,0.235366468,0.778887704,-0.542248562,0.749189988,0.384865788,0.231568857,-0.73291419
AT1G15740,8.132900975,5.967929094,19.66277129,23.25061589,0.216933843,0.588924523,-0.321540507,0.875322749,0.413619263,0.256678323,-0.688341915
AT1G15750,8.634657956,7.822839733,18.22165834,17.65015909,0.150304314,0.8147023,-0.075068593,0.977375972,0.473867844,0.443216386,-0.096473545
AT1G15780,3.868730505,4.632449878,5.456802861,4.187743674,-0.321290038,0.497265436,0.207604948,0.936826375,0.708973845,1.106192317,0.641797917
AT1G15820,953.9659899,652.4866863,4095.483813,4015.705625,0.058544285,0.872153452,-0.337772732,0.005665335,0.232931208,0.162483695,-0.519608992
AT1G15930,19.81233941,22.32927677,134.4255762,149.3844465,0.136806254,0.732267028,0.303989087,0.922781173,0.147385192,0.149475245,0.020314991
AT1G15950,12.33172676,9.341732141,40.73222214,25.00420401,-0.604682545,0.005185549,-0.156489337,0.961959809,0.302751142,0.37360646,0.303386999
AT1G15980,32.88663794,32.0551601,91.57545306,84.53578418,0.020179306,0.968520532,-0.014833567,0.993889967,0.359120669,0.379190427,0.078453855
AT1G16010,2.603095299,2.022942283,11.94978404,8.003641898,-0.503386921,0.301229014,0.698353885,0.727569387,0.217836179,0.252752723,0.21448305
AT1G16080,21.14976138,16.59056848,58.14706415,55.87353185,-0.029986633,0.971224214,-0.257872449,0.901612329,0.363728792,0.296930728,-0.292736731
AT1G16130,4.908274848,17.16670179,8.314474379,27.39237255,1.887351517,5.29517E-32,1.862443592,1.37217E-09,0.59032894,0.626696419,0.08624768
AT1G16180,21.52523125,21.61588499,37.25877317,47.37106566,0.360001084,0.3801394,0.118978567,0.95845772,0.577722491,0.456309874,-0.340362789
AT1G16210,5.034921687,3.559044349,20.02237569,11.86229138,-0.287103813,0.883616128,-0.020542746,0.996883172,0.25146475,0.30003009,0.254751019
AT1G16240,18.36187963,16.49257233,27.24628648,35.93526625,0.463663638,0.103084246,0.057788283,0.988906775,0.673922285,0.458952279,-0.554238081
AT1G16260,2.9209607,1.992110812,8.410504235,7.206410072,-0.151126702,0.874613527,-0.394919007,0.913758882,0.347299118,0.27643595,-0.329233499
AT1G16270,1.789483415,2.05097111,5.622339892,6.329234758,0.191859392,0.910440499,0.260255041,0.952200702,0.318280903,0.324047249,0.02590359
AT1G16370,6.687715788,6.852084998,14.78265341,19.15124126,0.422480274,0.335093037,0.127283302,0.97421589,0.452402935,0.357788036,-0.338503143
AT1G16410,2.145670304,3.360057558,7.920129525,6.968124732,-0.306917314,0.844140077,0.571303131,0.764063421,0.270913537,0.482203991,0.831811108
AT1G16420,4.333093324,21.64439873,9.260291631,29.2657669,1.660572033,1.03846E-09,2.224948255,5.64747E-09,0.467921908,0.739580781,0.660439959
AT1G16470,2.596313694,2.759940273,11.5083642,15.44491104,0.193004719,0.893246092,0.403921675,0.923472352,0.225602323,0.17869577,-0.336276437
AT1G16560,2.993722741,5.940098573,14.57704789,7.206974219,-0.673598727,0.189136565,0.968195519,0.536641217,0.205372361,0.824215321,2.004779246
AT1G16610,5.997192308,1.580692167,18.06308608,18.37256484,0.02028058,0.992783871,-1.574259601,0.058538234,0.332013715,0.086035465,-1.948239444
AT1G16670,3.109204676,10.87622618,10.4130807,32.54279704,1.737526843,3.38158E-12,1.905503758,5.26278E-06,0.298586438,0.334213011,0.162619258
AT1G16700,6.683848572,1.942093642,16.15816036,15.04827013,-0.153870646,0.883739504,-0.226397532,0.961269059,0.413651581,0.129057601,-1.680400981
AT1G16720,31.47076202,30.336722,94.6050498,106.3020664,0.279646064,0.010243734,0.070478677,0.970346925,0.332654146,0.285382242,-0.221127449
AT1G16740,1.956121536,2.106880514,8.647940522,7.717396284,-0.504645812,0.817224768,-0.010530926,NA,0.226195073,0.273004059,0.2713549
AT1G16810,3.384422063,4.84141375,16.82070508,2.413114194,-0.529749016,0.669472127,-0.006484379,0.999096263,0.201205719,2.006292849,3.317788985
AT1G16840,10.87610101,4.033253142,50.92839373,26.35283445,-1.165304509,0.000176477,-1.083058178,0.2851419,0.213556726,0.153048172,-0.48063352
AT1G16860,4.773720168,3.538651039,9.251379672,7.064072014,-0.03926418,0.981376755,-0.56645731,0.811572355,0.516000893,0.500936433,-0.042746018
AT1G16880,76.50194516,52.69618247,239.8072699,225.4466454,0.001874725,0.996592681,-0.337113688,0.483133208,0.319014287,0.233741258,-0.448708627
AT1G16890,5.829916357,5.178432064,37.88089091,23.76656848,-0.571480152,0.414674738,0.141667817,0.982876393,0.153901247,0.217887242,0.501576803
AT1G16920,3.407885225,1.527289648,17.46606584,9.827689161,-0.51130863,0.446032551,-0.596688751,0.893289199,0.195114644,0.155406792,-0.328272504
AT1G17050,12.84101024,13.86064381,23.67550366,15.55461596,-0.534535826,0.233729313,-0.007263442,0.997778221,0.542375377,0.891095212,0.716287905
AT1G17080,4.378661329,6.294481346,21.45563512,28.02018903,0.670449573,0.341100652,0.964521104,0.587220481,0.204079782,0.224640931,0.138487559
AT1G17110,2.558887284,1.948189244,5.58649199,4.079323417,-0.266949626,0.835179505,-0.081768166,0.989134819,0.458049038,0.47757656,0.060229968
AT1G17120,2.818843498,1.834711483,7.38268875,4.100943,-0.671989741,0.202944135,-0.496387084,0.890513824,0.381818006,0.447387706,0.228640474
AT1G17130,3.240192744,2.534108767,6.102274937,8.688744578,0.325544717,0.803803089,-0.344032249,0.943207839,0.530981114,0.291654191,-0.864401745
AT1G17200,10.34684597,5.146836149,21.42379668,6.569612568,-1.396820183,0.029435324,-0.830442802,0.69286726,0.482960426,0.783430696,0.697900679
AT1G17210,5.134200347,3.42282742,9.268981931,3.605341413,-1.205972841,0.002154777,-0.466708504,0.762937016,0.553912003,0.949376779,0.777323963
AT1G17220,30.00047376,30.17270152,55.77661851,52.43947636,0.044095761,0.905437541,0.044355039,0.978293689,0.537868278,0.575381442,0.097265784
AT1G17230,2.055996469,1.892594285,3.623282025,2.509764821,-0.315318372,0.868464936,-0.292056125,0.936826375,0.567440364,0.754092283,0.41027231
AT1G17290,17.39474256,26.46625796,54.35892109,80.59322868,0.564772682,1.12412E-06,0.559707783,0.109525469,0.319997936,0.328393072,0.037361092
AT1G17340,5.182166323,7.274484289,10.39591714,21.9178672,1.164284981,3.48653E-12,0.73324644,0.305779661,0.498480918,0.331897452,-0.586800723
AT1G17360,7.759347746,6.389560519,8.220723754,8.076495177,-0.007069039,0.996103913,-0.378119738,0.76437457,0.943876473,0.791130358,-0.254682631
AT1G17370,9.553324835,9.454724793,22.14554438,36.42764771,0.851347168,1.01314E-05,0.091375929,0.982876393,0.431388124,0.259548046,-0.732984831
AT1G17380,9.569953118,20.67748823,52.13207398,64.40356813,0.369190907,0.459205122,1.238207822,0.001322511,0.18357131,0.321061221,0.806507821
AT1G17420,64.49118802,115.2776584,121.5667829,247.2783503,1.114032274,8.56439E-49,0.794940639,3.54991E-12,0.53050008,0.466185812,-0.186447871
AT1G17440,5.307808535,4.235458896,8.693710996,6.619369874,-0.278374224,0.697063737,-0.229805992,0.944686377,0.610534274,0.639858321,0.067680208
AT1G17470,5.978402589,4.302205233,13.05568778,12.88457375,-0.115530647,0.905437541,-0.405559359,0.871161675,0.457915561,0.333903575,-0.455650053
AT1G17550,2.818339815,2.138031566,6.309655201,7.137201078,0.420362354,0.645403813,-0.061324512,0.991579971,0.446670971,0.299561627,-0.576359668
AT1G17600,3.61677019,4.355442757,4.124510025,10.76975793,1.343696064,0.000359875,0.199622915,0.953728363,0.876896933,0.404414174,-1.116573721
AT1G17620,23.75491345,17.18465008,77.65768151,63.54719583,-0.188350167,0.592448896,-0.384845257,0.779495479,0.305892643,0.270423421,-0.177805304
AT1G17650,8.715105965,10.81523103,24.53263392,19.57022848,-0.248345471,0.770024838,0.300807681,0.921874278,0.355245425,0.552636932,0.637515908
AT1G17730,3.864754845,6.914682769,30.48043261,18.796144,-0.521760603,0.695422568,0.642587605,0.803894848,0.126794619,0.367877729,1.536732817
AT1G17840,8.578408009,6.044461974,10.52205212,7.455536052,-0.284721469,0.779788616,-0.364502384,0.81357393,0.815278988,0.810734725,-0.008063896
AT1G17880,21.98962076,15.60163239,108.3872497,77.91235407,-0.437192837,0.18561878,0.029888958,0.993235243,0.202880143,0.200245938,-0.018854695
AT1G17970,2.598040231,1.877800471,8.075717869,5.298851996,-0.676577225,0.502220913,0.078793532,0.990516992,0.321710128,0.354378736,0.139530682
AT1G17980,9.922289833,12.46319828,17.54539547,32.1271283,0.844839084,2.07323E-05,0.318978199,0.794317245,0.565521014,0.387933779,-0.543770231
AT1G18060,11.09690776,9.562132035,81.22203876,69.66892541,-0.196089629,0.661634775,-0.007133561,0.998844586,0.136624344,0.137251034,0.006602448
AT1G18070,12.64513859,10.25249962,21.04018713,22.70222255,0.103246314,0.851121929,-0.143950178,0.958977185,0.600999341,0.451607749,-0.412293167
AT1G18080,55.2425717,36.08530677,159.2742771,132.2496969,-0.172615439,0.217514701,-0.485063653,0.259987021,0.346839256,0.272857387,-0.34612009
AT1G18150,2.221926641,2.418429679,7.234541095,8.973858648,0.213598151,0.880708847,0.157256804,0.977375972,0.307127517,0.269497189,-0.18856755
AT1G18160,2.57455328,4.087904284,7.06426092,9.128138877,0.639903912,0.013768817,0.454109885,0.786434957,0.364447648,0.447835461,0.297257179
AT1G18200,4.525472186,2.995963181,15.60340822,22.64652177,0.778051044,0.040386684,-0.411361044,0.932776132,0.290031006,0.13229242,-1.132476735
AT1G18210,47.3330274,36.87039857,292.5723538,366.1828858,0.400742766,0.004631985,-0.026075985,0.993235243,0.161782297,0.100688481,-0.684155103
AT1G18260,2.626141207,2.21352548,7.107975111,6.397744257,-0.241518439,0.864292185,-0.347627735,0.922062997,0.369464041,0.345985302,-0.094723205
AT1G18270,4.758721854,4.599428446,7.733294254,8.781297554,0.207343417,0.806782691,-0.081851805,0.981413902,0.615355073,0.523775492,-0.232470562
AT1G18300,2.900157003,25.03135565,18.09245345,95.06711952,2.345765263,5.33994E-37,2.535858022,3.33934E-19,0.160296502,0.263301926,0.715975128
AT1G18360,2.586778173,2.528816617,8.719967636,8.24589961,-0.175434584,0.889011975,0.080349765,0.989950827,0.296649974,0.306675649,0.047951962
AT1G18390,3.990944516,7.886775756,9.792285025,26.10831746,1.546693616,7.63856E-05,1.122220652,0.034975774,0.407560085,0.302079051,-0.432086629
AT1G18440,3.486120152,3.372513524,10.26389623,3.412475154,-0.38240073,0.822445744,-0.05482409,0.993235243,0.339648811,0.988289547,1.540889978
AT1G18460,13.82360284,7.871709748,36.52751438,17.6970935,-0.896869662,1.38256E-06,-0.684818836,0.189593663,0.378443567,0.444802405,0.233086404
AT1G18470,3.11385584,4.266067583,11.5983276,12.9469357,0.072206917,0.961095881,0.615919147,0.818426748,0.268474555,0.329504037,0.29551078
AT1G18480,1.349162928,1.473986863,6.94800085,4.376983174,-0.162641168,0.922289735,0.274952026,0.9676473,0.194180018,0.336758631,0.794320177
AT1G18500,11.0409442,8.386755504,16.57168366,13.7416456,-0.284716529,0.428447021,-0.405821886,0.829957018,0.666253618,0.610316679,-0.126513446
AT1G18540,26.11573812,23.94111858,121.328187,99.07050846,-0.148397164,0.628498441,-0.290684507,0.86876,0.21524873,0.241657371,0.166958275
AT1G18570,2.640635868,8.689560516,9.749570422,36.88954522,2.129394204,1.87114E-27,2.077572441,2.15261E-05,0.270846381,0.235556184,-0.201403606
AT1G18620,8.034413984,9.79570503,11.98430087,11.15883508,0.029552951,0.981376755,0.322281456,0.784808883,0.670411572,0.877842979,0.388915854
AT1G18660,4.350584019,2.470456386,11.35355953,11.40092861,-0.023175693,0.990001729,-0.349648528,0.927958111,0.383191193,0.21668905,-0.822438154
AT1G18700,4.152004879,2.248030376,4.91234146,5.983088226,0.296310671,0.763970415,-0.535267712,0.837103481,0.84521911,0.375730775,-1.169626099
AT1G18720,4.238373885,7.289061935,19.31090787,19.39564954,-0.09358375,0.965629273,0.656272481,0.7886966,0.21948082,0.375809117,0.7759052
AT1G18730,15.39238885,18.88766464,63.25699951,59.19765751,0.105223177,0.90200603,0.191810611,0.968936277,0.243330998,0.319061014,0.390912218
AT1G18740,26.28097541,78.26109604,78.33699517,239.2442696,1.742463706,8.18504E-96,1.595381813,2.50145E-17,0.335486131,0.327117954,-0.03644218
AT1G18890,5.922913441,10.0311487,13.15005775,20.33055659,0.733396682,0.039567661,0.982451385,0.225932523,0.450409691,0.493402561,0.131527338
AT1G18900,2.012983126,4.670804149,6.251003316,8.719679192,0.800069463,0.007717369,0.822736239,0.330650095,0.322025605,0.535662385,0.734148584
AT1G19000,11.78439102,13.72658685,55.5132329,31.83281048,-0.671209637,0.034518919,0.254932091,0.91633653,0.212280755,0.431208763,1.02241291
AT1G19020,20.33357452,70.77323131,123.9261738,349.2322289,1.577655636,1.03565E-08,2.142516721,1.59269E-08,0.164078127,0.20265378,0.304634156
AT1G19050,4.461516477,5.540199789,25.81550257,24.27149645,0.142111023,0.906248061,0.524953436,0.859996219,0.17282315,0.228259506,0.40137846
AT1G19110,9.09875457,7.685026853,17.47423417,11.9779064,-0.455364845,0.215700967,-0.184223599,0.943845246,0.52069547,0.641600176,0.301234683
AT1G19120,2.845690404,2.566038689,8.27669836,12.91774783,0.22552526,0.881080612,0.316429487,0.95584419,0.343819514,0.198644433,-0.791463068
AT1G19130,4.053779125,5.694032737,17.29712069,15.56878215,-0.07451133,0.977652208,0.361899154,0.939821128,0.234361498,0.365733985,0.642059113
AT1G19150,48.31566202,39.09266461,127.6579395,118.3488366,-0.058833282,0.92932035,-0.180630783,0.921874278,0.378477533,0.33031727,-0.196355263
AT1G19180,44.23361636,63.79264299,142.8961589,255.7826944,0.97680893,4.48881E-20,0.578768765,0.014686496,0.309550772,0.249401716,-0.311704666
AT1G19270,4.050062894,2.943600809,4.205389596,8.779464812,0.998730806,0.071082749,-0.097272924,0.987703677,0.963064848,0.335282488,-1.522255812
AT1G19300,7.970700656,7.050936299,11.91319827,46.89520989,1.796522011,8.33603E-07,0.052782039,0.991579971,0.66906472,0.15035515,-2.153771491
AT1G19310,7.659895881,11.36248759,32.35824284,58.82569701,1.037492369,0.000359492,0.524960877,0.781471705,0.236721627,0.193155171,-0.293431212
AT1G19350,7.339639126,2.326878819,21.93102774,19.59649155,0.156799701,0.923851866,-1.178988808,0.197386167,0.334669183,0.118739562,-1.494935015
AT1G19360,6.171236569,6.345453968,13.27513028,14.79459919,0.49029776,0.297548337,0.25642004,0.933083297,0.464872016,0.428903405,-0.116180812
AT1G19380,88.77652863,102.5822384,391.5422206,556.0593236,0.641074598,6.85474E-07,0.387659117,0.538203091,0.226735519,0.184480745,-0.297540167
AT1G19400,7.903071026,5.094590847,26.08393887,12.63054897,-0.402278475,0.370953553,-0.49836575,0.766398879,0.302986104,0.403354665,0.412797311
AT1G19430,1.722028454,1.485070841,3.06311904,2.408869011,-0.608307826,0.458256485,-0.456006725,0.906973926,0.562181369,0.616501285,0.13306826
AT1G19440,2.358993107,2.789518213,10.02892643,5.560327546,-0.305539087,0.915784563,0.374403558,0.923119093,0.235218906,0.501682354,1.092770169
AT1G19450,18.85789212,24.65370551,36.45290441,32.0880646,-0.012913989,0.990001729,0.432987779,0.464804964,0.517322074,0.768313883,0.57063307
AT1G19570,14.18657012,5.721578794,58.31484289,27.60267655,-0.65433024,0.052093697,-1.451820408,0.013292701,0.243275458,0.207283478,-0.230985661
AT1G19600,2.825621032,1.92607686,8.070027246,12.69150883,0.67935946,0.539267743,-0.359011491,0.940145924,0.350137731,0.151761062,-1.206120856
AT1G19660,5.868092772,9.493630905,19.99964967,30.51165208,0.796153233,0.001172536,0.555545306,0.693326821,0.293409778,0.311147718,0.084682713
AT1G19715,10.27443402,13.68147393,12.22661557,12.21069987,0.276764463,0.541025279,0.4978752,0.51786841,0.840333448,1.120449612,0.415043956
AT1G19720,8.929333776,10.27413303,10.20188166,6.33197532,-0.526178034,0.333347558,0.18332291,0.922062997,0.875263415,1.622579449,0.890499948
AT1G19740,11.69458715,15.526429,59.9910825,47.04320382,-0.229516647,0.686992733,0.081340272,0.987703677,0.194938759,0.330046165,0.759646872
AT1G19770,85.29249408,277.7628127,194.8778031,544.5310856,1.609360489,1.10171E-67,1.741002524,4.67833E-50,0.437671673,0.51009542,0.220918135
AT1G19800,3.826129165,2.521702227,11.09458084,9.487177853,-0.154275111,0.881080612,-0.227715309,0.970346925,0.344864689,0.265801091,-0.375683387
AT1G19835,6.39913397,6.190093354,9.198424639,10.76482261,0.338197936,0.53747118,0.022182264,0.993889967,0.695677164,0.57502976,-0.274781343
AT1G19860,2.432775588,1.778568697,4.1546322,4.119146651,0.272454463,0.860465504,0.072349767,0.991194573,0.58555739,0.431780863,-0.439511271
AT1G19870,2.406429072,2.072407016,3.58119358,4.327906106,0.320514202,0.726497377,-0.311677218,0.937980091,0.671962858,0.478847499,-0.488815224
AT1G19910,8.210973691,10.00306758,90.25461839,92.26485238,-0.027518846,0.9709843,0.021467368,0.996628465,0.090975662,0.108416882,0.253036862
AT1G19920,12.65264712,7.057982886,19.40173807,13.23706769,-0.377265549,0.672545535,-0.579465493,0.563845464,0.652139879,0.533198368,-0.290509081
AT1G20010,8.933062287,8.663911203,28.41584032,33.65772259,0.260213096,0.348242365,0.161693674,0.957926244,0.314369105,0.257412283,-0.288378547
AT1G20020,77.32225316,78.54386957,139.7609258,119.6286706,-0.101685882,0.619083926,0.086525559,0.949357573,0.553246572,0.656563925,0.247012876
AT1G20070,4.755653872,1.863458215,16.81994061,9.267934095,-0.461465216,0.734780062,-0.672568748,0.846328658,0.282739041,0.201065113,-0.491808325
AT1G20090,10.05012483,3.280155776,18.32147112,14.28042147,-0.037172365,0.979907342,-1.016654933,0.292484848,0.548543551,0.229696006,-1.255880396
AT1G20100,6.284264427,6.3699311,32.02369436,31.49432793,0.075927468,0.910440499,0.261998656,0.940145924,0.196237959,0.202256454,0.043581607
AT1G20110,10.86396841,6.658947605,21.3527532,21.26554248,0.074268049,0.935270677,-0.609563141,0.498044092,0.508785369,0.313133211,-0.700280653
AT1G20200,8.660936624,4.097695361,15.60091842,14.88676756,-0.084601178,0.955140301,-1.054487151,0.212106559,0.555155561,0.275257563,-1.012109885
AT1G20220,5.201923454,4.520936851,9.525271232,8.977750807,0.013944662,0.994621336,-0.187195607,0.972259272,0.546118145,0.503571212,-0.117017283
AT1G20260,10.05332758,8.617459465,23.00297495,23.44814198,0.169795011,0.810849568,0.012008531,0.996883172,0.437044669,0.367511399,-0.249991742
AT1G20330,23.58094815,13.29710715,64.00421339,46.61372348,-0.347187232,0.356764519,-0.612987417,0.27920765,0.36842806,0.285261639,-0.369097191
AT1G20340,781.2163141,720.7643651,4465.342734,3795.805154,-0.151769837,0.037554926,0.058931877,0.927853099,0.174951031,0.189884448,0.118170583
AT1G20440,77.13356013,47.51169922,385.6386694,231.6597217,-0.639643196,2.14025E-16,-0.587837755,0.094744584,0.200015108,0.20509262,0.0361666
AT1G20450,84.58383434,62.94358326,442.5456493,320.9581503,-0.416310664,4.9601E-05,-0.098423277,0.942837015,0.191130191,0.196111497,0.037118432
AT1G20510,32.34704818,49.8380674,82.9283769,114.2122464,0.597241393,1.30367E-09,0.759533095,4.41818E-05,0.390060066,0.436363603,0.161834469
AT1G20620,80.43616781,81.02168524,162.1221412,190.4183943,0.351853498,0.002365941,0.015253962,0.993235243,0.496145481,0.425492955,-0.22162797
AT1G20630,3.488025236,3.607132217,10.97661918,8.087043283,-0.318083626,0.823621987,0.308989525,0.936826375,0.31776863,0.446038446,0.489191358
AT1G20640,2.16866526,1.265551719,3.092488438,2.259563795,-0.352815572,0.722624068,-0.614085897,0.826931091,0.701268672,0.560086739,-0.324317008
AT1G20650,5.242091329,5.820992616,9.083408513,3.122501223,-0.880675568,0.078318395,0.246077224,0.952358219,0.577106195,1.864208274,1.691654326
AT1G20670,1.757098524,1.984391334,5.795680376,3.0693322,-0.744500403,0.339524641,0.132617788,0.987121396,0.303173814,0.646522177,1.092554708
AT1G20696,3.68325089,3.339049724,24.43280607,19.80384306,-0.475151505,0.459543525,-0.084642639,0.988076608,0.15075022,0.16860615,0.161497049
AT1G20760,2.14729535,3.034996878,7.523161162,6.894260364,-0.202475512,0.881235436,0.11081781,0.982876393,0.285424611,0.440220809,0.625117604
AT1G20780,6.134656351,4.104615465,15.10450749,7.68320005,-0.862770458,0.020453361,-0.514989477,0.649102745,0.406147394,0.534232538,0.395464462
AT1G20810,12.33110548,10.84747553,27.99486975,31.7805913,0.269576808,0.708781446,-0.153995322,0.970910497,0.44047733,0.341323905,-0.367926311
AT1G20823,7.996748183,21.19095077,47.69468489,147.4511932,1.659295644,3.19251E-12,1.342450496,0.09909377,0.167665395,0.143715017,-0.222374136
AT1G20830,2.850856683,4.737612037,7.042161522,10.8650236,0.695999092,0.417478402,0.212548828,0.970346925,0.404826938,0.436042499,0.107163461
AT1G20840,16.58879694,10.18021124,30.352543,24.98105134,-0.258019633,0.540179918,-0.558257204,0.257289547,0.546537301,0.407517326,-0.423458566
AT1G20850,6.264727295,5.44312118,12.89648517,11.95732114,0.087782524,0.94925199,0.010042201,0.997778221,0.485770131,0.455212427,-0.093733843
AT1G20950,6.273608389,6.330126608,10.06323582,9.113354535,-0.013123776,0.995656605,-0.017716226,0.996883172,0.6234186,0.694598963,0.155979057
AT1G20960,7.771682524,7.517314764,8.587079419,6.38172089,-0.194656099,0.704583738,-0.004696005,0.997778221,0.905043746,1.177944773,0.380212468
AT1G20970,7.569889053,5.746754723,11.27431881,6.375142211,-0.751580282,0.051958533,-0.318855129,0.777333771,0.67142762,0.901431612,0.424986159
AT1G20980,11.03396451,14.61783216,22.05380732,23.52437622,0.21480662,0.410635344,0.392059852,0.573125834,0.500320164,0.621390851,0.312649402
AT1G21000,7.241944608,9.486423635,25.28637355,29.24268339,0.610116567,0.500440769,0.284375736,0.929232007,0.286397122,0.324403322,0.179771599
AT1G21010,11.14449051,24.71421097,33.03073875,131.6212779,1.945826453,8.78448E-19,1.577874955,1.63513E-05,0.337397555,0.187767596,-0.845501408
AT1G21065,16.68029773,16.85876243,84.91675957,88.67912263,0.123881219,0.754634582,0.03707142,0.993235243,0.196431162,0.190109712,-0.047191582
AT1G21080,9.501491783,10.36149329,18.22483344,26.62262756,0.633029455,0.009694045,0.55864683,0.577029763,0.521348621,0.389198747,-0.421741347
AT1G21130,11.41399925,32.27974697,35.54383415,124.9752164,1.775121702,9.8708E-57,1.583931781,2.80823E-16,0.321124592,0.258289187,-0.314145909
AT1G21250,9.850331491,8.115450988,15.8098848,9.288352744,-0.529443548,0.044085517,-0.148694721,0.953445049,0.62304891,0.873723384,0.487831182
AT1G21270,3.390146229,3.336300636,13.4356058,5.745993526,-1.042903492,0.04847544,-0.046076676,0.993235243,0.252325521,0.580630768,1.202334893
AT1G21380,5.784849075,5.170749006,15.9140089,22.58478827,0.779444932,0.020182958,-0.029578878,0.993889967,0.363506713,0.228948306,-0.666960121
AT1G21400,9.183564298,6.653898839,19.01131767,11.48542445,-0.709689971,0.221173662,-0.284756832,0.918446523,0.483057748,0.57933417,0.262200091
AT1G21440,4.634475891,3.078797311,7.406717106,11.02509311,0.792828197,0.219674203,-0.186047352,0.97421589,0.625712556,0.279253634,-1.163924002
AT1G21450,5.092102886,9.931233948,9.567354209,17.58580401,0.994326173,0.000511503,1.024926115,0.035811031,0.532237312,0.564730162,0.085492035
AT1G21460,1.871698254,3.598662042,8.044079451,4.128977438,-0.436654297,0.711791259,0.529909029,0.906973926,0.23268023,0.871562535,1.905255549
AT1G21500,61.40020221,56.7156889,482.6704433,564.9217616,0.316794823,0.275697184,0.105217983,0.970346925,0.127209368,0.100395653,-0.341508125
AT1G21540,1.990029241,1.821357641,2.872691364,3.437119525,0.022244393,0.994508461,-0.132883288,0.987459256,0.692740357,0.529908148,-0.386572413
AT1G21580,3.497345942,2.88790217,5.090974503,2.957842012,-0.502848348,0.574307439,-0.25890467,0.901612329,0.68696984,0.976354436,0.507158207
AT1G21590,3.185130484,3.895917561,8.964190305,7.808939683,-0.014585877,0.993614173,0.038815922,0.993235243,0.355317142,0.498904809,0.489657282
AT1G21600,3.067778559,1.609934274,10.5575484,6.982792948,-0.202725476,0.906019898,-0.763187496,0.749215808,0.290576793,0.230557355,-0.333793796
AT1G21630,7.692791115,6.875063211,13.62863033,13.20221635,0.118252734,0.767103615,-0.083630439,0.97421589,0.564458124,0.520750685,-0.116273723
AT1G21640,8.347254497,9.312111296,12.4634208,8.486810469,-0.281544854,0.739375931,0.133095624,0.957770699,0.669740245,1.097245111,0.712212275
AT1G21660,3.36515996,2.826348956,7.954874553,6.156271164,-0.221389893,0.883739504,0.125213102,0.982744851,0.423031179,0.45910079,0.118046916
AT1G21670,9.646863449,13.75687854,17.65355072,29.65502757,0.844230657,7.06685E-06,0.503446112,0.555816168,0.546454569,0.463897007,-0.236297019
AT1G21680,10.97151837,5.779468864,27.69923247,16.40431469,-0.691563303,0.001353834,-0.781155379,0.13218734,0.396094671,0.352313947,-0.168983702
AT1G21760,2.517674065,3.00380362,5.673743843,7.806882808,0.232082692,0.856595757,0.110841718,0.987703677,0.443741229,0.384763509,-0.205746625
AT1G21780,2.247394525,4.254211908,9.965404131,9.94387735,0.093958445,0.948769329,0.707229208,0.814093735,0.225519657,0.427822243,0.9237583
AT1G21900,4.864916422,4.608192901,15.79079579,21.3995218,0.53331754,0.349920412,0.091592242,0.988906775,0.308085576,0.215340929,-0.516708589
AT1G21910,7.408901114,12.60645483,16.33849368,27.51380117,0.771339421,0.035913053,0.762002157,0.638228306,0.453462924,0.458186593,0.014950648
AT1G22060,3.635662341,3.134859477,2.533020051,2.715058457,0.056218544,0.970533362,-0.059617281,0.987703677,1.435307368,1.154619515,-0.313942206
AT1G22190,5.6463441,10.68618139,41.37906905,51.92595591,0.651377857,0.222813073,0.734742059,0.317708075,0.136454111,0.205796527,0.592802771
AT1G22200,2.148531055,3.479492591,5.721691164,2.640715008,-0.369942861,0.805711375,0.603378718,0.837002815,0.375506296,1.317632755,1.811039323
AT1G22270,2.466286724,1.611506333,19.90505467,19.16179055,0.364169141,0.795050343,0.101600197,0.989950827,0.123902535,0.084099987,-0.55902822
AT1G22280,13.49809357,25.64207077,26.34028049,96.67832923,1.916965531,3.20392E-22,1.075913385,0.001815751,0.512450639,0.265230802,-0.950164719
AT1G22300,25.72107805,23.56258878,55.37636073,47.8714119,-0.110777137,0.804785649,-0.213459628,0.928927481,0.464477581,0.492205846,0.08365283
AT1G22330,3.757379761,1.505463037,9.185382285,7.142372721,-0.290331692,0.874396575,-0.879192145,0.692803458,0.409060793,0.21077912,-0.956583308
AT1G22360,8.578412881,9.109184284,20.50221924,14.01179011,-0.279338911,0.636360807,0.10020507,0.981413902,0.418413869,0.650108531,0.635749912
AT1G22400,13.46287927,11.85630432,34.53367517,30.4460144,-0.05070304,0.954646766,-0.200045668,0.942837015,0.389847857,0.389420571,-0.001582108
AT1G22410,17.51704055,20.84794668,42.18446992,63.93718089,0.73771115,2.69155E-08,0.337383058,0.708015674,0.415248564,0.32606922,-0.348796919
AT1G22450,8.161566663,6.154143126,31.75898571,24.01723334,-0.256622421,0.608597674,-0.238645303,0.96282239,0.256984487,0.256238637,-0.004193248
AT1G22510,7.62692796,5.049099163,21.81668254,23.604329,0.255319238,0.889284476,-0.082708283,0.989950827,0.349591554,0.213905643,-0.708695792
AT1G22530,11.11597719,7.031315869,23.05750948,23.56108652,0.210172971,0.575051453,-0.606683939,0.368560014,0.482097913,0.298429186,-0.691937548
AT1G22570,18.64020624,15.83576409,40.18212655,29.00824318,-0.240549813,0.794327768,-0.111465677,0.971959027,0.463892975,0.545905658,0.234859651
AT1G22590,5.540195603,2.858461276,18.35576916,7.227473532,-1.039188125,0.19753115,-0.067501797,0.993235243,0.301823125,0.395499377,0.389972076
AT1G22610,6.714663252,5.157113566,13.592217,10.67078003,-0.222948268,0.69866452,-0.324700532,0.87240301,0.49400795,0.483293025,-0.031636083
AT1G22620,1.808797105,2.126385612,4.325285587,2.245285682,-0.323736862,0.823769645,0.088542803,0.987703677,0.41819137,0.947044569,1.179269033
AT1G22650,2.318390384,6.433572231,6.265091163,14.99687702,1.13384418,0.06886118,1.481591748,0.018618065,0.370048947,0.428994131,0.213241803
AT1G22690,13.43787411,8.800281066,51.38661998,56.26263437,0.285840962,0.714484192,-0.140874802,0.985287668,0.261505312,0.156414309,-0.741467758
AT1G22700,16.37414856,10.66385033,34.28782761,44.29324424,0.276975528,0.672990488,-0.431016136,0.771515916,0.477549898,0.240755684,-0.988081621
AT1G22710,27.78548331,25.46868027,92.2974453,129.0686398,0.564014169,0.035177695,-0.079548549,0.975735197,0.301042821,0.197326634,-0.609383017
AT1G22730,1.633185072,1.76088066,5.247471743,2.526867758,-1.075927555,0.142990901,-0.236176366,0.964026953,0.311232752,0.696863006,1.16288118
AT1G22740,5.481902968,3.910226244,10.99072133,8.838398384,-0.425384982,0.787180678,-0.1140107,0.987703677,0.49877554,0.442413441,-0.1729955
AT1G22750,5.841587426,6.508469292,22.33633034,30.80069963,0.348557319,0.692896507,0.116325831,0.987459256,0.261528521,0.211309138,-0.307613127
AT1G22770,2.943919918,3.47424134,4.397199609,4.296944515,0.051722763,0.982707503,0.255382067,0.936826375,0.669498813,0.808537631,0.272233425
AT1G22780,6.76106412,7.13532372,84.2186758,46.48894078,-0.592008641,0.31524689,-0.312862597,0.943845246,0.080279867,0.153484326,0.934981191
AT1G22810,31.58365964,46.54393942,105.7511815,273.1344066,1.44854877,1.13964E-17,0.883119142,0.030699071,0.298660111,0.170406724,-0.809522304
AT1G22840,17.01063067,17.95177924,72.79314218,69.1704921,-0.090170232,0.883616128,0.099043571,0.987437048,0.233684522,0.259529442,0.151336031
AT1G22850,16.35076804,15.7983971,62.22913253,45.99582717,-0.396263596,0.180061864,-0.069809647,0.987703677,0.26275102,0.343474573,0.386506938
AT1G22890,16.29090601,15.52668991,104.3671876,71.80471592,-0.529719546,0.222941124,0.428984826,0.899651201,0.15609222,0.21623496,0.470201162
AT1G22920,4.437112195,2.346293146,13.33076419,10.17608693,0.001305432,0.999287318,-0.40517065,0.920224397,0.33284755,0.230569291,-0.529661172
AT1G22930,11.03030105,13.04772864,17.88692842,20.4877344,0.240746945,0.338331372,0.192411428,0.884093298,0.616668261,0.636855613,0.046471727
AT1G23030,3.339343154,2.009808576,8.22456372,3.973582847,-0.979369689,0.118725838,-0.540740693,0.846162176,0.406020704,0.505792544,0.316992473
AT1G23080,3.070214356,2.026998585,3.682638971,6.549976079,1.018683125,0.13004788,-0.517611038,0.853564115,0.833699524,0.309466563,-1.429743972
AT1G23090,5.154401301,4.040532599,11.25998495,4.934335003,-0.935115576,0.025654872,-0.358989298,0.901612329,0.457762717,0.818860616,0.839017936
AT1G23130,78.44916477,83.18629214,401.2870123,455.540863,0.269585435,0.033277614,0.263997382,0.713157845,0.195493904,0.182609945,-0.098358283
AT1G23190,5.92102982,6.273080842,12.03096724,10.8384503,0.000553869,0.999820374,0.129634341,0.97421589,0.49214911,0.578780238,0.233920176
AT1G23230,1.754313947,1.846357317,2.084160623,1.716223438,-0.078659314,0.977961921,0.096437533,0.98766611,0.841736442,1.075825721,0.354003903
AT1G23290,8.725909741,12.13696369,77.70692686,64.60353207,-0.379969303,0.08284261,0.161328056,0.976316817,0.11229256,0.187868423,0.742460255
AT1G23310,225.1261252,226.0432234,817.4978714,807.6638861,0.021476108,0.935672641,0.00134007,0.998844586,0.275384356,0.279872887,0.023325123
AT1G23360,1.929244462,2.106746242,9.741032594,6.946196242,-0.6158049,0.449421601,0.129305451,0.987703677,0.198053383,0.30329495,0.61483213
AT1G23390,22.54655227,11.86562608,79.64935846,39.81641582,-0.966106404,1.83843E-12,-0.879307649,0.097651798,0.283072616,0.298008393,0.074180769
AT1G23400,6.211045432,2.98081847,10.88479765,7.626622774,-0.289056403,0.630302686,-0.818296049,0.622409202,0.570616527,0.390843832,-0.545929263
AT1G23490,30.07743784,20.85642233,183.0226027,155.1883654,-0.026740732,0.970907841,-0.385830391,0.668084604,0.164337286,0.134394239,-0.290188548
AT1G23710,6.412989358,31.69131821,29.14950862,143.6808183,2.43075578,1.05256E-73,2.304073764,4.8899E-12,0.220003344,0.220567495,0.003694749
AT1G23740,36.196986,37.52117388,90.58379628,71.83313797,-0.223005679,0.519810378,0.099233792,0.964026953,0.399596699,0.522337948,0.386438853
AT1G23780,2.439125937,1.563423757,6.889359974,5.440136398,-0.349740972,0.758860981,-0.537852516,0.899651201,0.354042458,0.287386867,-0.300928246
AT1G23820,3.845171793,4.207375613,18.18481279,14.9486438,-0.214963843,0.739798775,0.303829703,0.936826375,0.211449622,0.281455339,0.412592035
AT1G23870,7.93200172,7.962104599,15.23811074,10.13571184,-0.492153214,0.19443028,-0.032024517,0.992589008,0.520537083,0.785549621,0.593701465
AT1G23900,1.862647504,1.943111143,4.798779057,1.768620088,-0.564988621,0.534782377,0.023443066,0.996883172,0.388150294,1.098659433,1.501056956
AT1G23950,1.602790969,2.537796995,3.461360799,5.448689037,0.708766486,0.423421705,0.309396699,0.95584419,0.463052268,0.465762861,0.008420556
AT1G24050,3.659089654,3.926410071,15.83033715,11.92211472,0.0902294,0.945058507,-0.134249387,0.987703677,0.231144139,0.32933839,0.510777911
AT1G24100,5.005285696,5.695990019,13.98180643,10.85602333,-0.150484849,0.903093181,0.150284735,0.97421589,0.357985624,0.524684762,0.55154924
AT1G24120,2.325721012,4.118520197,6.468104931,6.459948091,0.195750494,0.926343682,0.660384116,0.810154012,0.359567607,0.637546949,0.82626853
AT1G24140,3.237314445,14.33806107,12.06916224,106.6497499,3.16697762,5.26593E-79,2.131515899,4.92173E-06,0.268230253,0.134440644,-0.996502606
AT1G24145,4.610769629,37.87245326,20.84984587,119.4833412,2.551718249,8.59974E-16,2.628035207,2.29235E-07,0.221141665,0.316968482,0.519368525
AT1G24147,22.26282324,45.15922223,112.61469,232.3905319,1.080645248,1.60817E-12,1.220618669,0.020522204,0.197690224,0.194324708,-0.02477218
AT1G24150,4.637557831,10.32807344,12.04131663,33.18823056,1.49390317,3.21401E-06,1.136773013,0.013714924,0.385137105,0.311196869,-0.307544579
AT1G24160,3.303113612,4.322719528,10.5940291,9.649199428,-0.151948877,0.888332932,0.592156393,0.788384684,0.311790121,0.447987376,0.522882861
AT1G24170,7.613435293,7.735056917,14.50474646,11.73111319,0.016743817,0.993625042,-0.226592772,0.938843949,0.524892683,0.659362568,0.329049499
AT1G24180,5.215810259,6.270138107,13.71258488,21.58087304,0.663680174,0.171096908,0.535786123,0.766398879,0.380366671,0.290541448,-0.388646845
AT1G24190,2.510602947,2.55802196,2.850116136,2.755244063,0.130771704,0.955342697,0.063710463,0.988909536,0.880877419,0.928419371,0.075835353
AT1G24267,1.266528758,1.391915224,5.041472486,8.159752116,0.538882021,0.510871638,0.359967053,0.942837015,0.251221992,0.170583028,-0.558488646
AT1G24330,1.844981229,2.305431447,4.72761104,3.697174868,-0.287973129,0.79776471,0.197212906,0.970346925,0.390256562,0.623565703,0.676118691
AT1G24340,3.709159618,2.828287491,4.401811347,6.479106439,0.430269895,0.757463193,-0.276269816,0.940084124,0.842643931,0.436524314,-0.948861121
AT1G24360,14.11704381,9.886460043,39.75230438,33.07973556,-0.270342733,0.471653826,-0.082342394,0.987703677,0.355125169,0.298867566,-0.248821274
AT1G24460,3.250066077,3.510138988,4.12609824,2.23731176,-0.813779066,0.104532215,0.052171917,0.988742131,0.787685093,1.568909193,0.994070974
AT1G24490,2.909383871,1.953900911,4.875619133,1.699183931,-0.834199208,0.449421601,-0.258353025,0.957926244,0.596720907,1.149905478,0.946387047
AT1G24510,14.85708126,14.61345363,31.95343486,27.7952195,-0.12260773,0.922141838,-0.042827652,0.989705056,0.464960381,0.525754209,0.177280703
AT1G24560,3.4545317,3.661736755,3.050546767,2.59812434,-0.193473825,0.904617798,0.222708503,0.95584419,1.132430336,1.409377026,0.3156353
AT1G24610,2.422180928,2.870982697,10.13384012,3.859788703,-1.191283098,0.062555351,0.510771811,0.899651201,0.239019059,0.743818618,1.637825198
AT1G24706,3.64426532,3.114010472,4.167939272,4.813121802,0.298039956,0.643399275,-0.19701077,0.943661442,0.874356626,0.646983517,-0.434492878
AT1G25220,6.365720934,13.92750981,4.896499246,22.17088196,1.700146257,2.03262E-06,1.320028343,0.01312454,1.300055532,0.628189254,-1.04930208
AT1G25230,5.003887911,5.108840477,14.18184777,15.05807409,0.114930995,0.920102146,0.051971949,0.993235243,0.352837514,0.339275823,-0.056545332
AT1G25260,6.18836609,3.274820654,17.9661681,11.15257091,-0.138869269,0.92410538,-0.632179679,0.814690997,0.344445519,0.293638183,-0.23023623
AT1G25275,27.51553012,38.13303683,354.7795747,504.2368934,0.554771369,0.020372448,0.942397364,0.241867267,0.077556692,0.075625241,-0.036383421
AT1G25280,5.713793727,5.186751125,12.5276257,12.32060537,0.109115492,0.931194938,-0.037448665,0.993885949,0.456095501,0.42098184,-0.115577939
AT1G25350,6.693026588,4.662527036,8.294984583,5.689056502,-0.422976667,0.618004653,-0.446786525,0.763479335,0.806876314,0.819560683,0.022503236
AT1G25390,6.068252398,12.18606889,8.247046331,21.7630554,1.529831375,3.71505E-07,0.829246926,0.203811508,0.73580918,0.559942925,-0.394051895
AT1G25400,36.05325181,63.48883708,77.61729911,138.0493913,0.95950105,1.54528E-06,0.949148603,8.16134E-05,0.464500211,0.459899435,-0.014360826
AT1G25440,7.738334351,2.770095843,26.22677946,3.803464445,-2.480843511,1.83251E-09,-1.651740144,0.003431266,0.295054693,0.728308594,1.303567466
AT1G25450,2.931067241,2.435419722,4.174138662,2.491649957,-0.585038098,0.689739628,-0.027212126,0.996883172,0.702196903,0.97743253,0.477121486
AT1G25490,8.763147267,11.85711458,17.73492675,11.48199694,-0.545023658,0.289049066,0.335451862,0.837427463,0.494118041,1.032670069,1.06345176
AT1G25520,2.696303944,1.281254049,8.815577528,2.355968736,-1.161261638,0.270034291,-1.075199816,0.498044092,0.305856756,0.543833214,0.830308121
AT1G25540,2.599095908,1.681752319,2.77237663,5.660473345,0.854510357,0.205423356,-0.585197332,0.813609979,0.937497409,0.297104538,-1.657844062
AT1G25550,15.51592224,24.80479824,34.22445746,68.46833,1.065004157,0.000370055,0.818713386,0.064467018,0.453357727,0.362281339,-0.323539381
AT1G25560,31.1298151,18.04999829,62.28994631,56.47326744,-0.060737636,0.917991752,-0.731518905,0.12502194,0.499756653,0.319620222,-0.644867083
AT1G25682,5.272368138,3.38605382,18.61803928,15.41706315,-0.046357393,0.973446285,-0.501019351,0.891081568,0.283186004,0.219630275,-0.366673025
AT1G26110,12.58285647,9.12294481,26.81900999,20.497977,-0.2852476,0.320521437,-0.44046523,0.598051705,0.469176769,0.445065618,-0.076113526
AT1G26150,2.518322112,2.191394827,8.466730924,8.024499886,0.082622349,0.934461402,-0.461709147,0.878842945,0.297437362,0.273088025,-0.123219827
AT1G26270,14.75298968,13.03241118,35.22536257,27.16862605,-0.279578855,0.137670356,-0.035362007,0.989950827,0.418817256,0.47968606,0.195769631
AT1G26380,1.612456773,24.11064601,1.974016857,38.5694379,4.404646876,3.59237E-70,3.610214817,1.34489E-42,0.816840427,0.625123085,-0.385913989
AT1G26550,7.242824076,2.835673293,19.58389852,29.38655198,0.654025629,0.28245874,0.041668838,0.993889967,0.369835662,0.096495611,-1.938349115
AT1G26560,6.603002278,4.70233631,13.40109025,16.66784751,0.572642715,0.143802408,-0.365570639,0.903793593,0.492721275,0.28212019,-0.80446185
AT1G26630,50.68612831,51.87146485,412.1518375,362.0838084,-0.145140059,0.263114637,-0.023793733,0.993235243,0.122979261,0.143258173,0.220202407
AT1G26670,5.144896262,3.019376931,18.27516732,12.86628691,0.209879218,0.878942049,-0.226905914,0.970346925,0.281523894,0.234673527,-0.262602268
AT1G26761,3.197975784,3.964178234,5.477906395,4.156836962,-0.228396805,0.887280823,0.416277682,0.906973926,0.583795259,0.953652566,0.708001265
AT1G26830,6.594618687,6.132318057,9.608917903,10.22432125,0.064202729,0.946074589,-0.078643119,0.987459256,0.686301908,0.599777521,-0.194415911
AT1G26850,18.13078144,12.42333787,38.34466057,29.34246208,-0.156156291,0.710188243,-0.332493104,0.686182476,0.472837187,0.42339112,-0.159352493
AT1G27000,5.590968513,3.110591545,11.3429558,14.9666662,0.323110561,0.815253238,-0.665396554,0.758540086,0.492902257,0.207834631,-1.24586552
AT1G27020,2.460500028,5.452428126,10.60444842,22.34752575,0.800882539,0.129614053,0.715916283,0.737099472,0.232025272,0.243983526,0.072501787
AT1G27090,12.97399462,11.10508934,42.42920428,37.04929794,0.053000899,0.922141838,0.081363631,0.982876393,0.305779824,0.299738185,-0.028790329
AT1G27100,25.82050446,37.83121355,85.22033192,172.5139412,0.96211645,8.98406E-06,0.714815668,0.008966601,0.30298526,0.21929366,-0.46638351
AT1G27130,14.41351174,15.38611191,50.80490811,70.40032959,0.469503879,0.099693352,0.086217322,0.987703677,0.283703136,0.218551703,-0.376407478
AT1G27190,2.022826042,1.864399799,4.366369711,4.089973108,0.111928355,0.971224214,0.014372627,0.997324194,0.46327411,0.455846469,-0.02331806
AT1G27210,2.638486918,1.959135215,4.975815296,4.001631741,-0.152962139,0.953880993,-0.431661311,0.896539194,0.530262231,0.489584085,-0.115149331
AT1G27290,25.94905667,17.0283645,116.6516125,113.6543572,-0.142618686,0.662020387,0.08850024,0.982876393,0.22244919,0.149825884,-0.57018896
AT1G27320,5.038454627,4.349629326,7.210372029,5.998168923,-0.24051767,0.747298305,-0.250094846,0.915554809,0.698778733,0.725159525,0.053462702
AT1G27340,2.766418052,1.324408935,9.881211445,7.035541833,-0.277397799,0.833711758,-0.952426484,0.605027121,0.279967499,0.188245478,-0.572644146
AT1G27385,3.668064077,2.954011225,15.70468027,14.57320102,-0.021341844,0.992146229,0.035275561,0.996883172,0.233565027,0.202701604,-0.204466763
AT1G27390,7.009164811,2.236696175,12.87493448,13.38757001,0.248175131,0.845194792,-0.504589205,0.877055808,0.544403921,0.167072603,-1.704202278
AT1G27400,5.453865966,4.724716786,56.80447747,59.53247766,-0.044527959,0.979545203,-0.232640666,0.969732935,0.096011199,0.079363685,-0.27472368
AT1G27450,14.20049834,13.62150047,37.1055781,30.14604516,-0.29754126,0.491417729,-0.057831293,0.989950827,0.382705218,0.451850331,0.239611408
AT1G27460,3.771050454,4.209223063,10.76137706,6.305593921,-0.35411792,0.435677229,0.103453222,0.985287668,0.350424526,0.667537922,0.929746046
AT1G27510,3.196694615,5.306393516,9.763611386,10.21163944,0.182451747,0.826128346,0.695359811,0.737099472,0.327409038,0.519641684,0.666423015
AT1G27530,7.033905144,4.455561263,35.13122492,32.38055949,-0.003020477,0.997964555,-0.181287467,0.977375972,0.200218044,0.137599885,-0.541092735
AT1G27650,4.277727662,1.770259068,9.151167249,10.83808293,-0.008614423,0.99520541,-0.851097811,0.665738971,0.467451588,0.163336918,-1.516966044
AT1G27730,57.34626739,139.5146783,161.3014019,500.868005,1.767494351,7.46765E-77,1.541885524,2.28577E-21,0.355522436,0.278545798,-0.352026054
AT1G27750,2.675179864,2.005603332,3.934377602,4.625866078,0.308920736,0.705644609,-0.363509557,0.908380112,0.679949953,0.433562775,-0.649187668
AT1G27760,2.65096735,1.552122009,10.36370582,6.728104199,-0.74223285,0.278800767,-0.272471673,0.95584419,0.255793381,0.230692326,-0.149008917
AT1G27770,36.5254592,77.51597121,61.68385425,127.2310623,1.183258308,9.20861E-34,1.124691445,1.65821E-18,0.592139704,0.609253509,0.041105064
AT1G27910,4.398419791,3.297916052,9.746128461,6.092632083,-0.31286591,0.739793722,-0.289999737,0.915554809,0.451299181,0.541295783,0.262332988
AT1G27930,11.12377693,6.343705234,46.71932507,27.06749302,-0.674149687,0.045352258,-0.928490197,0.22299597,0.23809798,0.234366191,-0.022790917
AT1G27950,39.92936624,32.98823165,183.3010552,142.9687619,-0.258427975,0.876974496,-0.306195333,0.833374929,0.217834896,0.230737339,0.083016403
AT1G27970,18.21931778,13.07540631,80.79662286,46.13333761,-0.255540155,0.857206999,-0.256667176,0.937980091,0.225496031,0.283426411,0.329872161
AT1G28060,2.259968923,1.732968715,5.873224407,5.431384027,-0.063999789,0.979493534,-0.61814528,0.779495479,0.384791856,0.319065768,-0.270224435
AT1G28140,7.589845979,6.209073113,27.67251506,26.90246414,-0.114496426,0.95726607,0.018963506,0.996883172,0.274273804,0.23079942,-0.24897724
AT1G28150,3.439028737,2.043617862,17.0946145,6.803622017,-0.352183218,0.764713943,-0.311600129,0.964026953,0.20117615,0.300372045,0.57829127
AT1G28200,5.626727579,3.748605052,20.37058187,20.52657534,0.30749935,0.701501811,-0.079221799,0.989950827,0.276218304,0.182622039,-0.59694804
AT1G28240,2.964869275,3.842342992,10.39095451,7.038836636,0.329284565,0.519810378,0.653771456,0.751606844,0.285331754,0.545877563,0.93593709
AT1G28280,7.477918517,5.790060771,31.07722969,53.26667726,0.81549472,0.003405835,-0.14666147,0.979422389,0.240623717,0.108699492,-1.146433646
AT1G28320,1.543147452,1.796779091,3.471882987,3.604693956,0.068228492,0.983280974,0.276435699,0.957926244,0.444469891,0.498455379,0.165378671
AT1G28340,3.696151016,1.843718974,6.165879115,7.174970041,0.600287022,0.295626149,-0.731002817,0.69286726,0.599452397,0.25696539,-1.222071134
AT1G28370,8.015711954,26.82452591,43.33653976,87.1174735,1.130753851,0.001766434,2.071086213,1.25982E-08,0.184964282,0.30791212,0.735271953
AT1G28380,23.89537724,43.69138344,68.97771467,165.1482339,1.368512275,6.23384E-41,0.976738612,3.55678E-07,0.346421701,0.264558587,-0.388942061
AT1G28395,7.89675833,5.280178754,18.66544856,20.7211837,0.310189506,0.844365577,-0.264348275,0.970346925,0.423068232,0.254820324,-0.731410008
AT1G28440,4.544477818,3.22872059,5.858024142,2.478678749,-1.125898904,0.004133432,-0.403449849,0.831637639,0.775769732,1.302597439,0.747690903
AT1G28520,2.996521842,4.797896197,7.177310139,7.237832129,-0.008973196,0.996823316,0.441949807,0.880411626,0.417499284,0.662891334,0.666998671
AT1G28600,6.931347822,10.33139223,16.10176503,29.28451101,0.96695061,0.003459626,0.684955342,0.558957822,0.430471306,0.352793742,-0.287092104
AT1G29070,65.6260829,44.07666432,529.9321571,555.701755,0.122476042,0.580238479,-0.461707893,0.542953978,0.12383865,0.079317123,-0.642757399
AT1G29150,13.36461296,9.952675202,36.90309115,28.71784833,-0.200514022,0.577773766,-0.337550082,0.860339978,0.362154295,0.34656758,-0.063467783
AT1G29340,15.01053116,25.17642829,20.83548972,34.48524575,0.885095943,0.05678113,0.869884737,0.000632813,0.720430926,0.730063763,0.01916236
AT1G29390,6.452562143,9.247664654,22.86049564,15.13504426,-0.772825429,0.051523142,0.464388196,0.877055808,0.282258191,0.611010083,1.114180741
AT1G29395,5.22935668,3.375016692,39.5815032,21.77471118,-0.465119242,0.701520018,-0.257209325,0.956306155,0.132116172,0.154997082,0.230433982
AT1G29400,2.381124053,1.974799732,10.67035405,6.894414104,-0.441535913,0.548714855,-0.413971344,0.86215767,0.223153238,0.286434743,0.360171757
AT1G29470,10.5298019,7.80988559,20.6734423,16.91937354,-0.197991302,0.5694272,-0.163130095,0.936826375,0.509339555,0.461594253,-0.142002498
AT1G29660,27.03500776,29.69566752,49.40703941,32.30315045,-0.476809593,0.189188553,0.140134229,0.936826375,0.54718939,0.919280847,0.748465426
AT1G29670,37.62678657,32.96775901,115.7736853,102.1906271,-0.121829333,0.77635029,-0.114973054,0.952264185,0.325002927,0.322610399,-0.010659767
AT1G29690,14.67290605,30.99320092,32.05281814,87.99403744,1.414912781,1.60051E-22,1.246988048,5.99956E-07,0.45777273,0.35221933,-0.378157434
AT1G29700,10.44199884,9.28057184,28.46473141,26.62056872,0.034210557,0.983120328,-0.238869428,0.936826375,0.366839887,0.348624101,-0.073478203
AT1G29720,4.900304731,5.21731023,8.138407273,6.917443996,-0.038796499,0.980169948,0.058183303,0.987703677,0.602120853,0.754225149,0.324942174
AT1G29880,11.32741615,8.665906284,22.61124111,23.53570457,0.258100882,0.330361637,-0.433809712,0.64645896,0.500963927,0.368202543,-0.444207132
AT1G29900,8.490799004,6.973480133,12.19731536,9.42674862,-0.269760931,0.782154576,-0.207221943,0.907652878,0.696120315,0.739754545,0.087709978
AT1G29910,88.3235931,65.68082154,733.0796193,811.5941064,0.096206496,0.681346693,-0.380168296,0.012521495,0.120482947,0.080928165,-0.574115183
AT1G29920,151.9554584,116.2076064,1392.120359,1467.478624,0.15968101,0.624500242,-0.54034035,0.00038229,0.109153966,0.07918862,-0.462999536
AT1G29930,181.3805156,144.6630844,2517.919655,2574.020364,0.060314771,0.893246092,-0.260670598,0.011820582,0.072035863,0.05620122,-0.358113888
AT1G29950,3.571326669,4.361452063,2.67573854,9.236344237,0.851861788,0.403958688,0.515551024,0.876460377,1.334706891,0.472205447,-1.499036363
AT1G29965,2.948919815,3.67231679,12.86762373,13.55981694,0.204609937,0.880575839,0.219722425,0.97690286,0.229173613,0.270823479,0.240911877
AT1G29970,4.886070821,6.671407335,18.93708513,36.28271652,0.718088308,0.06314403,0.470712228,0.899651201,0.258015993,0.183872873,-0.488751838
AT1G30000,2.579176097,3.606359185,7.122597832,7.414217239,-0.031649428,0.989721267,0.597030555,0.75044202,0.362111712,0.486411319,0.42574196
AT1G30040,2.19858724,1.836316494,3.273563084,2.592133933,-0.473717033,0.759792742,-0.267780222,0.964026953,0.671619023,0.708418832,0.076959471
AT1G30120,25.04176628,23.15033923,51.45180337,46.09775025,0.016906491,0.982707503,-0.096267192,0.971959027,0.486703374,0.502201064,0.045222311
AT1G30130,4.171199854,1.340139862,7.502114587,9.681040634,0.213248043,0.853688287,-1.038771517,0.598051705,0.556003218,0.138429319,-2.005943699
AT1G30135,4.417155421,8.607311923,38.57024897,56.52839386,0.883148978,0.034215709,1.140847199,0.484674152,0.114522347,0.152265284,0.410957908
AT1G30200,3.489494123,1.874252016,14.31458255,6.318144605,-0.572496555,0.653823766,-0.699337429,0.797273237,0.243771979,0.296645951,0.283209788
AT1G30230,25.04146122,23.67055996,111.8871439,102.5011281,0.059110999,0.889081273,-0.21940419,0.926487051,0.223809996,0.230929751,0.045179575
AT1G30330,4.991477946,3.595959993,6.809684307,10.36140772,0.582727864,0.37881374,-0.441257955,0.749358048,0.732996967,0.347053228,-1.078650283
AT1G30360,136.2505428,98.37550052,210.4972782,143.1206144,-0.44165007,1.51798E-05,-0.423868088,0.001819676,0.647279357,0.687360803,0.086679091
AT1G30380,492.3136787,387.9564379,3596.239931,3110.130383,-0.095741637,0.580343496,-0.286626264,0.4833826,0.136896783,0.124739606,-0.134168943
AT1G30400,5.8872151,7.46522835,8.358416346,8.76727218,0.167533444,0.834119354,0.212083949,0.890513824,0.704345758,0.851488148,0.273702637
AT1G30440,6.752537215,3.243403194,9.050761634,2.82021783,-1.471953805,0.000435768,-0.873220881,0.271263207,0.74607392,1.150054141,0.624311297
AT1G30450,1.906213337,2.425073714,2.78672639,4.421665667,0.813270385,0.179083403,0.089068254,0.987703677,0.684033188,0.548452528,-0.318699572
AT1G30470,2.888892896,3.99103836,8.546889366,12.9750233,0.589590461,0.238196217,0.727376011,0.536641217,0.338005182,0.307593926,-0.136018348
AT1G30520,3.684546358,2.801094978,8.640961718,7.70850394,-0.117955363,0.947007976,-0.365430422,0.923119093,0.426404662,0.363377252,-0.230755104
AT1G30580,8.136377133,6.446270511,17.06256788,16.96297881,-0.180836835,0.702677071,-0.207434827,0.952264185,0.476855371,0.380019959,-0.327476574
AT1G30630,11.22194214,10.2479146,32.64184451,17.98424493,-0.670628449,0.170889053,-0.163938322,0.96168669,0.343790074,0.569827348,0.728996972
AT1G30640,2.521269032,2.683800613,8.894160237,9.520376173,-0.018993471,0.994562397,-0.016500195,0.997324194,0.283474658,0.28190069,-0.008032758
AT1G30690,3.702103883,6.086015854,12.18332093,15.31179087,0.373269071,0.587080953,0.704765314,0.602292551,0.303866565,0.397472504,0.38741712
AT1G30720,3.897649429,7.701858373,9.036937798,19.77765592,1.387965726,0.000137399,0.724786879,0.576518967,0.431302009,0.389422205,-0.147363289
AT1G30730,3.849340513,5.942962333,7.248111882,15.42213032,1.050677359,0.000988978,0.417180011,0.885595941,0.531081829,0.38535288,-0.462753994
AT1G30755,2.648118749,13.16835253,8.766401788,30.25995546,1.876904792,4.97061E-12,2.330824746,7.26256E-11,0.302075904,0.435174221,0.526681986
AT1G30810,3.280186862,9.438091631,4.773433525,16.26076356,1.921473313,8.42678E-14,1.482575611,0.000162385,0.687175561,0.580421183,-0.243578555
AT1G30820,8.3637573,6.944963736,19.61210229,13.51480036,-0.399809416,0.299307786,-0.228545333,0.922062997,0.426458988,0.513878382,0.269019954
AT1G30880,11.32370807,3.398612814,44.76194166,54.73659498,0.316388936,0.602191787,-0.848636871,0.696353048,0.252976248,0.062090322,-2.026561617
AT1G30910,3.405691862,3.612530408,11.93606982,11.02103543,-0.187231645,0.854469801,0.134554516,0.987437048,0.285327743,0.327785028,0.200129929
AT1G31130,9.822853993,14.3740587,30.13379617,42.58691145,0.87089241,0.005635272,0.536478394,0.565100576,0.325974661,0.33752292,0.05022565
AT1G31160,4.464538707,3.26343722,22.11954663,22.64791414,0.160793903,0.926698063,-0.121956846,0.987703677,0.201836809,0.144094383,-0.486175202
AT1G31300,4.178574871,5.409198303,9.582013855,11.47652055,0.212350353,0.862348251,0.345086967,0.936826375,0.436085246,0.471327375,0.112119295
AT1G31330,911.8455934,773.9747016,4177.855499,4417.693097,0.147389454,0.207668582,-0.191686765,0.268394009,0.218256853,0.175198839,-0.317033739
AT1G31340,5.910968827,3.804798687,22.51733256,24.76742393,0.390998286,0.685251906,0.073581752,0.989950827,0.262507507,0.153621091,-0.772982377
AT1G31420,11.27305433,8.240370109,26.02392648,23.30685074,0.15733127,0.775678126,-0.321401174,0.843870511,0.433180379,0.353559998,-0.293012839
AT1G31440,2.740847283,3.859444417,6.228620674,8.87996814,0.583752568,0.562236873,0.826360525,0.652150167,0.440040809,0.434623678,-0.017870551
AT1G31540,3.764380335,7.704445009,10.43367442,10.55394047,0.158347774,0.875603023,0.953059043,0.042374032,0.360791432,0.730006487,1.016744206
AT1G31580,334.6635935,245.976406,1434.995446,996.8109735,-0.541409888,4.57133E-13,-0.313478315,0.268394009,0.233215788,0.246763341,0.081462627
AT1G31650,1.383936306,1.442012503,1.541852103,1.130164584,-0.433006113,0.832255121,0.177680472,0.978661922,0.897580451,1.27593142,0.507437628
AT1G31730,5.098801276,5.229612396,12.13046211,11.47864711,0.025294641,0.98903406,0.069654656,0.987703677,0.420330341,0.45559484,0.116227809
AT1G31780,5.226890389,1.871687407,5.331468921,5.971304958,0.219415399,0.827010253,-1.283560362,0.184352141,0.980384668,0.313446964,-1.645126569
AT1G31800,17.18919029,16.09660991,24.24295809,16.65762723,-0.47615232,0.273119298,-0.091853708,0.971959027,0.709038486,0.966320694,0.446638121
AT1G31810,1.636733803,1.809881821,2.998485863,3.322490927,0.355422444,0.69866452,0.270094187,0.939792056,0.545853433,0.544736422,-0.002955293
AT1G31812,48.52047126,35.50047085,371.4792162,410.7173868,0.21946037,0.127479398,0.068594613,0.987121396,0.130614229,0.086435276,-0.595619929
AT1G31817,3.063180886,1.573012541,6.939057765,6.756675747,0.108644875,0.96321555,-0.706606128,0.8349396,0.441440465,0.232808647,-0.923074236
AT1G31870,1.262143672,1.369972929,4.844806091,2.309793368,-0.715097615,0.417283592,0.050114468,0.993885949,0.260514796,0.593114929,1.18694637
AT1G31910,4.551224977,6.262184184,17.79627899,17.25234976,-0.17110672,0.809140146,0.205222266,0.957926244,0.255740258,0.362975726,0.505193789
AT1G31930,1.990056159,2.538740098,4.147760963,8.815853684,1.177896075,0.057998792,0.670569343,0.69286726,0.479790464,0.287974391,-0.736463962
AT1G31970,6.926941031,6.506946326,12.48893005,11.76277496,0.139424121,0.904113451,-0.0680746,0.987703677,0.554646475,0.55318123,-0.003816302
AT1G32050,8.541314097,5.283229344,44.334877,32.08730629,-0.48681934,0.480715493,-0.156236048,0.970346925,0.192654512,0.164651694,-0.226598618
AT1G32060,253.9891828,219.1869038,903.6591792,830.1930015,-0.026690934,0.881080612,-0.122540262,0.769061537,0.281067452,0.264019214,-0.09027347
AT1G32070,6.552022627,10.43250939,20.08980168,9.124844718,-1.054824427,0.015165714,0.574190796,0.771567415,0.32613675,1.143308157,1.809665384
AT1G32080,61.10226868,51.30193799,144.6191781,121.4052069,-0.162551051,0.338331372,-0.212095425,0.708015674,0.422504605,0.422567856,0.000215964
AT1G32130,6.353128183,6.223329457,10.89759279,15.67316154,0.619806823,0.478449164,0.121880662,0.97690286,0.582984546,0.397069184,-0.554067242
AT1G32160,8.483627049,6.310446728,21.82196636,18.21028529,-0.187805118,0.750130737,-0.394025514,0.876460377,0.388765472,0.346532008,-0.165911477
AT1G32200,15.247815,9.95387034,39.90618575,43.29382616,0.176070008,0.839877405,-0.536565416,0.648739801,0.382091516,0.229914314,-0.732821935
AT1G32220,15.06982937,17.28462424,49.64872206,45.04835035,-0.075786191,0.965327504,0.158622779,0.953728363,0.303529048,0.383690504,0.338108467
AT1G32230,15.0396382,15.68112531,31.09620392,32.63216123,0.104133902,0.801307092,0.024419325,0.992630871,0.483648687,0.480542039,-0.009296835
AT1G32400,12.57442175,7.937340332,35.39647837,30.76523738,-0.350553835,0.255435418,-0.253611212,0.937980091,0.355244994,0.257997045,-0.461459779
AT1G32440,6.203537398,7.426547276,18.01165899,10.63141799,-0.871377543,0.027582259,0.071469604,0.987703677,0.34441788,0.6985472,1.020197563
AT1G32460,46.51531417,44.75136244,382.1054951,376.1430455,0.101050565,0.801851585,0.100167448,0.977375972,0.121734219,0.118974318,-0.033084577
AT1G32470,75.63023418,53.14651824,440.1391799,396.2496086,-0.050772946,0.825947775,-0.29371952,0.735155717,0.171832542,0.134123838,-0.357437614
AT1G32500,14.18036534,9.603817728,28.89725312,31.85059669,0.200055071,0.582009918,-0.502380271,0.627576418,0.490716722,0.30152709,-0.702602814
AT1G32550,5.88213384,5.616848222,29.99239138,31.90722832,0.190840723,0.838201512,-0.26836183,0.953728363,0.196120868,0.176036858,-0.155865527
AT1G32580,3.662232013,3.690783753,12.22609931,9.357777552,-0.075417123,0.97771884,0.022422637,0.996883172,0.299542145,0.394408152,0.39693037
AT1G32640,30.33875939,32.09798806,46.26346303,43.88875766,0.046707964,0.94916446,0.110276783,0.948709768,0.655782283,0.73134875,0.157342607
AT1G32700,9.2898246,9.111031237,30.71184292,23.1786173,-0.471746468,0.205242973,0.422682378,0.889232878,0.302483463,0.393079152,0.377963578
AT1G32750,2.330636883,1.66086566,2.820704383,2.3260888,-0.536645381,0.234210696,-0.457474547,0.789278583,0.826260595,0.714016447,-0.21063956
AT1G32790,8.277107345,4.726529542,31.12123998,28.65577167,0.111615449,0.913472401,-0.416284757,0.86876,0.265963289,0.164941625,-0.689271599
AT1G32900,12.54830539,10.51941186,21.96680572,14.43420793,-0.563019915,0.130305224,-0.252967428,0.901612329,0.571239421,0.728783451,0.351394655
AT1G32920,45.59219134,128.7434779,226.2810518,1057.435486,2.179290816,2.08122E-87,2.205173322,3.18908E-20,0.201484795,0.121750669,-0.726741269
AT1G32928,43.68402299,71.65720342,90.00936553,254.173534,1.776549459,3.42347E-12,1.150121183,0.011524971,0.485327529,0.281922363,-0.783660773
AT1G32990,30.75519423,25.15970446,143.8927352,127.2255909,-0.066361159,0.870318539,-0.107020417,0.969732935,0.213736949,0.197756633,-0.112110247
AT1G33040,9.008617583,7.014882613,23.66531521,26.17913119,0.097749695,0.95445,-0.210125177,0.964985376,0.380667551,0.267957044,-0.506529853
AT1G33050,3.405981488,3.637449383,10.13805432,8.028066296,-0.04471998,0.971224214,0.124063799,0.979577318,0.335960075,0.453091597,0.431512942
AT1G33110,2.409190032,1.81394794,8.233141804,6.305560508,0.010904022,0.995296217,-0.356264337,0.922062997,0.292620981,0.287674337,-0.024596688
AT1G33240,7.176493628,6.976506295,10.8795495,9.765400059,0.064313582,0.971220712,-0.014805309,0.996883172,0.659631507,0.7144107,0.115093379
AT1G33250,4.93583196,4.080754536,9.309494724,10.98501896,0.233907098,0.83899735,-0.211213951,0.960469537,0.530193325,0.371483613,-0.513219934
AT1G33330,3.806505486,3.903834974,12.37720934,11.70697368,-0.257979232,0.876616658,0.030989023,0.996883172,0.307541497,0.333462352,0.116742802
AT1G33410,1.963706704,2.237718347,2.169169026,2.525264133,0.172613674,0.897215974,0.170200117,0.968936277,0.905280631,0.886132392,-0.030842827
AT1G33490,2.196027591,2.006651356,6.87410873,7.403977327,-0.527246769,0.691484147,-0.131397972,0.987703677,0.31946361,0.271023433,-0.237234008
AT1G33560,1.364316657,1.561687772,2.140334202,3.587918033,0.646821649,0.579294826,0.279502478,0.95807376,0.637431601,0.435262946,-0.550383336
AT1G33590,76.29124082,156.0718369,170.23199,429.9441317,1.37871033,7.28329E-35,1.140830636,1.25641E-16,0.448160424,0.363004924,-0.304026135
AT1G33600,24.02029879,67.23642669,51.61789619,156.9610855,1.695436281,8.12023E-45,1.594466388,7.63443E-21,0.465348272,0.42836367,-0.11947472
AT1G33610,18.91128713,27.01269393,43.23513338,56.91479733,0.446724006,0.035177695,0.499746067,0.305689253,0.437405546,0.47461636,0.117790317
AT1G33680,5.636169513,3.997644934,9.755314796,14.978023,0.422686901,0.21501068,-0.300665131,0.908589705,0.57775373,0.266900707,-1.114151541
AT1G33760,3.723056663,15.06568397,14.43482026,24.77062298,0.888991658,0.054457043,1.590346427,0.072742539,0.257921927,0.608207714,1.237629684
AT1G33780,1.865713254,1.614212551,10.53214964,7.248733254,-0.27829736,0.806782691,0.173773609,0.979422389,0.177144583,0.222688916,0.330102404
AT1G33810,17.00586417,8.171283921,57.09172434,46.65446467,-0.075388551,0.963413635,-0.741874307,0.687525564,0.297869163,0.175144736,-0.766131146
AT1G33811,7.50078998,7.753836746,15.97045849,9.161968855,-0.755984731,0.409932295,-0.033427327,0.993885949,0.46966654,0.846306822,0.84954398
AT1G33990,6.214130056,9.741996148,15.16232963,22.76730593,0.544287246,0.168365935,0.615845377,0.723602007,0.409840058,0.427894112,0.062192825
AT1G34000,56.50919659,44.33567102,236.5466897,203.6048946,-0.177108701,0.304426189,-0.27615956,0.820950493,0.238892358,0.217753464,-0.13366504
AT1G34030,18.64332988,13.50019053,44.61466644,42.49938007,-0.140785193,0.840512712,-0.567132061,0.745962164,0.417874465,0.317656175,-0.395603537
AT1G34190,7.395211194,4.690682597,15.83996289,17.9262969,0.353305558,0.372803303,-0.454074704,0.812173201,0.466870487,0.261664895,-0.835302008
AT1G34200,1.638413695,4.385396214,4.441967014,6.054192185,0.273383592,0.838201512,1.370910169,0.160977645,0.368848686,0.724356955,0.973671721
AT1G34220,4.857065477,4.156933886,8.820839825,6.284162497,-0.574303695,0.431000387,-0.223990905,0.952358219,0.550635265,0.661493697,0.264630401
AT1G34260,8.834340343,26.14607661,10.52419012,37.08848765,1.878309128,5.85886E-68,1.597108352,8.72035E-14,0.839431846,0.704964755,-0.251862065
AT1G34300,1.687190209,2.626768017,6.00057665,13.49108058,1.138105099,0.004641021,0.568652395,0.814287302,0.281171345,0.194704049,-0.530166686
AT1G34320,3.278559825,2.205081939,7.055240349,5.98530425,0.214352551,0.826775841,-0.285000677,0.938422258,0.464698531,0.368416015,-0.334959308
AT1G34370,7.7100451,9.525254734,10.64256964,22.00881083,1.030944317,0.001864139,0.196247047,0.95807376,0.724453338,0.432792794,-0.74321629
AT1G34430,10.64017886,7.503658777,28.59069167,23.7942259,0.008003663,0.993614173,-0.322982025,0.877055808,0.37215535,0.315356289,-0.238922271
AT1G34550,1.964167234,1.257764706,6.743508523,4.268850026,-0.571181996,0.284596163,-0.438960092,0.907652878,0.291267851,0.29463783,0.016596204
AT1G34750,10.10622603,15.66358546,25.68517255,39.67775251,0.662410414,0.129684146,0.630827526,0.598051705,0.393465374,0.394769977,0.004775594
AT1G34780,1.139277491,2.069152846,7.06933877,9.524501193,0.359495309,0.826128346,0.861295253,0.749215808,0.161157575,0.217245271,0.430852776
AT1G35140,36.75131095,86.19698043,84.6809184,345.2971566,2.103322542,1.7877E-151,1.732754141,4.17837E-29,0.433997548,0.249631307,-0.797888015
AT1G35160,6.548009056,4.1158134,27.31094647,19.09657891,-0.08868393,0.928779987,-0.530243502,0.762678503,0.239757676,0.215526216,-0.153713636
AT1G35230,5.340124991,4.846014807,41.68177387,72.61118531,1.0084669,0.000455334,0.100080962,0.989950827,0.128116548,0.066739233,-0.940849824
AT1G35340,5.081324723,6.303379087,14.81031417,15.07458268,0.107946972,0.956311975,0.23617796,0.967874922,0.343093649,0.418146175,0.285404948
AT1G35350,8.541202919,16.10089177,18.1932966,25.99017796,0.898293429,9.99227E-09,0.960948552,0.007472276,0.469469778,0.619499097,0.400069891
AT1G35420,8.774593177,6.685074642,18.46768135,10.06867829,-0.753333344,0.214181859,-0.279697441,0.952264185,0.475132368,0.663947586,0.482739862
AT1G35430,2.341925972,5.239199765,10.19348939,4.936499409,-0.170831026,0.959145928,1.210606617,0.470526882,0.229747232,1.061318828,2.207738732
AT1G35580,14.23729659,17.32700374,61.79717435,51.04988372,-0.188263359,0.706202781,0.185744467,0.936826375,0.230387501,0.339413187,0.558980167
AT1G35620,2.485658952,2.6335532,10.47157437,10.57614838,0.091471947,0.951490821,0.552532879,0.859996219,0.237372038,0.249008723,0.069046281
AT1G35670,7.8416198,6.748627848,16.427917,26.27546509,0.63501643,0.064155846,-0.08353687,0.987703677,0.477335002,0.256841423,-0.894124233
AT1G35680,59.15187315,63.78340894,287.7347394,233.3150064,-0.206742776,0.237210949,0.214188029,0.86876,0.205577795,0.273378939,0.411217663
AT1G35710,4.639161464,6.023282387,13.41075975,18.32149428,0.470920756,0.007134261,0.504282207,0.528612404,0.345928311,0.328754975,-0.073460363
AT1G35720,10.6350243,9.4250027,21.69387818,27.09209205,0.513195601,0.201969546,-0.133235495,0.977375972,0.490231586,0.347887593,-0.494842211
AT1G36160,6.370019669,6.479351158,8.561235327,10.77100267,0.547754104,0.000677428,-0.024246371,0.989950827,0.744053799,0.60155506,-0.306710147
AT1G36320,5.699727268,7.744138878,24.22628904,23.5812009,0.007883833,0.996322194,0.200364348,0.957926244,0.23527034,0.328403075,0.481148177
AT1G36370,2.153972689,1.313801939,4.532884755,6.326735587,0.509980349,0.611875111,-0.49184563,0.899651201,0.475188055,0.20765874,-1.194283979
AT1G36730,9.147124767,9.104021236,27.73866417,23.92736564,-0.129888567,0.897734307,0.308045444,0.876460377,0.329760825,0.380485732,0.206422338
AT1G36980,14.22873219,4.69950806,42.85325525,40.49096617,-0.109091709,0.920573627,-1.176679733,0.302140076,0.33203387,0.116063125,-1.516420738
AT1G36990,1.993643724,1.181598006,2.933594371,3.473385308,0.124507185,0.939333158,-0.308277035,0.953728363,0.679590793,0.340186274,-0.998341375
AT1G37130,102.7229512,122.8848613,237.9113689,365.0040987,0.712109147,1.92975E-39,0.336990562,0.028396743,0.43176983,0.336667072,-0.358939812
AT1G41830,11.59503906,11.01359822,20.10662064,20.9767352,-0.018056742,0.993625042,-0.151498462,0.957926244,0.576677666,0.525038721,-0.135341325
AT1G42470,4.168887423,4.592992407,7.210292562,10.03528757,0.512892603,0.060890029,0.141286452,0.970346925,0.578185613,0.457684184,-0.337180271
AT1G42550,13.38650599,9.13587115,19.84492165,20.00454019,0.148563898,0.802849547,-0.441839099,0.538203091,0.674555749,0.456689885,-0.562722845
AT1G42960,41.79387835,34.78368752,94.85655921,87.98665439,-0.264292285,0.450658106,0.108600853,0.970346925,0.440600826,0.39532913,-0.156417936
AT1G42970,331.399745,247.2153138,1076.494926,961.0870226,-0.093832151,0.474329695,-0.34536936,0.003334616,0.307850726,0.257224692,-0.259201831
AT1G42990,18.75046729,63.59106702,53.98612941,260.5692269,2.229666457,1.7722E-113,1.807936541,1.08023E-14,0.347320089,0.244046727,-0.509108456
AT1G43170,75.13336823,57.10362375,169.7758532,161.8911546,-0.01296146,0.983034817,-0.16559585,0.836101519,0.442544489,0.352728498,-0.327264358
AT1G43190,6.383944804,4.555011761,10.90359737,13.90410645,0.576913864,0.191195538,0.273579285,0.922491402,0.585489778,0.327601905,-0.837700236
AT1G43560,21.86944693,19.66996488,97.67492688,69.60977779,-0.434717959,0.125318294,-0.105386078,0.978661922,0.223900315,0.28257474,0.335775947
AT1G43670,34.67739694,35.04442956,89.82840449,76.33113253,-0.058469783,0.901859254,0.154800791,0.930283453,0.386040442,0.459110567,0.250089646
AT1G43690,4.745117191,3.056841623,6.145692158,6.673972378,0.124361546,0.909025628,-0.414988832,0.878842945,0.772104601,0.458024315,-0.753372123
AT1G43700,2.866826229,2.565220091,15.79540781,6.704870519,-0.93341339,0.170876213,-0.088633916,0.989950827,0.181497449,0.382590549,1.075851961
AT1G43710,5.032243048,3.74720146,8.408988912,13.38654923,0.556926649,0.532420847,-0.089319054,0.987703677,0.598436162,0.279922884,-1.096167924
AT1G43850,3.786182884,2.854180354,4.764480981,6.42015774,0.24163324,0.805395438,-0.177692554,0.964026953,0.794668485,0.444565456,-0.83795728
AT1G43890,5.905679853,4.449470897,18.99090089,24.75788128,0.443555002,0.371950919,-0.336634047,0.936826375,0.310974181,0.179719373,-0.791048872
AT1G43900,3.024556354,1.140063961,9.500204519,5.9691393,-0.545058616,0.611208144,-0.947290025,0.670988246,0.318367499,0.190993023,-0.737173125
AT1G44000,10.63447944,11.49219986,68.05134832,48.83554821,-0.429031519,0.065310733,0.208296224,0.959607157,0.156271399,0.235324477,0.590597628
AT1G44100,8.997778024,12.37863588,20.3781599,34.29419633,0.668919545,0.075861929,0.487534356,0.521481325,0.44154026,0.360954249,-0.290729004
AT1G44350,13.48275701,16.12389071,40.60434133,47.19613456,0.300235118,0.423601271,0.340576398,0.853331369,0.332052105,0.341635832,0.041049654
AT1G44446,38.18434906,21.74361279,103.1800035,50.68867378,-0.953015358,7.84609E-10,-0.681623865,0.009595084,0.37007509,0.428963932,0.213038318
AT1G44575,267.3396812,239.2593282,920.1932351,931.9164084,0.069746557,0.720639252,-0.148935184,0.804946008,0.290525589,0.256739044,-0.178362522
AT1G44770,4.091822257,5.983272647,17.17175362,14.58755948,-0.309439914,0.746632599,0.21431708,0.968916847,0.238287967,0.410162691,0.783490167
AT1G44790,3.400886088,4.991974941,12.32621555,9.436861995,0.264819769,0.879778127,0.735877527,0.781471705,0.275906751,0.528986748,0.939050823
AT1G44800,2.654041759,3.03149848,4.502379823,4.50241524,0.335971161,0.836053725,0.140035336,0.986150942,0.589475314,0.673304953,0.19182868
AT1G44920,5.338093235,5.489048337,30.02120271,23.9373111,-0.026488239,0.985008867,0.192913095,0.971959027,0.177810772,0.229309312,0.366952213
AT1G45000,5.435901716,8.046966738,19.09093782,5.870768557,-1.292081991,0.00328835,0.214453407,0.94482302,0.284737281,1.370683695,2.267192385
AT1G45145,13.53959417,22.9647126,94.05091518,197.9479362,1.22013535,7.34818E-15,1.463565859,0.00326142,0.14396026,0.116013903,-0.311372907
AT1G45180,1.615527974,2.434957349,3.11990591,3.715302016,0.235800562,0.915185625,0.474734394,0.890513824,0.517813043,0.655386114,0.339913799
AT1G45201,5.795484952,7.399945434,18.68605535,17.69903671,-0.053094812,0.960313888,0.419436462,0.836852615,0.310150261,0.418098767,0.430876449
AT1G45230,2.23528228,2.521992101,18.88418151,21.0172378,-0.050489063,0.975009112,0.106319916,0.988909536,0.118367973,0.119996363,0.019711905
AT1G45474,23.78183709,21.14620096,109.8548251,124.3692147,0.309097962,0.094068809,-0.132197692,0.969732935,0.216484229,0.170027615,-0.348492846
AT1G45688,11.02192105,9.995844462,27.19487528,17.67177588,-0.60484446,0.074683321,0.242161778,0.922062997,0.405294047,0.565638934,0.480912442
AT1G47128,49.43843915,37.26670046,104.243394,105.5562826,0.107947101,0.706202781,-0.548164251,0.111022955,0.474259684,0.35305052,-0.425802593
AT1G47250,2.151721959,1.952499699,8.471653768,3.573471067,-1.066352989,0.206805389,0.474342104,0.916442123,0.253990781,0.546387437,1.105148179
AT1G47260,7.347453333,11.63694757,35.74668939,38.33594179,0.227480282,0.653542394,0.652973845,0.563212999,0.205542204,0.30355189,0.562508499
AT1G47380,3.177860933,4.204779189,9.367955585,15.9321274,0.623040381,0.029271523,0.220624431,0.964026953,0.339226729,0.26391825,-0.362158732
AT1G47420,7.31194651,8.716849039,37.79111504,16.7964647,-0.943397817,0.018453261,0.335011136,0.916442123,0.193483217,0.518969271,1.423440687
AT1G47530,6.060691295,9.282397433,21.35146449,22.86800283,0.125465412,0.876007316,0.529833758,0.711620147,0.283853658,0.405912029,0.516019762
AT1G47580,1.453383885,2.212535842,4.460296577,10.85909713,1.168444163,0.262745068,-0.371586374,0.943661442,0.325849158,0.203749521,-0.677407598
AT1G47710,2.673250952,1.6464985,3.845310264,5.090092274,0.08737153,0.981376755,-0.308267716,0.957770699,0.695197726,0.323471248,-1.103785881
AT1G48030,35.20757886,23.91509931,74.05455035,55.51389195,-0.486056636,0.079458339,-0.417488061,0.486940407,0.475427623,0.43079486,-0.142224693
AT1G48090,4.254206968,4.347723949,3.291843455,3.586135806,0.265015071,0.626092726,0.076281743,0.970346925,1.292347898,1.212370134,-0.092164275
AT1G48110,3.329116884,3.299254017,9.434846175,6.314340067,-0.653238699,0.397940152,0.110050304,0.986150942,0.352853329,0.522501795,0.56636737
AT1G48300,9.360121934,10.62692297,34.6064414,19.472576,-0.589143583,0.492701112,0.150157421,0.97447605,0.270473402,0.545737912,1.012721543
AT1G48350,55.10262704,44.55796675,287.0192842,229.2192634,-0.232531642,0.102817019,-0.258518754,0.864345409,0.191982316,0.194390149,0.01798168
AT1G48410,9.439272598,8.296033489,14.31019883,11.48429792,-0.222552761,0.703644183,-0.174829688,0.929403571,0.65961855,0.722380554,0.131127086
AT1G48420,5.530744895,5.179136693,15.62339556,9.9714509,-0.561899355,0.376741023,0.133703292,0.979544858,0.354004024,0.5193965,0.553070532
AT1G48440,15.08315121,5.186536685,61.7806129,54.10708557,-0.037071305,0.983105828,-0.579478523,0.786434957,0.244140524,0.095856885,-1.348757818
AT1G48450,12.7950235,7.491434916,41.35447101,31.39342887,-0.288970627,0.574307439,-0.499727915,0.747006029,0.309398795,0.238630668,-0.37468811
AT1G48490,1.638327119,1.590130432,3.374343092,2.045993995,-0.167491071,0.874111818,-0.00201885,0.999363834,0.48552476,0.777192131,0.678726425
AT1G48520,6.265758597,5.437989302,12.76075159,12.37035431,0.044242833,0.970570188,-0.038594796,0.992589008,0.49101799,0.439598508,-0.159589393
AT1G48600,8.286841862,7.541967651,25.95967665,20.86386564,-0.257877957,0.551440004,-0.18634097,0.95584419,0.319219764,0.361484673,0.179384501
AT1G48620,1.978557021,2.264174329,6.317686836,11.14892576,0.778018509,0.142658776,-0.013066295,0.997778221,0.313177445,0.203084528,-0.624899979
AT1G48630,7.982404888,3.688419053,26.00537492,22.65667214,-0.109905956,0.920287067,-0.736974423,0.591485252,0.306952117,0.162796152,-0.914947017
AT1G48650,6.776485115,4.471053672,10.77628877,9.178871462,-0.191475949,0.738365496,-0.507836794,0.54072427,0.628832918,0.487102765,-0.368450568
AT1G48790,4.207817252,3.733320128,8.858240934,8.727521854,0.114647494,0.917484094,-0.055557472,0.991579971,0.47501725,0.427764054,-0.151164652
AT1G48830,6.163925513,6.505849513,57.59888208,38.24432728,-0.450594515,0.691968768,-0.009059779,0.997851096,0.107014673,0.170112798,0.668683064
AT1G48850,6.704255731,5.982405838,25.31881994,15.48720845,-0.431725603,0.237264208,0.000362815,0.999997657,0.264793373,0.386280449,0.544781644
AT1G48860,1.692448394,3.073280249,6.776530377,7.086316443,0.070476565,0.962879356,0.910677595,0.583853338,0.249751466,0.433692211,0.79617839
AT1G48900,3.560670653,3.042419486,5.903391761,2.462043077,-0.354927277,0.718750127,0.116181571,0.98470705,0.603156761,1.235729592,1.034758166
AT1G48920,10.49042756,9.104468729,38.91630015,32.37648043,-0.207700376,0.582220994,-0.322881819,0.86329877,0.269563846,0.281206252,0.061001656
AT1G48970,1.411767211,2.476749357,3.742009496,2.955691091,-0.344081998,0.866039986,0.623783217,0.843257351,0.377275155,0.837959476,1.151263381
AT1G49040,2.828315759,2.652625823,5.35590137,5.797102283,0.266646407,0.822774047,-0.180174709,0.963685245,0.528074653,0.457577889,-0.206724557
AT1G49050,7.596629462,5.621329275,10.15727409,16.38362805,0.730287234,0.084465564,-0.330425232,0.908309853,0.74790041,0.3431065,-1.124189718
AT1G49240,18.4273738,10.90353694,54.26058084,61.56093842,0.033872574,0.949794858,-0.180961025,0.928152578,0.339608856,0.177117783,-0.939165013
AT1G49340,5.509745857,4.192585714,5.492812135,3.610384321,-0.484854,0.159259289,-0.239587857,0.890513824,1.003082888,1.161257456,0.211247035
AT1G49380,8.289124035,8.022339451,18.27300772,16.55298591,0.034062348,0.973094391,-0.036978194,0.993235243,0.453626691,0.484646063,0.095426001
AT1G49430,1.771526063,2.467770191,3.810918209,3.992288024,-0.042968327,0.988083363,0.331525166,0.943661442,0.464855441,0.618134307,0.411138198
AT1G49480,2.483647732,3.525136413,7.997492297,12.43717064,0.356962829,0.749038961,0.569464516,0.891574481,0.310553313,0.283435559,-0.131820194
AT1G49500,22.24115411,18.8705179,216.2992103,213.8103392,0.042571087,0.972678506,0.166049134,0.972594087,0.102825868,0.08825821,-0.220400855
AT1G49600,4.663217733,7.656840651,13.79610777,10.83654044,-0.272541711,0.851335333,0.738592315,0.646734218,0.338009663,0.706576116,1.063780494
AT1G49630,2.704857734,1.518574308,3.130138522,1.414217822,-1.086438164,0.057092307,-0.893731453,0.434162552,0.864133557,1.073790957,0.313386948
AT1G49670,1.95682981,2.491466633,5.612148572,6.101930581,0.068752442,0.967018989,0.172807393,0.977375972,0.348677478,0.408307928,0.227764401
AT1G49730,3.227510386,2.817544879,5.684907568,7.648323694,0.45403262,0.600531957,-0.118373469,0.984477763,0.567733133,0.368387243,-0.623989838
AT1G49750,48.37132749,42.39326901,78.53646035,47.1851389,-0.624260674,0.001813411,-0.209666885,0.777333771,0.615909188,0.898445358,0.544713115
AT1G49760,10.83722109,7.360928103,19.88279377,22.25979231,0.026274448,0.994436306,-0.536254989,0.561379102,0.545055248,0.330682695,-0.720954924
AT1G49950,4.742148295,5.039852134,11.65828279,23.47258117,1.026062307,0.006363252,0.009357945,0.997851096,0.40676216,0.21471231,-0.921780567
AT1G49970,30.56556588,27.2037205,87.74828123,79.64816329,-0.073233631,0.843585178,-0.039161755,0.989184187,0.34833236,0.341548623,-0.028373529
AT1G49975,6.847080711,18.67429492,36.35102258,32.46076008,-0.19394483,0.862482733,1.128130887,0.42554164,0.188360058,0.575288283,1.610792017
AT1G50020,12.01298765,15.14820144,67.11863702,65.45454784,0.009025532,0.991366964,0.509305529,0.788560594,0.178981401,0.231430847,0.370771499
AT1G50030,4.48961567,4.358295728,5.164492081,3.603432338,-0.343983601,0.511304724,-0.038262378,0.989720825,0.869323759,1.209484547,0.476426856
AT1G50140,2.294224385,1.941158097,3.787905439,5.168159413,0.642012183,0.241054641,-0.17313316,0.974939828,0.605670976,0.375599501,-0.689339133
AT1G50200,11.89455801,12.72137499,26.07268431,19.51603837,-0.264985449,0.262752459,0.117896331,0.953728363,0.456207649,0.651842077,0.514831847
AT1G50250,45.86649109,34.87259021,81.59734381,67.30090089,-0.240470443,0.399282969,-0.274594177,0.565100576,0.562107649,0.518159337,-0.117450642
AT1G50320,24.76079263,32.62108199,149.4952761,177.2610978,0.329610977,0.1690642,0.402601503,0.782207289,0.165629265,0.184028433,0.15197108
AT1G50370,2.717864403,2.855397866,7.425706937,4.317913086,-0.369452971,0.590259959,-0.107723805,0.987703677,0.366007496,0.661291186,0.853412476
AT1G50380,1.578639711,2.47915396,3.798067372,2.649328203,-0.283121067,0.804390791,0.564629694,0.864081627,0.415642893,0.935767021,1.170804841
AT1G50430,11.34004156,7.975460857,26.26013521,28.23560821,0.408680719,0.084537907,-0.320693654,0.897843151,0.43183485,0.282461097,-0.6124275
AT1G50450,7.668636077,4.952896503,19.70090801,16.79404595,-0.175265044,0.807493778,-0.68454818,0.583854619,0.389252925,0.29491979,-0.400385247
AT1G50460,3.144769536,2.529263215,10.32299066,4.376121269,-1.050475883,0.110614356,-0.225378658,0.96219347,0.304637448,0.577969178,0.92389926
AT1G50480,6.582288769,9.182067698,15.22688058,13.01396528,-0.076706862,0.92932035,0.355355488,0.87240301,0.432280843,0.705554956,0.706789557
AT1G50500,2.132781735,1.706602527,3.104199597,2.070213799,0.171659345,0.933863843,-0.453365313,0.899095914,0.687063337,0.824360521,0.262832315
AT1G50570,5.175015348,4.098722346,9.856539047,5.508332087,-0.799074045,0.171532027,-0.275666451,0.950627084,0.525033719,0.744094997,0.50307674
AT1G50600,7.204029818,8.15424762,20.81638952,16.93027359,-0.096648556,0.931860502,0.265312559,0.921680988,0.346074895,0.481637085,0.476862192
AT1G50640,11.66606568,11.09678897,44.70666841,73.93702643,0.827460934,5.237E-06,-0.12487176,0.977286935,0.260946881,0.150084329,-0.797982816
AT1G50660,4.36887721,3.612024246,8.352808508,2.907080698,-1.364445324,0.000131898,-0.265691169,0.936826375,0.523042903,1.242491909,1.248235262
AT1G50670,3.483147346,2.36512959,8.998525037,3.108039416,-0.885053053,0.438614711,-0.341878593,0.952264185,0.387079808,0.760971556,0.975211476
AT1G50732,2.922487418,3.598652784,35.45556392,34.97399428,-0.161520507,0.915784563,0.162716408,0.986063809,0.082426765,0.102895104,0.319989568
AT1G50740,14.73716077,45.88153782,103.7522832,347.8062955,1.92412753,1.78913E-51,1.461369684,0.000598683,0.142041797,0.131916927,-0.106685819
AT1G50840,2.603307717,2.314825232,4.96316679,6.568502331,0.344121709,0.691460793,-0.081010718,0.987703677,0.524525535,0.352412942,-0.573746101
AT1G50900,33.15499055,32.0843827,124.0730862,132.1701448,-0.010901812,0.993614173,0.00662793,0.997778221,0.267221454,0.242750606,-0.138560948
AT1G50920,7.529158937,6.897373832,21.80218491,12.26540019,-0.799207282,0.000501544,0.034759366,0.993235243,0.345339651,0.56234397,0.703436864
AT1G51060,1.737246239,3.683461594,22.76748128,31.00052168,0.083699269,0.976400303,0.351100817,0.957161107,0.07630384,0.118819342,0.638942147
AT1G51090,2.828698403,1.200925491,26.79507413,24.55652057,-0.17664413,0.959732365,-0.818808283,0.789698208,0.105567851,0.048904546,-1.11013007
AT1G51110,7.387613962,9.638319923,26.93349988,27.33923014,0.238078442,0.559876274,0.376244812,0.922018668,0.274290901,0.352545404,0.362102304
AT1G51160,4.141526901,2.158063422,12.55776353,9.188294185,-0.226335314,0.931427439,-0.162754807,0.982163253,0.329798128,0.234870954,-0.489714899
AT1G51200,27.60521489,22.41083523,106.8045746,86.44054467,-0.323362876,0.284596163,-0.310592888,0.836738137,0.258464724,0.259263003,0.00444896
AT1G51350,2.711445077,1.204005863,3.222038328,3.363937902,-0.03281387,0.989721267,-0.52639453,0.860032564,0.841530982,0.357915603,-1.233396948
AT1G51400,175.7730322,111.7700576,983.5058539,847.9808885,-0.110960946,0.484484995,-0.639261458,0.121730697,0.178720881,0.131807284,-0.439278102
AT1G51500,12.03831991,10.38881598,21.32636549,11.48116487,-0.797184227,0.039616242,-0.233430187,0.901612329,0.564480615,0.904857311,0.680766271
AT1G51510,4.019454717,2.009764287,14.50353784,6.290811615,-0.985173546,0.330981979,-0.973813509,0.61114037,0.277136155,0.319476152,0.205113304
AT1G51560,2.787243418,1.580492446,3.341940891,8.338186978,1.007578928,0.272539023,-0.506671331,0.908309853,0.834019364,0.189548693,-2.13751237
AT1G51570,9.49952557,3.713415443,13.44387533,11.35206252,-0.240224921,0.842499407,-1.10082111,0.043690751,0.706606193,0.327113724,-1.111114106
AT1G51650,16.55860512,13.96514,125.4854522,105.9835918,-0.261166011,0.793879933,0.17099448,0.969931478,0.131956373,0.131767001,-0.002071917
AT1G51660,2.631821629,20.76920548,16.15837673,65.87973999,2.02461499,1.32069E-38,2.814333338,6.09294E-10,0.16287661,0.315259372,0.952759819
AT1G51680,15.13014219,14.51981708,25.92210536,47.90264361,0.900954215,4.48182E-07,-0.027804818,0.993230672,0.583677212,0.303110976,-0.945324648
AT1G51690,3.201720479,3.032203481,9.850512797,14.36372462,0.313165806,0.637724966,0.394526154,0.906973926,0.325030843,0.211101477,-0.622639954
AT1G51700,3.727143989,12.84264821,18.93962662,74.84705144,1.991411087,2.62974E-14,1.586535355,0.011524971,0.196790785,0.171585226,-0.197737331
AT1G51720,1.855791759,1.845674136,5.532840684,7.843716442,0.227819854,0.895334586,-0.551699759,0.846328658,0.335413916,0.235306076,-0.511403972
AT1G51730,1.573895426,1.585328261,9.654127436,15.49957175,0.343111245,0.7107176,0.110430593,0.987703677,0.163028242,0.102282069,-0.672568668
AT1G51760,6.952171527,12.98808695,24.40063833,24.32469807,0.084631482,0.928748446,0.636550213,0.464804964,0.284917609,0.533946481,0.906150357
AT1G51790,2.332490565,6.510498424,7.104196347,17.62378511,1.323747827,7.56246E-06,1.390504229,0.007631031,0.328325746,0.369415445,0.170116303
AT1G51800,4.005111527,13.27533334,14.34965585,38.67391897,1.511251108,4.98116E-33,1.718749358,1.8811E-06,0.279108542,0.343263204,0.298488937
AT1G51805,28.73298471,31.98526254,55.37506011,51.4352984,0.001039147,0.998866977,0.157682364,0.813609979,0.518879522,0.621854321,0.261177046
AT1G51820,7.081934896,12.20971808,14.39693279,32.15360701,1.327631112,8.30006E-26,0.833625016,0.010619278,0.491905811,0.379730899,-0.373404702
AT1G51950,2.596521218,4.482884354,10.73542825,4.933198688,-0.245386313,0.857206999,1.103539288,0.2851419,0.241864708,0.908717576,1.909631712
AT1G51980,19.2809886,15.02965798,39.17855239,34.13686821,-0.090752932,0.854669943,-0.332904397,0.75044202,0.492131215,0.440276416,-0.160633462
AT1G52190,8.503421387,15.68539036,15.35714985,19.17942064,0.48342112,0.119109062,0.82935478,0.056709065,0.553710908,0.817823992,0.562657445
AT1G52200,6.159339493,11.13116324,35.92401911,86.59644852,1.214555099,0.000632557,0.636116464,0.755468529,0.171454632,0.128540644,-0.415602282
AT1G52220,24.98172503,31.97099685,198.4285059,160.1325324,-0.315266862,0.04975406,0.367162015,0.793389684,0.125897864,0.199653352,0.665243488
AT1G52230,211.3876345,207.9344472,1507.989393,1212.70319,-0.241687684,0.001764814,-0.029695327,0.987703677,0.140178462,0.171463594,0.290637582
AT1G52290,8.255918663,2.752180575,12.92542844,9.094661061,-0.350685672,0.765130721,-1.17070638,0.083289796,0.638734623,0.302614969,-1.077733302
AT1G52300,15.3382413,10.09387914,158.3633299,151.5766483,0.075562472,0.853198514,0.157062075,0.953728363,0.096854754,0.066592574,-0.540461557
AT1G52360,3.562669408,3.702132611,5.356224376,4.123728253,-0.063740201,0.981742818,0.272441963,0.920224397,0.665145662,0.897763476,0.43266509
AT1G52400,6.91023571,6.053262089,12.5180393,7.775669149,-0.597859531,0.253211348,-0.223414394,0.952358219,0.552022209,0.77848761,0.495947766
AT1G52510,20.24281092,19.13639252,55.27372769,36.51175854,-0.456627815,0.030152216,-0.194809394,0.916086574,0.366228437,0.524115882,0.517142006
AT1G52670,3.12395504,4.17117957,15.07676962,18.7180295,0.172821498,0.922517004,0.230938066,0.971692204,0.207203209,0.222842878,0.104980512
AT1G52740,7.810424131,6.711567658,37.55487685,50.3740214,0.468481153,0.484129903,0.383495845,0.907652878,0.207973632,0.133234701,-0.64243075
AT1G52760,2.129434119,3.044069269,7.205524312,9.048010945,0.526008224,0.380616532,0.208261944,0.97421589,0.29552799,0.336435189,0.18703383
AT1G52780,3.925582562,3.785467954,4.499570248,3.465037978,-0.349486635,0.689739628,-0.101000369,0.982744851,0.872434998,1.09247517,0.324480939
AT1G52870,11.55852868,10.24966823,69.36943683,53.42353061,-0.156583524,0.550869377,-0.091995114,0.982744851,0.166622784,0.191856811,0.203444297
AT1G52980,5.632486155,2.959730281,10.09526454,8.782709794,0.01807633,0.991878792,-0.738169712,0.622057365,0.557933488,0.336995113,-0.727365475
AT1G53090,1.969598377,1.462154154,2.689945835,4.104858295,0.926274258,0.09367676,-0.291521092,0.952270837,0.732207449,0.356200884,-1.039561352
AT1G53170,5.587569647,6.534733732,20.20833874,61.33704773,1.692731511,3.15001E-12,0.393366887,0.927958111,0.276498218,0.10653812,-1.375900457
AT1G53210,94.62758771,78.17219753,169.5610325,173.3154319,0.114120818,0.361850887,-0.232625725,0.583853338,0.558073906,0.45104003,-0.307200714
AT1G53230,2.409006126,2.727476369,7.590707087,2.408741729,-1.092124994,0.030408554,0.453162119,0.910154017,0.317362546,1.132324124,1.835083203
AT1G53240,33.33317653,23.54089933,117.4373455,112.5099887,-0.053973898,0.958508893,-0.1441976,0.933174478,0.28383796,0.209233861,-0.439951198
AT1G53280,7.065402059,8.109143178,13.77294032,14.67919208,0.171464419,0.870403326,0.004132499,0.999096263,0.512991554,0.552424352,0.106841846
AT1G53300,2.905537756,2.981264422,6.709393967,8.172651307,0.625716736,0.475913837,-0.134150454,0.979422389,0.433055172,0.364785467,-0.247502584
AT1G53310,4.03464628,2.987744208,7.533988915,7.095454587,0.181771173,0.851052069,-0.354712517,0.877055808,0.535525911,0.421078618,-0.346866764
AT1G53320,8.522273684,3.572161532,19.83390204,15.1656621,-0.389562882,0.656260289,-1.093252911,0.226093474,0.429682151,0.235542735,-0.867281011
AT1G53380,1.474468245,3.154780393,7.170191906,5.430621879,-0.269383833,0.809859764,0.92914129,0.601983213,0.205638603,0.580924333,1.498239146
AT1G53390,2.830080273,3.124122843,4.488553201,8.435910616,0.852502365,0.118762874,0.245497119,0.938422258,0.630510578,0.370336172,-0.767685106
AT1G53400,4.168458167,3.009715063,20.35582543,27.17132757,0.370395674,0.720521608,-0.083732612,0.989950827,0.204779619,0.110768053,-0.886530279
AT1G53430,5.276833745,8.907662838,9.326524257,19.60255413,0.970646183,2.55755E-08,0.970580404,0.001315843,0.565787811,0.454413378,-0.316255789
AT1G53440,3.416171154,7.541157183,9.016914016,13.82662567,0.89307616,4.75295E-05,1.024227961,0.011374564,0.378862563,0.545408356,0.525662216
AT1G53500,7.234982516,6.922113464,16.68403468,12.87453702,-0.110682472,0.903853679,0.073734176,0.987703677,0.433647056,0.537659215,0.310170723
AT1G53510,2.774378523,3.816580582,7.244687221,7.787269711,0.118703329,0.928748446,0.282721953,0.927998701,0.382953527,0.490105098,0.355921827
AT1G53520,4.095843024,2.727023778,10.45877673,16.56680027,0.633365291,0.188232408,-0.364551656,0.938037002,0.39161779,0.164607754,-1.250414009
AT1G53570,6.89828882,3.77795258,17.97796569,9.927399215,-0.674777739,0.361020371,-0.662793337,0.490657015,0.383707976,0.38055814,-0.011891874
AT1G53580,7.086859148,8.53103209,23.64781406,18.12733427,-0.400993916,0.446074921,0.136957278,0.978174374,0.299683477,0.470617023,0.651113962
AT1G53590,1.775994785,1.806769553,3.554575379,5.987088146,0.589352576,0.502220913,-0.44398511,0.90508732,0.49963627,0.301777677,-0.72739212
AT1G53670,11.79793322,16.26015748,75.69242967,73.55859715,0.064721601,0.922141838,0.570121349,0.694972648,0.155866753,0.221050402,0.504062133
AT1G53730,4.810527012,5.590938605,8.125022184,3.314293289,-0.948056818,0.38100774,0.245177011,0.944643059,0.592063246,1.686917276,1.510566024
AT1G53750,11.12336813,11.12160678,27.44907478,15.68569322,-0.279970406,0.62091374,0.038080184,0.991194573,0.405236541,0.709028707,0.807079768
AT1G53840,19.51690154,13.99661624,39.21797099,32.63792469,-0.028494089,0.984953863,-0.410649111,0.600729762,0.497651996,0.428845166,-0.214680371
AT1G53850,3.653352129,4.254164501,15.92304177,4.389891418,-1.749947943,0.001983393,-0.096312512,0.987703677,0.22943808,0.969081942,2.078513805
AT1G53910,7.423075571,5.393046242,34.28725601,30.29998467,-0.175199474,0.860465504,0.059535304,0.989950827,0.216496636,0.177988415,-0.282561265
AT1G54030,2.877071929,5.712400041,8.3550361,7.257071381,-0.193205107,0.921311433,0.801022853,0.741240906,0.344351825,0.787149491,1.192754327
AT1G54040,7.294450106,5.925309555,16.5190493,8.912518901,-0.725660444,0.230114788,-0.604847231,0.813033124,0.441578082,0.664829957,0.590316826
AT1G54080,4.843755096,2.735242803,19.16197474,18.85349191,0.013021744,0.994871386,0.037115632,0.993235243,0.252779537,0.145078844,-0.801042526
AT1G54100,3.145798092,4.500051379,7.756655893,7.087075075,-0.135514955,0.908492735,0.45535528,0.849958955,0.405561125,0.634965953,0.646759866
AT1G54130,9.83971826,9.578072824,23.04218263,21.1485486,-0.247177884,0.671072131,-0.031113938,0.992589008,0.427030652,0.452895043,0.084837121
AT1G54170,2.551618821,1.776583065,5.214931314,7.65619523,0.150241867,0.881080612,-0.057401425,0.992589008,0.489290974,0.232045162,-1.076287048
AT1G54270,17.7394487,18.49152245,45.96967893,28.31851018,-0.554331865,0.143853481,-0.105210548,0.971959027,0.385894553,0.65298359,0.758840057
AT1G54320,3.778343481,4.751023629,15.78893679,13.74047685,0.12360878,0.937583687,0.261383983,0.949357573,0.239303224,0.345768468,0.530966474
AT1G54350,6.884539282,5.054694921,15.87954195,18.79076998,0.314248441,0.53562199,-0.501403587,0.708342423,0.433547725,0.268998818,-0.688590978
AT1G54360,2.961092596,2.051258168,8.917396813,13.89006637,0.617111023,0.368380412,-0.662810987,0.777333771,0.33205796,0.147678068,-1.168979498
AT1G54370,2.389811409,3.227441818,3.467412687,3.740104944,-0.175274695,0.929060157,0.310636518,0.953728363,0.689220357,0.862928144,0.324275118
AT1G54410,88.58666083,89.94672598,378.4912452,388.2266577,0.019514983,0.962813683,0.613617357,0.011525487,0.234052074,0.231686115,-0.014657963
AT1G54490,2.791618501,4.470815469,4.051259612,5.654830924,0.565528037,0.472404778,0.729815969,0.523417177,0.689074206,0.79061877,0.198322852
AT1G54500,20.84187521,22.29926437,89.1119999,79.73070064,-0.133380683,0.872153452,-0.044524755,0.991004798,0.233884047,0.279682283,0.257995403
AT1G54520,19.58271383,13.76115576,31.08235552,21.8149986,-0.217006465,0.612632566,-0.454884413,0.737099472,0.630026698,0.630811673,0.00179639
AT1G54710,3.579031053,2.937830848,5.891011141,6.49850111,0.254509697,0.701425691,-0.213665375,0.953728363,0.607541043,0.452078225,-0.426409445
AT1G54740,15.59833775,13.53603879,39.64271294,35.53555689,-0.094429439,0.903993294,-0.106584527,0.979422389,0.393473014,0.380915342,-0.046794299
AT1G54780,74.06879155,60.51651841,245.5146113,187.2137902,-0.284777058,0.03420602,-0.218017358,0.804930161,0.301687916,0.323248188,0.099585368
AT1G54820,2.081526889,3.681281717,6.529970134,5.813435643,-0.037169373,0.984953863,0.806394782,0.702429361,0.318765147,0.633236857,0.990251333
AT1G54830,5.303218572,4.675946571,7.752330978,7.210790768,-0.300637555,0.898625843,-0.435556166,0.921874278,0.684080516,0.648465157,-0.077137079
AT1G54920,2.753445001,1.749832254,4.364408126,4.290273436,0.099780252,0.957963084,-0.545211662,0.813033124,0.630886233,0.40786031,-0.629304747
AT1G55090,2.541836111,2.628108465,5.362065959,6.877675281,0.302616033,0.791764127,0.197116835,0.964026953,0.474040441,0.382121627,-0.310978231
AT1G55140,5.407263538,2.796995359,14.82853645,6.926516847,-0.781250205,0.428447021,-0.723755878,0.787444967,0.364652544,0.403809797,0.147153453
AT1G55150,3.346834849,1.832254953,4.3193179,4.449625761,-0.021230185,0.994562397,-0.689780115,0.788384684,0.774852633,0.411777316,-0.912057598
AT1G55325,2.271374795,2.812944404,2.73453361,3.65096426,0.517873108,0.261777623,0.218101607,0.944014645,0.830626029,0.770466157,-0.108467495
AT1G55330,27.21604801,13.68014071,266.3653737,286.6324517,0.055807429,0.967018989,0.381956373,0.879698359,0.102175623,0.047727118,-1.098169928
AT1G55350,2.567160544,2.747218056,3.722824662,2.283461949,-0.162129224,0.924121431,0.226642805,0.922062997,0.689573315,1.203093424,0.802972826
AT1G55360,5.212270448,5.427609979,10.79691649,8.32599004,-0.353017226,0.54216135,0.053973421,0.991579971,0.482755466,0.651887638,0.433330723
AT1G55450,62.96105828,186.5017201,267.5020171,866.3490149,1.857972482,9.36596E-79,1.862568018,3.24019E-50,0.235366667,0.215273195,-0.128741331
AT1G55480,31.93913338,22.83709811,96.64476186,76.23424741,-0.268459436,0.078986907,-0.344994507,0.672701628,0.330479715,0.299564813,-0.141693545
AT1G55490,39.33636855,32.49782642,80.66136511,54.94430007,-0.542617042,1.48806E-05,-0.251085456,0.749215808,0.487672983,0.591468567,0.27838745
AT1G55500,2.303148421,1.170543186,2.140959278,4.645226758,0.791728478,0.281276254,-0.406625824,0.925850084,1.075755361,0.251988384,-2.093920891
AT1G55670,517.1835931,446.6083279,2499.408336,2079.729974,-0.195858963,0.078983155,-0.094500951,0.906973926,0.206922409,0.21474342,0.053524038
AT1G55680,6.765765652,5.198375172,13.68441073,14.26474048,-0.204686477,0.740063313,-0.548292958,0.723666754,0.494414103,0.364421293,-0.440112637
AT1G55805,2.549882754,3.416854915,19.0033984,30.1809128,0.52729061,0.428769989,0.280054839,0.968345507,0.134180356,0.113212444,-0.245140922
AT1G55810,2.651294211,2.321777499,5.296586595,1.519726943,-0.566200966,0.693600941,-0.315028195,0.943207839,0.500566575,1.527759647,1.609783727
AT1G55840,3.478112834,2.756422423,9.432921775,3.485282333,-1.728546977,0.000129062,-0.260149788,0.964026953,0.368720627,0.79087493,1.100921436
AT1G55860,2.450623047,2.693611728,1.598279916,2.259625287,0.565895407,0.034008207,-0.090191326,0.968936277,1.533287769,1.192061243,-0.363170132
AT1G55910,3.723311955,1.301749774,3.549418044,7.627776975,1.093715754,0.114233782,-1.07780965,0.565100576,1.048992232,0.170659129,-2.619814499
AT1G55920,2.293970323,6.030941869,4.356833362,8.846146848,1.049759459,0.336603454,0.940979006,0.591772473,0.526522392,0.681759185,0.372767346
AT1G55960,9.130843238,12.00991976,24.94178177,31.56003849,0.558275555,0.066051209,0.775668795,0.153249756,0.366086245,0.380541987,0.055872074
AT1G56050,5.380295244,5.772784653,18.26256442,15.47390295,0.086544793,0.922854658,0.155352454,0.97421589,0.294607872,0.373065843,0.340634297
AT1G56060,6.682959792,33.7218162,71.63677243,363.9648571,2.333046819,4.4724E-38,2.485898735,9.03418E-06,0.093289516,0.092651297,-0.009903773
AT1G56070,115.3847751,90.20357308,192.5607179,182.0351017,-0.008978813,0.989569688,-0.301136379,0.222186516,0.599212427,0.495528457,-0.274099633
AT1G56110,3.194578353,3.92769159,9.369541034,9.26488351,-0.092600944,0.961948553,0.369614085,0.918446523,0.340953558,0.423933187,0.314261668
AT1G56140,1.927084249,6.349773296,5.882202509,16.32942361,1.46482305,4.77606E-16,1.809285882,0.000105591,0.327612701,0.388854711,0.247239929
AT1G56190,23.67395794,20.09962127,103.1229947,106.8652347,0.13583308,0.838088436,-0.259408043,0.793908256,0.229570117,0.188083817,-0.287559135
AT1G56200,5.3295034,8.256612394,44.94297105,23.99881521,-0.249046122,0.633964136,0.289984911,0.952744437,0.118583691,0.344042501,1.536681186
AT1G56220,49.8206771,33.0080356,297.5453844,282.1184339,-0.076970526,0.867181201,-0.326729259,0.831678637,0.167438918,0.117000634,-0.517118544
AT1G56280,22.05220008,12.07637339,106.9932782,86.23166923,0.001590102,0.998866977,-0.219170955,0.93175614,0.206108276,0.140045687,-0.557504876
AT1G56330,9.295064102,14.6823777,39.20537993,37.93230344,0.096809213,0.907229718,0.644535142,0.719133352,0.237086444,0.387067917,0.70717356
AT1G56340,8.400124876,4.556593921,21.21391802,19.56257874,0.100766189,0.93198509,-0.601803536,0.668084604,0.395972345,0.232923991,-0.765540431
AT1G56450,6.233694876,7.308087313,18.61456974,21.01848026,0.416302107,0.537781464,0.105890318,0.985607912,0.334882566,0.347698179,0.054180241
AT1G56500,9.67766871,11.90596387,20.74727193,18.43003205,-0.024845717,0.971224214,0.271756104,0.837813199,0.466454999,0.646008853,0.469816031
AT1G56510,19.74176716,32.07301888,34.50854488,60.73152922,0.914763688,9.20376E-20,0.699230722,7.66948E-05,0.572083443,0.528111498,-0.115383038
AT1G56520,1.677249692,5.319658627,2.983940107,8.720564614,1.240643261,6.73664E-05,1.235306706,0.01503866,0.562092278,0.610013097,0.118033222
AT1G56580,6.688280955,7.927293015,44.21093706,21.65195151,-0.959116276,0.009790064,0.206452832,0.972259272,0.15128114,0.366123719,1.275099102
AT1G56660,13.54838972,11.37564285,15.36045686,12.14274472,-0.144854094,0.851052069,0.069850236,0.985607912,0.882030388,0.93682632,0.086953248
AT1G57610,1.635973071,1.361092696,8.180675873,5.261453646,-0.482540942,0.496441955,0.21364487,0.972259272,0.199980185,0.258691378,0.371374918
AT1G57680,16.76773023,14.74518426,38.7239034,44.75410348,0.189720227,0.596107883,-0.19022336,0.936826375,0.433007232,0.329471112,-0.394239144
AT1G57720,22.17176898,17.86195026,69.60295058,78.29374907,0.230676588,0.236784908,-0.193074322,0.906326092,0.318546395,0.228140183,-0.481582934
AT1G57770,3.427321174,3.383698843,15.31629798,13.92904956,-0.014442174,0.991366964,0.041118643,0.993885949,0.223769554,0.242923886,0.118490591
AT1G57870,4.101233109,1.770204303,5.363607265,3.27387444,0.292072815,0.859797054,-0.368028387,0.922062997,0.76464083,0.540706229,-0.499937262
AT1G57990,81.48324969,233.2560258,147.697125,400.428588,1.497515274,8.55239E-86,1.549080681,5.54434E-40,0.551691508,0.582515916,0.078435695
AT1G58030,3.854168284,4.564339179,8.529383856,14.50497756,0.99491924,0.001622268,0.018322995,0.996883172,0.451869484,0.314673991,-0.522048192
AT1G58080,15.6715277,10.67744175,38.12350692,34.1537275,-0.080217167,0.943433051,-0.377241411,0.779805996,0.411072563,0.312628885,-0.394942002
AT1G58100,5.791471868,5.637194291,16.93904762,23.50671944,0.420308165,0.710257815,0.058195966,0.991004798,0.341900678,0.239812038,-0.511673205
AT1G58110,3.78748887,1.874307705,7.889784533,10.43600236,0.223532596,0.844279115,-0.698997695,0.76437457,0.480049722,0.179600161,-1.418395199
AT1G58180,4.123031477,3.24595299,9.092953246,8.611671989,-0.216314331,0.882327766,-0.455261917,0.922062997,0.453431505,0.376924829,-0.266607804
AT1G58200,7.883616251,7.733487908,22.3087237,20.93354389,-0.16223016,0.674428923,-0.110380935,0.973510542,0.353387148,0.36943042,0.064053092
AT1G58230,1.850147978,2.274852717,2.174975385,2.643957018,0.434244084,0.672545535,0.132711084,0.969223621,0.850652376,0.860397012,0.016432828
AT1G58250,2.3993461,2.746421605,2.167957017,3.381871821,0.980848043,0.000370425,0.184657096,0.936826375,1.106731398,0.812101035,-0.446573992
AT1G58270,2.198558435,1.99386154,10.61287014,3.754345667,-1.295218778,0.038666827,0.014603802,0.997778221,0.207159647,0.531080971,1.358188829
AT1G58290,85.77158083,72.14713788,264.4567309,212.2228256,-0.209591363,0.089126555,-0.267013682,0.293810078,0.324331245,0.339959369,0.067894314
AT1G58360,10.5333527,13.74152274,26.77635014,53.86139609,0.962790155,0.003384008,0.467112149,0.640485197,0.393382692,0.255127489,-0.624715132
AT1G58420,6.812333121,44.84353018,17.56885255,183.6096936,3.314731666,6.99572E-39,2.273882442,6.22616E-06,0.3877506,0.244232912,-0.666871387
AT1G58440,5.533006579,6.913595777,10.77637928,11.09429984,0.093978972,0.967018989,0.374484875,0.88182617,0.513438367,0.62316648,0.279426526
AT1G58602,4.010244098,4.995045215,11.34122537,12.26480939,0.143900861,0.633216783,0.268327147,0.871535223,0.353598837,0.407266437,0.203859396
AT1G59590,3.455662578,19.90743238,7.588199897,42.00272318,2.390618177,8.71644E-10,2.29279617,2.0844E-06,0.455399518,0.473955755,0.057619621
AT1G59610,8.831860816,8.926317553,9.245600671,11.19482383,0.333444993,0.601246914,0.018742505,0.996057284,0.955250084,0.797361146,-0.260645172
AT1G59700,3.562634382,1.403181463,5.541101278,9.563465024,0.627176472,0.679256741,-0.502284535,0.916442123,0.642946989,0.146723124,-2.131603532
AT1G59710,4.072073325,2.865461714,18.33064397,15.62907273,-0.197551714,0.90200603,-0.426922268,0.915554809,0.222145678,0.183341761,-0.276970636
AT1G59820,5.923780667,8.139488407,6.29066709,12.48290487,1.005837419,0.001234225,0.357478452,0.77124844,0.94167766,0.652050824,-0.530248885
AT1G59830,2.715358374,1.806443607,16.07077054,13.04820387,-0.273509924,0.721358147,0.195685179,0.97421589,0.16896255,0.138443852,-0.287402526
AT1G59870,186.4748586,384.3987692,288.79002,702.4143749,1.361303659,5.70472E-60,1.071980075,8.70538E-46,0.645710882,0.547253563,-0.2386789
AT1G59900,11.01964202,8.249392837,40.81518369,31.61447634,-0.278757915,0.601570531,0.016662321,0.996883172,0.269988789,0.260937197,-0.049196885
AT1G59910,19.90806166,39.36086273,33.70417651,109.7061319,1.801602298,7.6975E-113,0.944674585,1.9238E-06,0.590670466,0.358784528,-0.719235802
AT1G59990,2.651801191,1.440837386,3.376010418,5.176359672,0.246181129,0.918333728,-0.60510323,0.836524055,0.785483711,0.27834955,-1.496683606
AT1G60000,4.482991792,3.577213306,30.30686387,23.24801914,-0.299264365,0.747298305,-0.52128315,0.889291286,0.147920016,0.153871746,0.056911064
AT1G60070,3.470674146,2.94932797,8.747848752,8.215107879,0.098881288,0.937734607,-0.327029374,0.907652878,0.396746017,0.359012689,-0.144180902
AT1G60140,9.016365947,7.883548271,16.95027265,13.04233126,-0.346070116,0.193419739,-0.210104375,0.928927481,0.531930438,0.604458522,0.184405752
AT1G60160,2.751400209,3.128648389,4.713304776,7.053683963,0.582470928,0.175682441,0.121653861,0.980146033,0.583751813,0.443548138,-0.396264437
AT1G60190,3.243044093,5.926250741,3.96454864,6.382368416,1.116521189,0.02950893,0.579871062,0.679703458,0.818010923,0.928534731,0.182835766
AT1G60200,3.904289538,3.387736285,11.38004963,9.397012001,-0.262393978,0.633216783,-0.212495088,0.957926244,0.343081943,0.360512074,0.071494382
AT1G60420,2.194346996,2.162599566,6.067985623,7.413039247,0.173950777,0.885889521,0.327527651,0.936826375,0.361626927,0.29172914,-0.309872606
AT1G60490,2.14201851,1.824842203,6.709397207,4.206572634,-0.66835361,0.176425153,-0.131407742,0.984477763,0.319256476,0.433807368,0.442338671
AT1G60550,5.013869188,4.056789207,24.46560592,16.35072537,-0.389031647,0.577773766,-0.235569182,0.95984703,0.204935419,0.248110657,0.275814358
AT1G60710,5.197978803,6.016658399,14.87341189,15.37942628,-0.055790312,0.965564457,-0.192667712,0.964026953,0.349481265,0.391214749,0.162745645
AT1G60780,7.507284489,5.783875024,19.76000499,14.75738726,-0.045676539,0.970907841,-0.130500311,0.971959027,0.379923208,0.391930829,0.044891215
AT1G60870,3.790497923,2.344116788,19.51113748,19.39701702,0.098764722,0.94775343,-0.012735867,0.998240801,0.194273549,0.120849344,-0.684879841
AT1G60940,6.366813853,5.444466824,16.52811149,14.10851394,-0.21818069,0.735351616,0.000271494,0.999997657,0.385211212,0.385899383,0.002575043
AT1G60950,708.542143,483.5942859,4301.401882,3995.399065,-0.038605696,0.926577148,-0.446556999,0.00049593,0.16472354,0.121037793,-0.444589146
AT1G61010,2.07853419,1.83810456,3.568373993,5.128895371,0.555934059,0.491561658,-0.045039601,0.993885949,0.582487765,0.358382152,-0.700728955
AT1G61100,9.069402863,7.32204881,11.88531877,13.35242053,0.263020964,0.470408931,-0.226250205,0.918446523,0.763076114,0.548368649,-0.476680875
AT1G61140,5.133206944,7.459346266,8.766428028,16.07630135,0.875468099,1.16139E-05,0.542799554,0.386373112,0.585552853,0.46399642,-0.335685724
AT1G61190,3.475801063,3.15650037,3.658006759,3.569752325,-0.446279294,0.377875266,0.031042128,0.993235243,0.950189896,0.884235118,-0.103785832
AT1G61250,4.624690284,7.881146147,27.71596751,27.66191008,0.014790849,0.991248821,0.988610582,0.354999203,0.166860142,0.284909687,0.771865294
AT1G61340,13.8310918,33.17270237,35.92271521,113.8615258,1.630120632,7.84649E-06,1.998647306,6.97421E-27,0.385023563,0.291342507,-0.402230533
AT1G61360,3.835566763,17.93458618,7.592612808,31.12004348,2.178394586,2.06067E-40,2.009337115,7.50672E-11,0.505170863,0.576303378,0.190057047
AT1G61380,2.039864681,4.983866608,5.373745016,7.720102764,0.32405103,0.669472127,0.903662045,0.359651421,0.379598339,0.645569983,0.76609982
AT1G61520,989.2172318,773.4557879,3654.008778,3550.52211,0.014814229,0.965564457,-0.189132348,0.356338947,0.270721088,0.217842831,-0.313519635
AT1G61580,4.467758376,5.178729881,12.61483985,15.29181083,0.403133911,0.543055038,0.204343493,0.968936277,0.354166873,0.338660342,-0.064590222
AT1G61660,5.174502817,3.622105708,9.04060165,7.864134373,0.25262622,0.867181201,-0.093653141,0.987703677,0.572362661,0.460585429,-0.313460786
AT1G61670,2.786413519,3.525741528,4.168229118,5.385418671,0.651570865,0.546775266,0.252411734,0.953728363,0.668488569,0.654682903,-0.030106588
AT1G61690,1.552905742,1.748259282,3.181691428,1.719616901,-0.832839316,0.122170942,0.088041275,0.987703677,0.488075534,1.016656257,1.058655631
AT1G61740,20.04951224,13.11770282,24.77301685,16.19162083,-0.514499093,0.135382199,-0.471095587,0.565100576,0.809328648,0.81015378,0.001470117
AT1G61780,10.08453297,8.791987783,18.68020776,14.68286436,-0.205925065,0.921603476,-0.398080206,0.906973926,0.539851221,0.598792413,0.149494076
AT1G61790,5.780519965,3.000011727,25.9850963,24.95277655,0.076227125,0.946216905,-0.743082084,0.712893967,0.222455207,0.120227571,-0.887747082
AT1G61850,2.549759474,1.078997689,3.477178753,3.315204215,0.052003328,0.974983219,-1.135558019,0.277071203,0.73328398,0.325469449,-1.171849893
AT1G61890,74.18371864,90.30635386,143.8081584,185.7005387,0.418813857,0.003459626,0.43081945,0.012315906,0.515851948,0.48630098,-0.085107567
AT1G61900,4.717546699,4.546945814,9.471553032,11.03977426,-0.209529992,0.835153443,-0.095747195,0.987703677,0.498075309,0.411869456,-0.274176754
AT1G62020,4.201029259,2.88915281,6.051996251,4.179306674,-0.391733995,0.631863745,-0.521475778,0.670988246,0.694155959,0.691299547,-0.005948855
AT1G62180,7.802761303,6.538529066,17.94553886,8.743844608,-0.483972088,0.840319859,0.071351653,0.987703677,0.434802285,0.747786513,0.782266928
AT1G62200,2.118138365,2.907196392,4.672098836,7.586904663,0.716780036,0.512934977,0.367170964,0.930561985,0.453359066,0.383186098,-0.242608916
AT1G62250,5.550739203,4.090827264,21.24498199,13.58188028,-0.473316201,0.501901056,0.189696444,0.97421589,0.261272954,0.301197417,0.205151609
AT1G62300,7.115789861,14.03142421,12.22907582,39.16200058,1.675815988,2.33849E-12,0.999460141,0.033101583,0.581874703,0.358291814,-0.699573445
AT1G62380,41.0975746,39.07716645,99.60353393,75.09715389,-0.323771637,0.038899699,-0.011982758,0.996883172,0.412611611,0.520354826,0.334711302
AT1G62390,8.414321096,6.799383556,15.35348473,12.33526048,-0.123099373,0.928779987,-0.332974653,0.811572355,0.548039826,0.551215239,0.008335037
AT1G62480,13.89531712,16.21200496,119.6943835,137.4147106,0.303512455,0.498335075,0.608383584,0.576518967,0.116089968,0.117978671,0.023282762
AT1G62510,10.47087378,13.82686319,54.44047016,37.45855646,-0.034556013,0.987455743,0.560494497,0.75044202,0.192336212,0.369124294,0.940476283
AT1G62740,4.377935439,3.286175613,6.862855961,5.447291405,-0.026138654,0.992455179,-0.171147744,0.971959027,0.63791743,0.60326782,-0.080571071
AT1G62750,70.82967314,66.3319575,130.7695236,104.1569364,-0.206657987,0.137450304,-0.107479585,0.900701154,0.541637464,0.63684628,0.23361765
AT1G62780,14.10508599,11.94619964,44.96857316,37.40598401,-0.19874999,0.704583738,-0.060021342,0.989950827,0.313665411,0.319366004,0.025984301
AT1G62960,3.523972407,4.25759211,15.73091882,9.68483962,-0.625190591,0.171611184,0.321674679,0.942837015,0.224015676,0.439614106,0.972637989
AT1G63000,8.763010377,3.248464788,20.55646918,17.26185447,-0.314773524,0.726831075,-0.590449193,0.767121696,0.426289666,0.188187474,-1.179663479
AT1G63010,1.418529358,1.812391997,2.244632432,4.814693941,1.004809455,0.182458455,0.220867928,0.970346925,0.631965099,0.376429326,-0.747465858
AT1G63090,9.457810259,9.671083979,28.69745348,36.49845162,0.591083795,0.067698364,0.385458895,0.860339978,0.32956967,0.264972445,-0.314741136
AT1G63170,4.774537905,2.055544739,8.136884968,4.448310994,-0.83077899,0.280284469,-0.60496404,0.811572355,0.586777117,0.462095555,-0.344621398
AT1G63350,1.787787575,2.642702062,2.54759659,5.120642927,1.303110006,0.012697793,0.620672862,0.746977286,0.70175458,0.516087941,-0.443349655
AT1G63360,3.226637287,3.910864127,4.003798769,5.091371398,0.492665267,0.434152762,0.099746542,0.978293689,0.805893971,0.768135699,-0.06922884
AT1G63460,3.484612966,4.691388084,7.622629392,1.855327062,-1.744679829,0.04443149,0.310436216,0.959670996,0.457140546,2.528604353,2.467631628
AT1G63500,8.237566071,9.079382048,16.93230598,18.88949993,0.40760113,0.839515142,0.366333437,0.761143727,0.486499953,0.480657618,-0.017430067
AT1G63610,3.835194262,2.62478497,11.40463662,15.85045594,0.488536022,0.467450157,-0.247515843,0.961585417,0.336283775,0.165596812,-1.022004278
AT1G63660,3.102147301,1.842511729,5.931647624,5.700298155,0.086902423,0.965564457,-0.601733458,0.826572537,0.522982398,0.323230764,-0.694197876
AT1G63680,3.314646044,1.952310408,4.145508362,3.189640002,-0.331128308,0.833711758,-0.725289992,0.6667964,0.799575288,0.612078607,-0.385516941
AT1G63690,4.958368867,5.830954004,10.50571439,12.26689455,0.554669237,0.124982656,0.300325448,0.920224397,0.471968748,0.475340681,0.010270543
AT1G63700,4.060690442,3.359765029,8.728793298,12.52039308,0.50068041,0.058306153,-0.140077254,0.971959027,0.465206393,0.268343414,-0.793790439
AT1G63720,2.378035426,7.829595652,4.655937332,18.48375843,1.926868507,1.67835E-10,1.662780568,0.00396457,0.510753315,0.423593269,-0.269946998
AT1G63770,24.70756887,18.29666892,28.43349059,30.94495015,0.217706571,0.272977341,-0.409421031,0.355408825,0.868960102,0.591265096,-0.555484824
AT1G63800,4.09212633,5.181978055,13.42882736,15.17893451,0.194592785,0.91592795,0.332743371,0.953640782,0.304727004,0.341392741,0.163915029
AT1G63830,14.58001489,23.21020917,42.95745314,113.5857426,1.266999244,2.73843E-06,0.697513729,0.407631226,0.339405943,0.204340867,-0.732034059
AT1G63860,5.6769992,9.219374369,11.45967004,20.84644167,0.719693986,4.63948E-05,0.564695249,0.448991939,0.495389412,0.442251705,-0.163695328
AT1G63880,5.978149517,7.559971045,12.1023236,19.63217874,0.723958898,0.000612533,0.546659294,0.491893733,0.493967086,0.385080594,-0.359254494
AT1G63900,5.926234848,5.213359161,20.28067742,14.83630236,-0.032270222,0.982955593,-0.028248528,0.995034585,0.292210892,0.351392081,0.266071722
AT1G63940,6.879356309,3.92042079,23.39408892,15.63613207,-0.429249004,0.31452634,-0.417850295,0.860339978,0.294063869,0.250728299,-0.2300047
AT1G63970,13.49479293,7.78869352,58.68375241,40.04892331,-0.480867448,0.207692163,-0.620578364,0.749215808,0.229957908,0.194479473,-0.241751918
AT1G63980,4.469137744,3.784359706,12.25120966,16.09516026,0.276954339,0.806181769,-0.362084901,0.906973926,0.364791549,0.235124077,-0.633650024
AT1G64040,4.677875385,3.443500686,16.32374663,13.42261841,-0.140774585,0.943262951,-0.453279448,0.873896222,0.286568733,0.256544631,-0.159671375
AT1G64050,3.042628261,2.822364116,7.235502799,8.694918105,0.089308537,0.945136247,-0.018536979,0.996883172,0.420513729,0.324599275,-0.373493122
AT1G64060,1.71457464,1.671940475,3.04871687,4.070398276,0.429168398,0.590061892,0.192920542,0.970346925,0.562392217,0.41075599,-0.453295014
AT1G64140,8.945029581,5.351446051,15.72035388,16.6706955,0.088553075,0.875394703,-0.53775117,0.565100576,0.569009429,0.321009166,-0.825838069
AT1G64150,2.577888269,2.974551148,13.30574352,7.592025123,-0.737858037,0.439791158,0.23529778,0.968710998,0.193742519,0.391799434,1.015974708
AT1G64190,2.090672037,2.479286933,7.329274958,4.19788938,-0.457631255,0.563853408,0.193151,0.97421589,0.285249503,0.590603208,1.04996482
AT1G64230,21.12832334,27.88545905,161.9458861,125.3121574,-0.175875665,0.825210799,0.215920093,0.935505558,0.130465329,0.222527962,0.770320168
AT1G64280,10.55585756,21.13845271,27.22325209,54.16628942,1.003594605,2.50756E-14,0.810729967,0.033179254,0.387751527,0.390251076,0.009270147
AT1G64355,8.544329269,4.104609354,18.37985201,27.92802171,0.724547466,0.213743325,-0.862763514,0.653128427,0.464874759,0.146971003,-1.661310554
AT1G64370,52.00953648,35.92432082,182.7878069,228.6776838,0.358022987,0.14034753,-0.40567987,0.684534415,0.284535043,0.157095875,-0.856961045
AT1G64380,2.940522317,3.829866175,19.58520682,21.66942004,0.197101726,0.840319859,0.394474711,0.930561985,0.150139968,0.176740594,0.235325364
AT1G64390,2.99706996,2.644429722,6.020089615,6.00788005,0.22845183,0.848552454,-0.127095022,0.982876393,0.497844742,0.440160206,-0.177667172
AT1G64400,4.125543496,6.428732068,7.038852789,8.98789433,0.506848111,0.551506255,0.556198853,0.694972648,0.586110211,0.715265649,0.287307184
AT1G64430,3.806405373,2.105002982,15.56730741,20.55256977,0.162585904,0.960313888,-0.558556914,0.777333771,0.244512765,0.102420427,-1.255406296
AT1G64500,10.237478,4.854356357,30.65186892,24.35799624,-0.28709853,0.705001216,-0.73784967,0.498169393,0.333991967,0.199292106,-0.744928842
AT1G64510,64.82517905,58.06516226,255.5657544,263.9696039,0.1282266,0.486569711,-0.037741694,0.988407548,0.253653621,0.219969123,-0.205558729
AT1G64520,5.570943719,5.14052962,28.02344668,23.83023347,-0.19754383,0.788510876,0.046512596,0.993235243,0.198795808,0.215714614,0.117836586
AT1G64550,7.859069208,6.357382873,14.66053401,9.836659213,-0.480843312,0.350835917,-0.251122331,0.915554809,0.536069778,0.646294919,0.269771849
AT1G64610,2.182450545,5.655152122,2.144672174,7.107517251,1.713474502,0.005825277,1.182598227,0.10355847,1.017614986,0.795657882,-0.354971685
AT1G64660,2.194515544,1.563584464,4.948299828,8.577683599,0.74973616,0.250706498,-0.126868688,0.987703677,0.443488798,0.182285164,-1.282700516
AT1G64680,15.43289017,11.15099102,56.01095506,51.52246363,-0.261991117,0.803541527,-0.330992648,0.906973926,0.275533423,0.216429694,-0.348328886
AT1G64710,3.388780959,5.794455764,6.751090085,11.34496209,1.117300553,0.025428135,0.654392666,0.742487354,0.50196056,0.510751443,0.025047363
AT1G64720,97.42632205,79.03170539,281.9503647,254.7719858,0.014530241,0.96502229,-0.235229576,0.614336704,0.345544231,0.310205634,-0.155645506
AT1G64740,9.613626405,4.812431376,19.19606113,9.888182019,-0.358683244,0.463805966,-0.393661174,0.855487131,0.50081245,0.486685153,-0.041281665
AT1G64750,4.574877411,4.867858048,18.88805678,16.23369587,0.208381405,0.844582923,0.380279418,0.943714309,0.242210062,0.299861355,0.308036805
AT1G64760,3.7989077,4.091505858,6.367802037,10.38527188,0.652634671,0.326661755,-0.018600013,0.996883172,0.596580685,0.393971954,-0.598624337
AT1G64770,7.051515177,9.941081602,34.48700615,31.08589391,-0.025379888,0.983396337,0.38552789,0.90707513,0.204468754,0.319793976,0.645262368
AT1G64790,5.311870694,5.770400552,5.687359225,3.890053746,-0.485766032,0.062470617,0.079254585,0.971959027,0.933978404,1.483372963,0.667420282
AT1G64860,14.76549041,17.73927845,42.39486483,36.58672691,0.112185229,0.826817388,0.306253793,0.836101519,0.34828488,0.484855573,0.477287225
AT1G64900,3.389745006,1.512691112,14.50801433,5.469335098,-1.286663108,0.008485252,-0.767290159,0.739608395,0.233646378,0.276576784,0.243353385
AT1G64970,2.446635667,1.253238425,10.05553087,5.418464208,-0.508947812,0.657190632,-0.512660372,0.912985181,0.243312432,0.231290339,-0.073105027
AT1G64980,10.64894598,14.82114263,11.50903108,23.12084266,0.879420521,0.011692934,0.874430073,0.126997114,0.925268678,0.641029518,-0.529481563
AT1G65010,3.022715516,2.390603841,4.72189162,5.015243322,0.116851168,0.886876096,-0.39296822,0.862203904,0.640149279,0.476667569,-0.425424901
AT1G65190,3.683791912,5.615353662,8.82022283,9.34122826,0.542379843,0.289180294,0.525051483,0.766398879,0.41765293,0.601136543,0.525388163
AT1G65220,6.462777199,8.027026713,25.32472748,20.54925449,-0.223088536,0.699727763,0.304746947,0.916442123,0.255196318,0.390623744,0.614172132
AT1G65230,17.96460926,16.15337697,58.03405677,40.51912769,-0.340944298,0.371635522,-0.213308673,0.939534869,0.309552877,0.398660531,0.364974911
AT1G65260,28.29165691,20.10832052,81.02829445,85.11711359,0.163151071,0.569481705,-0.19679497,0.922062997,0.349157749,0.23624298,-0.563607535
AT1G65270,3.960329374,3.94946246,13.32100529,12.10635597,0.053044798,0.977433161,0.049584906,0.993235243,0.297299587,0.326230492,0.133974172
AT1G65290,34.92112338,27.35299073,43.49440749,30.41930092,-0.271652226,0.669472127,-0.304256117,0.917361643,0.802887668,0.899198532,0.163441527
AT1G65390,84.89223276,174.2177407,223.5827022,408.0313776,1.0272336,4.63462E-27,1.076751785,1.21127E-14,0.379690521,0.42697143,0.169315553
AT1G65440,5.541679498,5.670116708,6.150255881,3.25141453,-0.821615801,0.01072047,0.091618586,0.97421589,0.901048608,1.743892283,0.95263409
AT1G65486,9.737758287,16.10063287,50.36039541,115.8123637,1.216414666,4.94959E-05,1.465998705,0.050365183,0.193361434,0.139023437,-0.475971961
AT1G65490,36.32941609,50.7151692,283.8887673,213.1774389,0.004980554,0.993625042,0.70739267,0.524291232,0.127970601,0.237901203,0.894550157
AT1G65540,2.439655557,3.630847213,6.15451524,7.345542422,0.376303174,0.707706283,0.531492437,0.857216834,0.396400929,0.494292593,0.318404946
AT1G65580,2.478129638,1.545710367,3.87229281,4.645269668,0.400801814,0.510919471,-0.248156915,0.949357573,0.639964424,0.33274933,-0.943555948
AT1G65590,2.762519425,2.940213415,9.453536781,9.601246544,0.085698913,0.948576504,0.071414513,0.989950827,0.292220731,0.306232467,0.067568718
AT1G65650,2.626442128,3.746899746,16.61812014,9.495577551,-0.730192089,0.447418887,0.596391694,0.818426748,0.158046885,0.394594191,1.320017115
AT1G65720,13.08869854,13.27214156,63.15698564,86.76297302,0.436562483,0.291443793,0.606743324,0.476446681,0.20724071,0.15297011,-0.438057646
AT1G65800,1.86068628,4.438910614,3.052600786,4.927029063,0.034042858,0.989721267,1.122316346,0.064467018,0.60954131,0.900930471,0.563691773
AT1G65820,9.210849765,14.32131762,41.15867424,43.91895874,0.32795334,0.565568719,0.552891535,0.75327594,0.223788787,0.32608509,0.543110729
AT1G65840,4.863235486,8.670021047,14.42682514,22.28462483,0.5952129,0.084809362,0.906262907,0.219187809,0.337096724,0.389058425,0.206824218
AT1G65845,4.544868175,20.09031095,23.94467537,87.13877957,2.106272509,5.60004E-13,1.489513753,0.048228383,0.189807049,0.23055534,0.280579509
AT1G65930,49.71201577,39.57753011,111.8623717,95.54772596,-0.063558139,0.814988573,-0.187722061,0.818578065,0.444403377,0.414217395,-0.101481641
AT1G65960,48.32832589,43.86220186,95.6712377,103.8047877,0.199701128,0.366294899,0.002110049,0.998984146,0.505150002,0.422545075,-0.257606603
AT1G65980,7.804385905,7.741958504,45.93935142,27.05437787,-0.594522171,0.081412528,0.241881591,0.952264185,0.169884547,0.286162873,0.752281881
AT1G66090,15.82688371,74.46732216,34.3008937,211.1409195,2.710928562,1.0053E-162,2.434176069,1.09531E-44,0.461413159,0.352690148,-0.387657871
AT1G66100,64.42496823,69.16316772,283.2886415,243.5125863,-0.295503647,0.117431206,-0.267828069,0.814690997,0.227418113,0.284022969,0.320660442
AT1G66130,9.427986538,4.137678478,16.87295767,18.89853793,0.297519352,0.741246049,-0.95750933,0.431495878,0.558763124,0.218941724,-1.351689894
AT1G66150,10.89918184,8.424252203,14.36954374,13.62846897,-0.046675723,0.967018989,-0.390109914,0.731176934,0.758491852,0.61813636,-0.295208552
AT1G66160,10.62130778,23.60430479,34.6961567,61.28642943,0.851046882,0.000934335,1.155818779,0.001563993,0.306123467,0.385147332,0.331296788
AT1G66180,9.287299425,8.860302554,11.92663418,10.47223582,-0.276822076,0.682471552,0.046001993,0.99028252,0.778702464,0.846075538,0.119714281
AT1G66200,33.05785105,24.45856858,116.1687302,96.54105013,-0.132092735,0.738746801,-0.009514544,0.996883172,0.284567551,0.253348897,-0.167645613
AT1G66230,3.38598941,4.86233773,8.904140657,8.851364974,0.020912455,0.992452224,0.598840446,0.86876,0.38027133,0.549331967,0.530649075
AT1G66240,9.430121631,17.9572425,40.42843996,29.30390744,-0.040128538,0.982683177,0.578684949,0.796396124,0.23325465,0.612793449,1.393495029
AT1G66260,6.159115094,9.586736741,31.57221818,41.52028087,0.495087829,0.054243106,0.392111066,0.862498781,0.195080214,0.230892868,0.243156149
AT1G66330,12.18928764,9.433702242,25.1123606,25.29020507,0.090539075,0.92005305,-0.121130601,0.977375972,0.485389958,0.373018021,-0.37989893
AT1G66340,2.845123638,4.735275539,5.470039042,8.014977826,0.725580755,0.191430035,0.807127287,0.401973308,0.52012858,0.590803324,0.18380963
AT1G66410,7.47532761,10.06321463,35.90305216,46.339977,0.384081538,0.492679305,0.554212026,0.808039381,0.208208694,0.217160544,0.060731693
AT1G66430,5.761012155,3.693107087,13.46834961,5.779544615,-0.873835306,0.086865561,-0.245914705,0.943661442,0.427744477,0.638996207,0.579058142
AT1G66580,7.429305362,15.88738063,39.42263995,38.68379932,0.435364909,0.18746162,0.498556768,0.556049388,0.188452761,0.410698559,1.12387695
AT1G66670,12.46820613,13.75501603,39.44341303,32.11452106,-0.142069517,0.805711375,0.25346804,0.922062997,0.316103632,0.428311417,0.438262521
AT1G66750,1.806948894,1.961924086,2.159773489,6.036332299,1.126313469,0.131265658,0.026378448,0.996883172,0.836638149,0.325019232,-1.364078696
AT1G66760,14.14299512,12.44456899,36.94256009,30.46848577,-0.122607717,0.818752491,-0.086465328,0.979467805,0.38283744,0.408440678,0.093394632
AT1G66940,6.230229718,6.752144073,20.16568648,11.37602093,-0.938041248,0.009070438,0.079505744,0.987703677,0.308952027,0.593541812,0.941966823
AT1G66970,32.10339542,33.81337015,60.65157315,46.11050952,-0.201022091,0.230114788,0.174753284,0.891862226,0.529308536,0.73331157,0.470317382
AT1G66980,3.617621844,2.61190634,4.313046575,2.331415149,-0.630452318,0.277328838,-0.40947246,0.856116445,0.838762527,1.120309414,0.417562927
AT1G67060,3.802597884,10.47481342,10.51082588,38.06553857,1.41550903,2.25341E-07,1.425588158,0.070464133,0.361779172,0.275178385,-0.394742202
AT1G67090,2835.113925,1924.633098,17193.09946,17965.03416,0.044160929,0.922141838,-0.406377457,2.7135E-08,0.164898361,0.10713217,-0.622185295
AT1G67140,1.887835717,2.046194726,2.710729627,2.631105808,0.036331997,0.981376755,0.123392479,0.977375972,0.696430842,0.77769382,0.159222178
AT1G67190,2.219209894,1.987501259,6.465131352,4.200374491,-0.536387309,0.676862703,0.249930815,0.968345507,0.343258284,0.473172395,0.463071372
AT1G67230,3.472262493,4.511425782,7.21239983,4.387739398,-0.320619351,0.555234274,0.412648769,0.856116445,0.481429562,1.028189091,1.094708971
AT1G67250,5.42663403,2.61875247,13.92367624,4.478327447,-0.122075965,0.956311975,-0.442472149,0.906973926,0.389741469,0.584761276,0.585330332
AT1G67280,16.61195476,11.22852896,59.92945359,49.87329052,-0.235852166,0.633047355,-0.354361628,0.831990072,0.277191827,0.22514113,-0.300055085
AT1G67310,5.219849478,7.712833979,8.435943014,13.33689702,0.768970915,0.021462615,0.558593808,0.498532498,0.618763008,0.57830798,-0.09754894
AT1G67430,27.0989937,20.30528348,150.4531357,133.2961989,-0.126487847,0.864597345,0.098660436,0.970346925,0.180115845,0.152332052,-0.241705576
AT1G67440,1.267305964,1.507291937,6.075420061,2.448967193,-0.284799089,0.82616902,-0.291450664,0.963685245,0.208595612,0.615480657,1.56100471
AT1G67480,5.235513759,2.519439932,17.32104172,16.37289573,0.01722296,0.993625042,-0.612596416,0.779495479,0.302263215,0.153878701,-0.974011857
AT1G67530,3.158888076,8.041901834,6.197275858,11.0823892,1.006112131,0.001248201,1.212652659,0.01260279,0.509722037,0.725646942,0.509557059
AT1G67560,3.781585858,4.124915342,6.001102357,8.017621371,0.411906565,0.594384472,0.135710065,0.97690286,0.630148535,0.514481185,-0.292573615
AT1G67680,3.018593049,2.622596455,6.616499648,7.532145592,0.328033559,0.78749302,0.090446582,0.987703677,0.456222052,0.34818717,-0.389873141
AT1G67700,32.26922987,25.59548553,157.0141262,129.6508424,-0.085531061,0.860341846,-0.501889549,0.309085439,0.205518004,0.197418583,-0.058006992
AT1G67740,478.489172,358.1731537,1823.694504,1783.03169,0.054642209,0.860465504,-0.339170396,0.031264123,0.262373534,0.200878737,-0.385297339
AT1G67785,8.515704145,7.999410828,61.78788272,55.71886567,-0.046349124,0.981376755,-0.025572274,0.996883172,0.137821588,0.143567367,0.058925968
AT1G67800,2.113851726,3.746441852,6.506104513,21.61383155,1.668579009,2.08363E-09,0.787691154,0.692803458,0.324902824,0.173335387,-0.906442068
AT1G67840,7.402029021,8.072803411,16.98274755,22.04719056,0.49113386,0.102682539,0.048924779,0.989422922,0.4358558,0.366160187,-0.251375976
AT1G67860,14.46086246,13.46930419,130.4174708,123.1771491,0.163183289,0.857511431,-0.229355299,0.964026953,0.110881329,0.10934905,-0.020075769
AT1G67865,69.60071884,70.25950394,198.3627034,189.2510363,0.413686348,0.016163074,0.335965247,0.837427463,0.350876035,0.3712503,0.081430776
AT1G67870,38.24008722,30.20218082,180.2452585,235.0609496,0.395161668,0.00374817,0.300584173,0.5634695,0.212155857,0.128486594,-0.723506665
AT1G67880,2.603993234,8.541937315,4.057063298,19.88144055,2.097421836,1.06295E-05,1.943843139,0.000278915,0.641841905,0.429643782,-0.579076966
AT1G67900,8.906385068,9.604930643,22.24655537,17.43367397,-0.255189172,0.711320609,0.155954214,0.964026953,0.400348949,0.55094128,0.460640542
AT1G67930,2.987899656,1.624835054,5.503036734,3.404094422,-0.609593654,0.642851036,-0.740883427,0.668084604,0.5429547,0.477317857,-0.185881525
AT1G67950,3.228367091,2.527825537,9.371169205,8.904634533,-0.04949835,0.981376755,-0.198887471,0.977286935,0.344499925,0.283877517,-0.279235079
AT1G68000,6.242577885,5.041136436,13.5917477,12.43901134,0.084710538,0.95445,-0.166310057,0.977375972,0.459291772,0.405268256,-0.180533761
AT1G68010,172.2390945,134.1140901,341.128412,286.0604917,-0.191090929,0.063085835,-0.125255961,0.907652878,0.504909848,0.468831223,-0.106957163
AT1G68020,2.503662186,2.690060602,6.251025562,6.246195676,-0.043634346,0.981376755,-0.062324899,0.989950827,0.400520228,0.430671843,0.104713895
AT1G68060,2.741695058,2.28725474,5.677065983,3.959551268,-0.360570905,0.637919328,-0.738173461,0.637202875,0.482942257,0.577655039,0.258357505
AT1G68190,3.384806368,1.740958599,9.177969372,10.15172545,-0.008565258,0.996592681,-0.59179088,0.820950493,0.368796869,0.171493862,-1.10466947
AT1G68300,4.548700119,2.886391892,15.93915387,10.62889063,0.333860874,0.841537623,0.281055972,0.957946642,0.285379021,0.271560974,-0.071603115
AT1G68410,4.98252961,4.912842,14.71889418,16.28604789,0.242986021,0.827010253,0.230706198,0.952264185,0.338512496,0.301659558,-0.166287799
AT1G68440,19.58817966,13.5608402,59.23586765,35.31249281,-0.690110375,0.05292768,-0.511725856,0.634971898,0.330681063,0.384023871,0.215755566
AT1G68520,14.73448497,5.726423312,59.11272932,12.47601483,-2.116202016,2.54596E-15,-1.061970958,0.032220399,0.249260779,0.45899459,0.880821254
AT1G68530,52.34417844,42.64890803,96.32248234,73.90822929,-0.226108714,0.112982275,-0.258472763,0.72361409,0.543426386,0.577052223,0.086617272
AT1G68560,13.6369899,9.802332393,17.27854715,12.4423362,-0.309110524,0.545947362,-0.318021532,0.771515916,0.789244013,0.787820891,-0.002603737
AT1G68580,7.933158138,7.265843054,10.57389123,17.03532732,0.543501978,0.456775678,0.113992711,0.979544858,0.750259102,0.426516199,-0.814788381
AT1G68590,26.05731028,24.61580156,156.6954588,134.6679829,-0.127783983,0.73027623,-0.061029896,0.987703677,0.166292696,0.182788819,0.136453024
AT1G68660,7.443998521,6.861764974,61.22728748,55.81401798,-0.206146072,0.757463193,-0.457186652,0.906973926,0.121579754,0.122939814,0.016049205
AT1G68670,7.89207273,4.571667263,19.99656895,16.0506964,-0.458892061,0.308542777,-0.461133473,0.834237431,0.394671343,0.284826723,-0.47056726
AT1G68720,2.117158021,1.808273754,2.746457768,4.598580712,0.579414169,0.509076137,-0.214818089,0.953728363,0.770868588,0.393224316,-0.971132404
AT1G68760,4.348818603,1.434349867,14.00068667,7.854422558,-0.412892381,0.745803703,-0.81403527,0.789817032,0.310614665,0.182616845,-0.766306097
AT1G68830,21.26208985,21.80569638,49.21058241,47.72582672,0.067925347,0.894050443,0.083088183,0.9724313,0.432063365,0.4568951,0.080620061
AT1G68840,48.07386752,96.96337794,185.2179752,364.1933137,1.030092382,5.91679E-24,1.09689173,2.83796E-07,0.259552927,0.26624151,0.036706769
AT1G68890,2.420857587,1.959323949,3.72378493,3.860185002,0.130566736,0.893047755,-0.253048732,0.932776132,0.650106714,0.507572551,-0.357062503
AT1G69010,3.706067024,1.722159506,5.533224396,4.467682128,-0.437208787,0.791731101,-0.504656805,0.908780295,0.669784335,0.385470465,-0.797076312
AT1G69030,3.576840384,2.036751044,6.767282686,6.566887154,0.377734412,0.766303535,-0.475929164,0.915554809,0.528548983,0.31015472,-0.769049101
AT1G69250,3.15350238,3.588756269,6.665654116,3.473960045,-0.680862405,0.316524366,0.184520081,0.97421589,0.473097212,1.033044774,1.12669422
AT1G69270,2.52868286,6.551227238,4.924175996,11.2166963,1.162177028,0.002760239,1.05841576,0.151947493,0.513524062,0.584060321,0.185685497
AT1G69340,3.42600582,2.295215515,11.1574859,10.6000044,0.021315792,0.989721267,-0.530568925,0.841911044,0.307058942,0.216529676,-0.503950856
AT1G69390,6.646190612,4.902094788,19.4130667,15.87157093,-0.325108473,0.609974968,-0.37520578,0.928152578,0.342356554,0.308860088,-0.148546179
AT1G69410,6.487865655,9.263260258,46.67644802,52.7257562,0.287183044,0.738746801,0.375109314,0.922062997,0.138996559,0.175687575,0.337962999
AT1G69420,3.050482546,3.487633299,6.689890536,5.897635225,-0.165092832,0.905164439,0.26134568,0.949357573,0.455983925,0.591361311,0.375056894
AT1G69460,3.504215053,2.233289431,18.86300643,13.93536419,-0.264462659,0.805625602,-0.067407565,0.991579971,0.185771821,0.160260572,-0.213112153
AT1G69490,3.467545589,2.278288823,8.5204425,5.711049638,-0.238813887,0.860465504,-0.285794003,0.964026953,0.406967782,0.398926461,-0.028791765
AT1G69510,6.639502737,14.09320139,28.96059258,48.39346507,0.632425567,0.205423356,0.595888799,0.762678503,0.229259906,0.291221167,0.345131148
AT1G69530,10.08718581,10.06574527,45.50086355,16.72698351,-0.802701835,0.047349288,0.018993826,0.996883172,0.221692184,0.601766915,1.440646883
AT1G69570,6.455558137,2.718560093,15.51764064,6.571728583,-1.181045814,0.208959195,-0.974949426,0.319818629,0.416014154,0.413675041,-0.008134696
AT1G69620,20.98888655,9.817142733,100.3459816,102.4682995,0.039521247,0.967168739,-0.361043872,0.876700446,0.209165192,0.095806633,-1.126445347
AT1G69690,3.278900408,1.646836328,1.977014275,2.388875364,0.061817225,0.988083363,-0.701690217,0.836533171,1.658511246,0.68937725,-1.266523201
AT1G69700,2.885672427,2.937103343,13.28884699,8.664031449,-0.509985161,0.734780062,-0.324085873,0.957926244,0.217149947,0.338999617,0.64259204
AT1G69730,5.272241641,3.863432215,8.433569945,4.886339256,-0.81013784,0.043238607,-0.544829888,0.675163721,0.625149453,0.79065984,0.338856014
AT1G69740,24.96611089,18.23015384,79.56917431,72.34111526,-0.004129104,0.994856495,-0.411433107,0.637202875,0.313766117,0.252002665,-0.316250578
AT1G69830,5.272519804,5.113186565,12.43795926,14.00423223,0.151112255,0.851335333,0.177742551,0.954670522,0.423905537,0.365117236,-0.215383037
AT1G69840,32.36227374,44.8713107,91.46398941,132.4041314,0.472536728,0.000952599,0.647772299,0.054622473,0.353825303,0.338896606,-0.062192035
AT1G69850,4.720842133,4.888965315,11.61917865,7.683895019,-0.550964301,0.611931956,-0.045535597,0.992589008,0.406297405,0.636261337,0.647083306
AT1G69870,3.656251897,2.151925404,14.76108614,6.538898575,-0.825951853,0.117299047,-0.400368368,0.920224397,0.247695316,0.329096006,0.40994193
AT1G69890,23.42540078,105.097243,83.07221063,458.7299214,2.565344883,1.3095E-180,2.075299411,3.87227E-18,0.281988412,0.229104835,-0.299627973
AT1G69900,6.582616302,35.32768824,12.16540859,96.21408592,2.844325559,7.84914E-23,2.532971621,8.11318E-20,0.541092907,0.367177923,-0.559397013
AT1G69960,5.478537529,4.076299613,18.18148366,16.51978766,0.187909264,0.840057105,-0.448833257,0.906973926,0.301325108,0.246752543,-0.288255938
AT1G70060,3.449875514,2.658996868,5.412454676,4.152066106,-0.053700518,0.980169948,-0.333263327,0.883136951,0.637395733,0.640403308,0.006791399
AT1G70070,4.402634612,3.147446023,5.155918191,3.323149632,-0.502851605,0.262752459,-0.457220558,0.793908256,0.853899238,0.947127385,0.149492638
AT1G70090,6.658280678,5.997209952,22.88452148,19.01345446,0.03912477,0.977862228,0.272675854,0.936826375,0.290951274,0.315419271,0.116493245
AT1G70140,1.036788265,4.747406334,2.94344718,19.47632653,2.734397256,2.88019E-30,2.014753245,0.000447184,0.352236069,0.243752657,-0.531124707
AT1G70160,6.44587079,4.810861737,16.30269911,16.80882014,0.072609288,0.951036865,-0.371144163,0.897845462,0.395386724,0.286210555,-0.466187553
AT1G70200,2.658894099,1.885728317,6.230571539,6.631818954,0.0963201,0.947007976,-0.597190124,0.820169539,0.42674963,0.284345566,-0.585744593
AT1G70280,1.805469779,2.690162285,2.647369027,1.573287036,-0.149256893,0.953880993,0.707462705,0.764063421,0.68198644,1.709899226,1.326096341
AT1G70290,28.37859017,21.96091279,42.21315349,23.10340405,-0.711388826,0.038666827,-0.321236404,0.451030712,0.672268898,0.950548791,0.499722276
AT1G70310,6.299590188,3.842256694,18.56345454,13.10172772,-0.072541786,0.93614669,-0.371059495,0.906973926,0.339354411,0.29326336,-0.210595934
AT1G70320,3.145443177,3.882418892,2.866589516,2.696768516,-0.071719831,0.931194938,0.177014037,0.870309705,1.097277151,1.439655969,0.391796127
AT1G70330,6.712685932,5.720852061,16.4577529,15.31216395,0.11988539,0.913711595,-0.206793037,0.964811001,0.407873783,0.373614865,-0.126570922
AT1G70370,15.58921774,11.16687897,36.28701826,19.56140677,-0.858987272,0.002894869,-0.453394986,0.664205819,0.429608672,0.570862776,0.410120876
AT1G70410,23.97580697,32.65469268,115.4585805,137.3423454,0.333293172,0.057215698,0.44975163,0.477165451,0.207657212,0.237761286,0.195309844
AT1G70490,10.32889637,7.621762969,67.60938131,60.10558975,0.249358826,0.425506907,0.1515751,0.956159786,0.152773124,0.126806226,-0.268765185
AT1G70520,3.955028288,6.487851265,11.61393828,20.12380092,1.007720202,2.12475E-06,0.737599963,0.555846517,0.340541528,0.322396912,-0.078992819
AT1G70570,3.330341908,3.432759946,6.605908636,6.66314711,-0.153346518,0.943000123,0.585116945,0.766398879,0.504145923,0.515185976,0.031251944
AT1G70580,7.664602689,8.479489542,18.31006077,27.14170215,0.373941791,0.239875902,0.308253962,0.891081568,0.418600615,0.31241554,-0.422108211
AT1G70590,3.993027568,2.472089695,10.44346574,13.9670496,0.5381988,0.429636041,-0.429010117,0.921815233,0.382346978,0.176994409,-1.11117868
AT1G70600,13.952981,11.97362411,91.88469701,36.40295996,-1.145127724,0.000607769,-0.134016488,0.979544858,0.151853154,0.32891897,1.115055349
AT1G70610,6.965928583,6.073710681,15.18457667,12.1777129,-0.241704665,0.703644183,-0.215126753,0.936826375,0.458750266,0.498756271,0.120625988
AT1G70660,4.382188104,3.725086307,15.03519259,10.35191282,-0.615229492,0.289180294,-0.199661158,0.978293689,0.291462053,0.359845216,0.304068414
AT1G70700,93.19959884,53.68219432,314.9842699,192.0699152,-0.583982874,1.31123E-09,-0.715636653,0.003507188,0.295886518,0.279492987,-0.082231878
AT1G70730,22.31626799,17.32025805,32.15284441,28.39782016,-0.086272246,0.86735129,-0.290130696,0.769598235,0.694068235,0.609915055,-0.186469177
AT1G70740,6.308285087,15.48689691,16.73307561,34.23945527,1.120925292,0.000367747,1.254667145,0.005774484,0.376994955,0.452311428,0.26277123
AT1G70760,23.06830816,16.12136305,92.01461737,68.4983631,-0.439753872,0.155203702,-0.378659414,0.849620488,0.250702647,0.23535399,-0.09114492
AT1G70770,5.207863654,4.937837484,14.29092909,7.553085686,-0.605109966,0.247692169,0.057477386,0.99102187,0.36441743,0.653751022,0.84314933
AT1G70780,19.33482323,10.62409118,44.60103746,28.32857923,-0.160953087,0.845835493,-0.444622585,0.800576749,0.433506132,0.375030851,-0.20904312
AT1G70820,6.714710976,7.459160801,11.15018814,10.5814653,0.277602376,0.792835069,0.097673801,0.982744851,0.60220607,0.70492702,0.227216656
AT1G70940,9.280571355,10.19416536,8.854898922,4.277363953,-0.902578972,0.01803866,0.045767072,0.989950827,1.04807197,2.383282198,1.185211999
AT1G71010,2.661567236,2.855015102,4.616834162,3.750954988,-0.272776985,0.880882438,0.081217154,0.987459256,0.576491843,0.761143525,0.400868326
AT1G71020,4.822988383,4.187237857,11.11710745,7.305324123,-0.382351917,0.550154777,-0.244872784,0.943661442,0.433834827,0.573176191,0.401832812
AT1G71030,27.57446152,16.00494373,99.8947529,40.04059822,-1.043524255,0.004232414,-0.893808428,0.125932057,0.276035134,0.399717897,0.534130263
AT1G71040,13.34305733,14.45889129,29.14937657,25.80963198,-0.025141972,0.984953863,0.202846192,0.922062997,0.457747606,0.560212997,0.291423115
AT1G71090,2.463523676,4.0614862,3.831597129,9.407886372,0.818160374,0.145724605,0.380177634,0.922018668,0.642949557,0.431710805,-0.574640352
AT1G71100,5.484909913,6.424377691,26.63037198,41.62231345,0.672725132,0.034215709,0.39095347,0.906973926,0.20596445,0.154349366,-0.416195788
AT1G71220,2.63523445,2.040809652,4.233035638,2.766107675,-0.474550669,0.433935844,-0.330581741,0.901612329,0.622540105,0.73779111,0.245045624
AT1G71410,2.988050288,2.455494163,7.587114189,4.371943824,-0.721717096,0.217514701,-0.012304769,0.997324194,0.393832255,0.561648151,0.512085352
AT1G71480,5.762581889,7.147396248,37.73634207,26.06388475,-0.351076192,0.460929976,0.352128762,0.936826375,0.152706425,0.274226053,0.84460488
AT1G71500,33.24604317,21.44739674,177.1942923,155.6443438,-0.078838167,0.780616874,-0.30375313,0.788384684,0.187624797,0.13779747,-0.445301117
AT1G71695,5.997791938,3.407731659,15.62886342,25.95574426,0.64816717,0.192806771,-0.461563618,0.901612329,0.383763795,0.131290077,-1.547460733
AT1G71697,11.62101607,26.93483915,44.18947662,117.8476237,1.649873161,2.92172E-50,1.518893629,1.11965E-10,0.262981528,0.228556489,-0.202410684
AT1G71710,2.802861869,3.0518242,5.759250097,3.736793629,0.223676215,0.848124247,0.262220522,0.953640782,0.486671324,0.816695944,0.746851294
AT1G71810,4.207362135,1.824487616,3.356243649,3.345199842,0.072740461,0.975009112,-0.965108508,0.429232958,1.25359258,0.54540467,-1.200669587
AT1G71820,4.703189146,3.626718182,9.344003829,12.75556293,0.431210299,0.418779663,-0.262824794,0.935496418,0.503337673,0.284324432,-0.823988509
AT1G71840,3.366373683,2.268001841,8.651689662,10.87387676,0.351537636,0.660114282,-0.516870195,0.879698359,0.389100143,0.208573436,-0.899586081
AT1G71860,7.549265578,6.398358989,22.69298616,12.83491297,-0.679721453,0.208743927,-0.060608345,0.989950827,0.332669554,0.498512067,0.583538591
AT1G71880,57.06445685,48.50493511,148.4320082,135.60043,-0.001838519,0.997187451,-0.219441737,0.731956595,0.384448459,0.357704877,-0.10402041
AT1G71950,9.508866698,13.86204028,63.38336724,80.54247007,0.418877723,0.448094775,0.035153902,0.993885949,0.150021482,0.172108457,0.198148892
AT1G71960,2.025693976,1.79253929,3.556012425,2.269928673,-0.41251382,0.827360119,-0.115130672,0.987703677,0.569653233,0.789689699,0.471201901
AT1G71980,4.39442626,4.482578104,17.12902505,8.440790724,-0.776951449,0.263174974,0.317132405,0.933083297,0.256548534,0.531061396,1.04964688
AT1G72020,19.34916996,23.01366523,134.8762578,121.6765649,0.000472832,0.999698591,0.418100702,0.830984724,0.14345868,0.189138025,0.398804175
AT1G72040,2.309847907,1.550335907,5.253008955,5.370391513,0.301772622,0.736183132,-0.316052798,0.953640782,0.439719012,0.288682101,-0.607100249
AT1G72060,5.88848282,20.48783711,68.80576765,178.6034006,1.324689398,5.35779E-05,1.350451063,0.223780035,0.085581239,0.11471135,0.422641674
AT1G72130,4.279608701,2.998846854,9.73430813,7.390025394,-0.083063127,0.950555239,-0.458856698,0.876460377,0.439641795,0.405796556,-0.115571924
AT1G72150,47.29020547,43.46423441,115.374652,99.84675445,-0.047338855,0.926698063,-0.132951424,0.90768458,0.409883841,0.435309436,0.086826181
AT1G72160,3.386665501,2.350489902,10.16308677,9.819404863,0.294646395,0.728026115,-0.324292398,0.943207839,0.333231977,0.239371931,-0.47727286
AT1G72180,9.452969431,6.861726433,21.39551669,10.08002771,-1.112737484,9.79853E-06,-0.400629521,0.649004856,0.441820105,0.680724957,0.623612934
AT1G72280,1.881500673,3.932588065,3.580647466,10.80291372,1.450896136,0.088640879,1.197113414,0.22394717,0.525463814,0.364030313,-0.529532825
AT1G72300,2.66258902,2.415703936,2.681763426,5.299156271,0.943063698,0.032873515,-0.086171635,0.987703677,0.992850076,0.455865767,-1.122966808
AT1G72340,4.245449403,2.579294327,9.56497607,5.244774787,-0.722647381,0.251814917,-0.60471782,0.844904665,0.443853636,0.491783619,0.147939667
AT1G72370,51.85175572,36.82289858,213.2619767,211.8666955,0.056192095,0.913110075,-0.323017354,0.708694063,0.24313643,0.173802204,-0.4843197
AT1G72390,2.450031287,2.20846217,4.122361674,1.211060505,-1.520696322,0.002503519,-0.13439304,0.97421589,0.594327107,1.823577073,1.617442089
AT1G72410,1.298943721,1.782411807,3.168728005,6.052573112,1.0211136,0.002973861,0.287671414,0.940145924,0.409925913,0.294488274,-0.477153004
AT1G72416,4.213285979,4.0260329,31.67877942,17.03592098,-0.70408584,0.067389287,-0.30293875,0.95584419,0.133000263,0.236326108,0.829349925
AT1G72430,21.39096912,10.68960991,69.10698214,27.66217615,-0.44726208,0.846547438,-0.904558365,0.33100762,0.309534123,0.386434164,0.320124183
AT1G72450,55.42233623,42.08514526,139.6574844,86.65199794,-0.625076041,3.42083E-05,-0.284209412,0.685460635,0.396844727,0.485680034,0.291431542
AT1G72480,3.168219171,2.946677399,4.180339665,10.69029843,1.313193251,0.002479937,-0.004277083,0.999274118,0.757885585,0.275640331,-1.459193071
AT1G72520,42.3203971,137.5632784,81.23731335,283.5863307,1.931774371,6.1413E-215,1.701405718,1.2991E-49,0.520947768,0.485084306,-0.102903227
AT1G72550,6.109527125,6.907404981,10.92130281,6.117669846,-0.559615927,0.580679638,0.104958893,0.977375972,0.559413765,1.129090839,1.013173902
AT1G72610,958.1163462,898.459155,3256.853858,2823.740715,-0.125635456,0.125355605,0.00168003,0.998616188,0.29418463,0.318180472,0.113123425
AT1G72640,2.740115074,3.784668784,11.64306842,9.346032877,-0.259949315,0.82143138,0.402958292,0.936826375,0.235343036,0.404949226,0.782975865
AT1G72700,2.667330508,3.394019806,2.487140157,2.5846948,0.19463751,0.922141838,0.356154101,0.877055808,1.072448812,1.313122078,0.292092257
AT1G72710,11.01030375,8.820681582,26.46310447,25.7013066,-0.014702393,0.988083363,-0.110658518,0.973429971,0.416062438,0.343199734,-0.277751614
AT1G72740,2.467408843,2.096216375,14.3653463,16.21553477,0.132976353,0.962263736,-0.112838903,0.988076608,0.171761181,0.129272109,-0.409992975
AT1G72750,6.564093617,8.017143812,21.11629675,26.27403885,0.416231127,0.672990488,0.321498629,0.933129531,0.310854393,0.30513557,-0.026788604
AT1G72790,5.244905481,3.897562953,8.757837423,8.157875654,0.078406287,0.961547121,-0.468630811,0.856795714,0.598881348,0.477766899,-0.325963297
AT1G72930,5.09817149,6.329026986,20.6332,34.7518842,0.094950559,0.918082379,0.574941867,0.553709817,0.247085837,0.182120398,-0.440119799
AT1G72970,5.776938152,4.06853349,7.933164815,6.85940894,0.052792687,0.983396337,-0.369041522,0.896539194,0.72820095,0.593131788,-0.295983929
AT1G73030,11.42689683,24.30944979,73.53592651,89.26949346,0.339501372,0.083017888,0.718641158,0.188692125,0.155392029,0.27231531,0.809365593
AT1G73060,15.0248478,11.85870562,54.53661653,49.09516066,-0.028725413,0.982707503,-0.279015667,0.90508732,0.275500182,0.241545306,-0.189759455
AT1G73080,11.66834275,27.82374925,25.58143424,67.12769038,1.475462516,5.75051E-60,1.263276063,2.31068E-12,0.456125432,0.414489894,-0.138093688
AT1G73100,1.399799564,1.800716937,2.328355533,4.17381524,0.664946631,0.608597674,0.332744885,0.944686377,0.601196657,0.431431876,-0.478704217
AT1G73110,8.483443656,8.856512349,20.26024858,22.02276392,0.10438447,0.874613527,0.020391348,0.996883172,0.418723572,0.402152626,-0.058254995
AT1G73170,3.225753958,1.892928169,7.393768228,3.605123233,-0.710839738,0.509678508,-0.659038122,0.771567415,0.436280102,0.525066148,0.267244509
AT1G73180,2.518213109,1.566725405,6.133703883,4.323878238,-0.262233509,0.867762084,-0.474251887,0.908309853,0.41055342,0.362342628,-0.180215412
AT1G73200,4.539602738,4.025214182,12.48480292,13.06064841,0.129262671,0.841537623,-0.178747961,0.964811001,0.363610284,0.308194054,-0.238553977
AT1G73230,15.67698947,4.71424344,75.89569911,46.04623339,-0.295382762,0.413001867,-0.736872777,0.549265307,0.206559656,0.102380653,-1.012615388
AT1G73250,2.173112251,1.83694389,5.388252858,9.240814434,0.681061603,0.701876383,-0.084005231,0.991004798,0.403305544,0.19878593,-1.020657592
AT1G73430,1.827078084,1.578051431,3.309188585,3.098655017,0.299677261,0.798884837,0.06350423,0.991758891,0.552122684,0.509269803,-0.116558699
AT1G73480,16.73971769,10.29894123,61.05027675,40.80277028,-0.526826347,0.006812948,-0.490575459,0.457033938,0.274195607,0.252407892,-0.119448438
AT1G73490,3.597045816,3.233206774,14.13496556,7.5594526,-0.464800622,0.76457945,-0.383006921,0.918446523,0.254478569,0.427703823,0.749067934
AT1G73500,11.67120856,10.09983509,63.32855836,64.1753941,0.125316765,0.883616128,0.180093518,0.957770699,0.184296135,0.157378622,-0.227786236
AT1G73530,4.457275732,1.445064603,18.99053309,10.39477092,-0.765832129,0.482346869,-0.557667068,0.903793593,0.234710406,0.139018418,-0.755605778
AT1G73540,11.47132887,38.33460503,31.05724788,90.59303873,1.811062305,8.20127E-11,2.298412068,5.01847E-25,0.369360766,0.423151774,0.196144585
AT1G73600,7.093700179,11.14353147,10.37271929,14.44966457,0.473318893,0.194554873,0.899012276,0.132662866,0.683880473,0.77119655,0.173354401
AT1G73650,3.913659889,4.929817033,13.52371658,18.82752707,0.649638936,0.176746751,0.2513606,0.968936277,0.289392333,0.261840921,-0.144336116
AT1G73655,26.84190371,25.06598666,91.69006102,65.20734642,-0.483059583,0.26610806,-0.022724312,0.993889967,0.292746056,0.384404335,0.392974874
AT1G73660,3.376623448,2.820723417,7.478198178,7.227047629,-0.120282566,0.924121431,-0.302921607,0.916562482,0.451529014,0.390300931,-0.21023179
AT1G73670,2.399706312,2.191717124,7.465719012,7.520467218,0.011993271,0.994562397,0.006528384,0.998844586,0.321430034,0.291433638,-0.141337328
AT1G73805,3.349681667,7.895602441,8.841358616,12.921146,0.709650808,0.062218099,0.640880518,0.565100576,0.378865038,0.611060539,0.689631306
AT1G73870,7.951043655,7.496985816,16.72308668,14.96510411,-0.040112949,0.981376755,-0.167116477,0.969732935,0.475453115,0.500964495,0.075405275
AT1G73885,21.55031247,19.61512167,138.1055097,157.8282265,0.248564806,0.672990488,-0.09585658,0.984477763,0.15604238,0.124281455,-0.328326871
AT1G73920,10.00225773,7.708578499,34.84724093,18.33012461,-0.84576615,3.94766E-06,-0.320579033,0.808039381,0.287031554,0.420541522,0.551038904
AT1G73960,2.485014556,1.766907843,3.183481315,2.92477541,-0.127497456,0.948769329,-0.476858954,0.823392078,0.780596558,0.604117443,-0.369748057
AT1G73990,4.891195926,4.760063371,10.5415654,8.60021011,-0.192949124,0.841562073,-0.112597052,0.982744851,0.463991423,0.553482218,0.254438833
AT1G74040,6.447885645,4.116070797,11.23449324,15.87514018,0.405877603,0.708706386,-0.555945445,0.75838555,0.573936493,0.259277761,-1.146392642
AT1G74050,6.939694501,7.974779098,44.60059089,41.56056326,-0.417119689,0.265124763,0.603618062,0.367863419,0.15559647,0.191883326,0.30242002
AT1G74060,7.400761864,2.933873396,38.07845739,13.71558208,-0.487910055,0.206755894,-0.105861006,0.979422389,0.194355611,0.213908048,0.138292004
AT1G74070,4.202030272,4.296691581,14.5680778,2.996862058,-1.51245003,0.038446845,0.244426388,0.959674436,0.288440955,1.433730181,2.313425615
AT1G74090,2.157934321,1.656540692,8.486966186,4.521100583,-0.729288158,0.228154389,-0.302393903,0.957926244,0.254264513,0.366402088,0.527097603
AT1G74100,13.48421001,19.24692179,31.89155812,52.53547521,0.872255854,0.000756958,0.56780272,0.137599548,0.4228144,0.366360478,-0.206760636
AT1G74230,5.808306509,7.004836548,14.48068222,14.69287468,0.031383046,0.989467505,0.189531569,0.968345507,0.401107242,0.476750582,0.249246684
AT1G74260,8.248639716,7.682210788,8.223760716,8.905402517,0.293063536,0.477274659,-0.105338588,0.964026953,1.003025258,0.862646104,-0.217517208
AT1G74270,4.686588868,2.851926129,30.82542077,14.17557682,-1.026125728,0.0762638,-0.813778581,0.766398879,0.152036493,0.201185896,0.40411152
AT1G74330,7.893299946,9.255184085,13.55253809,24.96056085,0.890620686,0.033196245,0.228715983,0.923139787,0.582422266,0.370792313,-0.651454176
AT1G74360,1.60051094,5.633369371,2.755092869,14.01224888,2.341088456,7.40927E-15,1.855498348,1.12858E-05,0.580928127,0.402031781,-0.531050131
AT1G74370,2.774505813,4.483757451,14.24095703,13.64788337,0.060170539,0.967465886,0.611557915,0.834237431,0.194825798,0.328531343,0.753846291
AT1G74380,22.04019526,23.92440299,42.30873711,42.76516513,0.231039376,0.446910989,0.221036755,0.876460377,0.520937205,0.559436703,0.102865431
AT1G74450,12.44147875,34.57590492,34.75909921,87.82399085,1.422750085,1.25212E-30,1.496261634,2.88013E-08,0.357934441,0.393695442,0.137384641
AT1G74470,253.7314706,185.65848,636.9457716,511.3561705,-0.235439082,0.00272081,-0.434773353,0.012689419,0.398356472,0.363070773,-0.133809217
AT1G74640,3.870606826,7.923299512,17.71850114,17.95367191,0.147214532,0.876321818,0.830055747,0.32811329,0.218450014,0.441319166,1.014519204
AT1G74670,10.56623644,28.08801453,107.7716034,130.5587601,0.465676387,0.255374184,1.022558553,0.046260117,0.098042862,0.215136958,1.133770883
AT1G74690,5.158428225,3.857022259,11.50587402,6.282788126,-0.662643899,0.501624608,-0.157496733,0.971959027,0.448329976,0.613902965,0.453449674
AT1G74710,1.728954161,2.247453281,3.273583713,2.187552139,0.409884625,0.732514761,0.52527503,0.871450789,0.528153337,1.027382727,0.959944975
AT1G74730,19.4508325,22.67007011,230.8892195,219.8781686,-0.034761144,0.974983219,-0.08303729,0.982876393,0.084243139,0.103102869,0.291453394
AT1G74790,2.266824883,2.850548207,6.287103883,6.901548212,0.100530008,0.95445,0.092086461,0.987703677,0.360551523,0.413030253,0.196042021
AT1G74840,4.888507802,3.959698191,27.3603025,14.50865585,-0.538869555,0.337449747,-0.108752172,0.987703677,0.178671555,0.272919713,0.61116663
AT1G74850,4.051683707,4.294137505,4.635510079,2.004179456,-1.166149031,0.018150997,0.071327565,0.988742131,0.874053478,2.142591319,1.293563238
AT1G74880,29.28971263,22.72091772,72.70186726,75.03436798,-0.006107396,0.996592681,-0.358909495,0.855487131,0.402874283,0.302806812,-0.411932056
AT1G74910,18.38222254,16.82075574,43.32432989,47.08160401,0.301336507,0.16623549,-0.020132119,0.993889967,0.424293292,0.357268111,-0.24805472
AT1G74920,11.03372959,7.037768655,27.73887097,20.81146368,-0.494235474,0.065126628,-0.242463561,0.917653449,0.397771402,0.338167885,-0.2341999
AT1G74930,3.828452049,5.575522257,13.79595104,22.04985773,0.707646644,0.327672302,0.5161303,0.878842945,0.277505482,0.252859784,-0.134178673
AT1G74950,22.44643585,8.631618148,79.96611432,57.65459204,-0.537466278,0.004292492,-0.892020301,0.129164895,0.280699344,0.149712587,-0.906830169
AT1G74960,13.00881626,10.77805185,28.69921532,42.40026872,0.537326041,0.100397172,-0.299823954,0.855009236,0.453281252,0.254197725,-0.834455373
AT1G74970,72.4291026,51.71053253,243.3222604,214.9028488,-0.005319397,0.994562397,-0.259815277,0.73184281,0.297667392,0.240622834,-0.306927634
AT1G75000,3.450477203,8.149369163,12.05600446,33.96498654,1.556020029,1.60132E-09,1.052911454,0.424632827,0.286204042,0.239934415,-0.254403942
AT1G75030,2.457533862,1.614326332,7.297251558,8.693678534,-0.015023785,0.994680065,-0.224835651,0.972259272,0.33677527,0.185689674,-0.858892612
AT1G75040,4.813879918,6.407723521,28.48690648,12.23747003,-0.609860901,0.453712944,0.366380508,0.936826375,0.168985703,0.523615053,1.63160538
AT1G75100,9.412955136,8.101389701,20.51773914,16.69574719,-0.150941175,0.807740251,-0.17075988,0.952264185,0.458771557,0.485236726,0.080912796
AT1G75180,3.382272562,5.594118759,11.29360676,10.02729218,-0.307805805,0.641410568,0.184016132,0.971959027,0.299485597,0.557889275,0.897492194
AT1G75210,5.311497787,3.934077318,11.64736493,13.5156509,0.181693229,0.880685633,-0.269504945,0.936826375,0.456025703,0.291075683,-0.647720823
AT1G75220,12.7829307,13.22975281,27.98406106,24.16616472,-0.041546761,0.973779373,0.196427709,0.927958111,0.456793268,0.547449418,0.261184283
AT1G75230,9.78511196,4.874832216,18.55218332,14.53284748,-0.324846895,0.463805966,-0.885016351,0.293417339,0.527437218,0.335435449,-0.652964217
AT1G75280,5.854880252,3.828582869,16.05005381,18.76238547,0.228472477,0.762245172,-0.37688235,0.918817256,0.364788824,0.204056295,-0.83809431
AT1G75310,2.90226425,2.210347362,3.001345495,3.771869068,0.332833741,0.775242021,-0.428583001,0.810154012,0.966987724,0.586008507,-0.722575967
AT1G75350,36.35339535,25.32204149,163.1541936,124.3615221,-0.252607172,0.423863598,-0.217053481,0.919796702,0.222816187,0.203616368,-0.130000504
AT1G75370,4.306609608,2.388270815,13.62075016,9.22773732,-0.449694601,0.489577901,-0.751265731,0.696544806,0.31618006,0.258814348,-0.288828791
AT1G75380,20.42669532,17.42244531,57.59605537,57.14759617,0.230699141,0.708222269,0.076460426,0.976064811,0.354654415,0.304867509,-0.218231501
AT1G75400,2.022288427,2.277427023,3.172563623,5.948404178,0.79534792,0.137117742,-0.206647949,0.97421589,0.637430377,0.38286353,-0.735437531
AT1G75440,12.6203203,8.882430481,24.81174729,58.53742529,1.341139385,5.2363E-05,-0.343822262,0.927958111,0.508642949,0.151739343,-1.745058084
AT1G75460,26.01734363,21.82771239,155.9317725,95.7929137,-0.634882652,7.09502E-05,-0.170226632,0.941363014,0.166850817,0.22786354,0.449611348
AT1G75500,14.0000789,15.2357094,49.52990686,39.83378435,-0.213503268,0.422841795,0.219447543,0.936826375,0.2826591,0.382482098,0.436329079
AT1G75510,1.964801322,2.722376505,10.33296451,22.00411761,0.781221484,0.575647501,0.268512151,0.969732935,0.19014885,0.12372123,-0.62003613
AT1G75540,1.965963224,2.257067875,5.901478132,3.795067814,-0.699727844,0.60302702,0.111895682,0.988076608,0.333130646,0.594737166,0.836164153
AT1G75560,4.314202702,1.641784739,17.82186376,13.35571095,-0.27690316,0.854669943,-0.746056881,0.777333771,0.242073599,0.122927543,-0.977637539
AT1G75630,4.087354679,3.202064705,30.19055991,35.01126724,0.277678706,0.80024409,0.5569547,0.871450789,0.13538519,0.091458121,-0.565886745
AT1G75660,3.851952013,3.980460139,7.790758477,9.187442716,0.157799077,0.841805297,0.023747051,0.995303811,0.494425803,0.433250063,-0.190554075
AT1G75680,8.667465463,9.318225415,21.72166839,14.0909375,-0.343771844,0.407511879,0.159607541,0.957926244,0.399023929,0.661292084,0.728812366
AT1G75690,34.60840454,38.29080401,235.4050164,219.5466277,-0.055234974,0.938436691,0.183854788,0.922062997,0.147016428,0.174408527,0.246493209
AT1G75750,44.6083227,36.59716567,262.2053771,299.5491337,-0.029342895,0.948769329,-0.041547594,0.988909536,0.170127414,0.122174166,-0.477676372
AT1G75800,6.42392536,3.148139292,29.20659312,13.93738425,-0.772819381,0.026894001,-0.96906678,0.489555661,0.219947781,0.225877341,0.038378502
AT1G75820,6.721755326,7.88546408,11.58376022,8.053082439,-0.30414931,0.587080953,0.203038698,0.923119093,0.580274039,0.979185814,0.754848272
AT1G75840,2.443648665,3.361856696,6.132542047,5.81827169,-0.146310973,0.953880993,0.01109101,0.99858442,0.398472387,0.577810194,0.536115906
AT1G75850,1.872583098,1.692643608,4.005537532,4.713578733,0.067414803,0.982683177,-0.018594788,0.996883172,0.467498577,0.359099466,-0.380578465
AT1G75860,8.60453801,7.076018167,46.17809843,60.13518455,0.499048397,0.004552947,-0.190919709,0.961269059,0.186333745,0.11766852,-0.663160562
AT1G75950,16.60858128,14.39534566,137.4189869,102.277117,-0.323457602,0.078983155,0.403420166,0.834237431,0.120860892,0.14074845,0.219771542
AT1G75990,3.028458287,2.422626431,9.129341276,7.987612422,-0.178039725,0.874111818,-0.609602511,0.834237431,0.331728018,0.303297945,-0.129265146
AT1G76010,13.33099987,8.753829784,32.16566764,26.52516192,-0.005388581,0.996823316,-0.59125856,0.463325536,0.414448101,0.330019843,-0.328638679
AT1G76020,3.178162238,4.005551581,18.73646868,11.60164526,-0.621020005,0.512735434,0.257568951,0.970346925,0.169624399,0.345257202,1.025327806
AT1G76030,9.345339693,10.84815453,23.68345481,30.74118176,0.46123635,0.286625643,0.325759712,0.890513824,0.3945936,0.352886711,-0.161162454
AT1G76070,8.796955622,30.84636069,15.21583604,101.8347868,2.658322108,6.83693E-26,1.827221514,4.8997E-08,0.578144743,0.302905929,-0.932560911
AT1G76080,51.34774555,38.61318192,176.5824447,119.1993643,-0.278183526,0.151934851,-0.374192983,0.563828357,0.290786242,0.323937818,0.155757888
AT1G76090,4.77751,3.436885964,9.344661313,7.415737307,-0.278832456,0.822774047,-0.093082522,0.988742131,0.511255554,0.463458429,-0.141604672
AT1G76100,44.03988264,26.02194494,198.2913468,168.8588355,-0.19849096,0.737548536,-0.675482656,0.259450658,0.222096846,0.154104728,-0.527277776
AT1G76130,7.686588799,14.78160893,17.5091223,40.56689102,1.239590152,0.000212393,1.036548601,0.015116156,0.439004804,0.364376184,-0.268808061
AT1G76140,5.713599411,5.987602923,9.566365593,9.826048771,0.140710195,0.968871709,0.09536725,0.98134829,0.597259153,0.609360188,0.028938187
AT1G76160,72.74426906,41.92629681,171.2584345,90.74281305,-0.760527055,9.51667E-14,-0.758172771,6.35501E-05,0.424763132,0.462034352,0.121341567
AT1G76180,75.44536754,65.98336327,576.2778644,558.7237821,-0.00695856,0.991366964,0.121244399,0.936826375,0.130918385,0.118096572,-0.148700629
AT1G76200,12.64092208,8.444111772,64.16601777,56.91145428,-0.172569809,0.870318539,-0.205330235,0.970346925,0.197003375,0.148372799,-0.408993719
AT1G76340,2.412515142,3.113871831,6.138507482,6.875519388,0.268123569,0.806160117,-0.084461435,0.989950827,0.39301331,0.452892597,0.204590786
AT1G76360,11.15063265,15.49751505,21.46066549,46.57762858,1.134384907,4.34067E-08,0.486698132,0.594432883,0.519584663,0.332724433,-0.643031037
AT1G76450,11.43647436,12.10731839,60.96582203,41.90358772,-0.295866874,0.600859978,0.081050757,0.987703677,0.187588291,0.288932739,0.623163907
AT1G76490,46.02225398,27.57802506,109.3241907,88.64757692,-0.165615024,0.232644745,-0.641175836,0.00326142,0.420970452,0.311097336,-0.436352932
AT1G76570,6.906980453,3.657028906,9.219762862,15.60066813,0.842009652,0.23283646,-0.770974849,0.69286726,0.749149469,0.23441489,-1.676189378
AT1G76600,30.42519837,77.29768639,88.11196469,238.110984,1.493357754,4.07797E-34,1.313085704,2.69655E-09,0.345301554,0.324628814,-0.089065769
AT1G76650,31.76157533,57.18460498,63.67589181,113.5191745,0.805699485,0.010635551,0.922566845,0.006084403,0.498800636,0.503744017,0.014227495
AT1G76670,9.477301098,10.21526058,31.2293845,35.41678504,0.342440334,0.128706541,0.398370002,0.812507089,0.303473836,0.288429923,-0.073351295
AT1G76680,39.59503072,105.4441911,128.8882685,313.615069,1.418779432,1.95942E-51,1.42268483,4.50356E-20,0.307204303,0.336221698,0.130214408
AT1G76700,3.71712574,6.180923342,11.63241231,10.67303823,0.285209132,0.806675853,0.628122411,0.685652346,0.319549002,0.579115638,0.857814275
AT1G76730,4.946256252,4.352535273,23.24404397,22.34124665,0.042628472,0.9709843,-0.116222697,0.987703677,0.212796717,0.194820609,-0.127329596
AT1G76810,6.805640441,4.947781412,7.968039302,9.621899352,0.375370366,0.11146867,0.009437732,0.996883172,0.854117328,0.514220865,-0.732046112
AT1G76850,3.472186729,3.321893381,7.137108461,7.754870845,0.329797044,0.510793711,-0.013024993,0.996883172,0.486497683,0.42836218,-0.183601823
AT1G76900,3.500261732,2.722077361,9.989624197,8.325011914,-0.09810767,0.958222651,-0.197954041,0.97421589,0.350389731,0.326975792,-0.099776666
AT1G76920,4.850509749,1.474795653,13.6295594,12.93523874,-0.081364599,0.955140301,-1.342395985,0.186578714,0.355881625,0.114013795,-1.642189059
AT1G76950,2.238329743,1.717501188,2.694392941,2.424979969,-0.015611351,0.994772789,-0.096903395,0.987703677,0.830736196,0.708253763,-0.230124054
AT1G76970,2.543592036,6.421477323,8.983062672,29.90249346,1.690112283,1.45732E-05,1.446999591,0.025517164,0.283154212,0.214747219,-0.398948542
AT1G76990,10.11832954,7.17668744,32.06749177,21.87039779,-0.491057317,0.157416614,-0.48043729,0.722637652,0.315532303,0.328146178,0.056550917
AT1G77060,9.120027947,10.45959908,41.52082329,32.16291536,-0.319784383,0.455827723,0.290349724,0.922062997,0.219649497,0.325206809,0.56615427
AT1G77090,6.980836687,9.598219529,35.42307748,38.99216103,0.174956719,0.86872918,0.586600361,0.853564115,0.197070305,0.246157671,0.320872291
AT1G77180,7.589609397,7.497766487,15.26558303,14.6515043,-0.058156329,0.95445,0.078475508,0.986150942,0.497171276,0.511740387,0.041669149
AT1G77210,3.421915508,2.124439068,3.607015333,2.565530487,-0.414260804,0.813851181,-0.569089156,0.879698359,0.948683383,0.828070093,-0.196173786
AT1G77260,3.158643613,2.873506863,6.122645331,4.356579678,-0.748524425,0.204795938,-0.084585703,0.987703677,0.515895245,0.659578632,0.354466511
AT1G77300,3.489762495,1.892399487,3.147308146,4.294717048,0.600057731,0.200343891,-0.746948401,0.406886139,1.10880865,0.440634264,-1.331356826
AT1G77450,1.784473461,1.329223831,8.224987582,6.2692811,0.043855003,0.982938884,0.027974685,0.996883172,0.216957587,0.212021731,-0.033200899
AT1G77490,31.70301633,30.54085052,82.25772462,86.74308943,0.138535765,0.663668149,-0.121867081,0.94166093,0.385410811,0.352083961,-0.130477532
AT1G77500,2.765974523,5.234143097,5.327553464,9.952772055,0.960194388,0.031312855,0.895177673,0.176240474,0.519182875,0.525898018,0.018540263
AT1G77590,6.858030192,5.866909273,12.6781613,8.79931911,-0.400071845,0.22474222,-0.167631249,0.957926244,0.540932556,0.666745824,0.301688157
AT1G77680,3.767578749,2.21640475,9.248494725,5.697491252,-0.482148382,0.291477868,-0.620938714,0.620501991,0.407372103,0.389014156,-0.066524534
AT1G77710,8.158707571,9.051643874,51.87633383,34.73702133,-0.056131945,0.968520532,0.006528023,0.998844586,0.157272247,0.260576282,0.72844167
AT1G77760,9.633607958,19.91193961,20.71713648,37.06936111,0.929828642,4.44739E-11,1.055756927,0.00150972,0.465006733,0.537153569,0.208082998
AT1G77770,2.417341738,1.324737475,6.043515136,9.560008493,0.400780162,0.796649863,0.02117778,0.996968648,0.399989358,0.138570742,-1.529338934
AT1G77800,2.511407596,1.950188733,4.197930115,5.823674817,0.511765822,0.171587158,-0.290681676,0.929403571,0.598249025,0.334872532,-0.837134094
AT1G77840,1.772066189,2.451900937,6.55773591,5.780151699,-0.034999294,0.98467125,0.096712399,0.988742131,0.270225305,0.424193181,0.650558647
AT1G77930,6.346623226,7.658609527,28.51218734,26.59439538,0.046894743,0.975009112,0.084875397,0.987703677,0.222593348,0.287978328,0.37154977
AT1G77940,31.62136831,20.44287717,92.92338257,79.64049027,0.065989832,0.950555239,-0.510127643,0.678006934,0.340295063,0.256689494,-0.406761969
AT1G78020,12.14634355,5.193032655,70.18010244,51.62428617,-0.287492306,0.483125596,-0.526961211,0.844904665,0.173073893,0.100592822,-0.782860753
AT1G78040,62.39581186,74.93549367,342.8230717,232.3015615,-0.421386287,0.000518965,0.07686856,0.963654496,0.182005871,0.322578519,0.825665379
AT1G78060,2.016270792,2.204253106,2.511264642,2.419116277,0.001603012,0.999360516,0.260228208,0.958562339,0.802890607,0.911181131,0.182534437
AT1G78070,9.972014878,9.574514225,23.73447057,17.15027851,-0.606872627,0.186333312,-0.033138907,0.993235243,0.420149034,0.558271647,0.41006612
AT1G78080,7.973858323,4.988871184,49.01454248,24.66606302,-0.709849159,0.105770453,-0.338080545,0.890513824,0.16268352,0.202256484,0.314117839
AT1G78140,6.395501085,4.228815499,26.12512454,15.7523444,-0.279090821,0.768394788,-0.279255386,0.943207839,0.244802702,0.268456262,0.133067576
AT1G78230,3.697134724,3.99427562,9.177693983,5.431733446,-0.731641606,0.201969546,0.096563446,0.987703677,0.402839181,0.735359284,0.868245291
AT1G78240,25.1064529,16.47231089,42.03904058,29.52530213,-0.327091411,0.092752254,-0.524931421,0.123723112,0.597217552,0.557904905,-0.09823733
AT1G78280,14.95863003,27.91283109,28.1019215,49.26968364,0.912889295,8.3562E-14,0.964841206,8.00364E-05,0.532299189,0.566531567,0.089918977
AT1G78300,20.35989275,13.23797624,49.16697507,61.68950226,0.197642151,0.748858888,-0.354775382,0.767944319,0.414096916,0.214590421,-0.948382783
AT1G78370,7.99661764,14.59283634,57.87240145,75.41287924,0.385942317,0.080726005,1.044996433,0.13307672,0.138176703,0.19350589,0.485863086
AT1G78380,16.06715264,19.34547645,87.92502904,70.31591916,-0.390186306,0.099438263,0.177380384,0.936826375,0.182736961,0.275122286,0.590304539
AT1G78460,2.424090929,3.362997339,25.29813821,29.32837096,0.309077382,0.669472127,0.352545111,0.953728363,0.095820922,0.114667035,0.259038098
AT1G78510,7.820015286,3.838306166,15.15263732,8.246865805,-0.844373823,0.03354049,-1.004008675,0.218231332,0.516082786,0.465426049,-0.149050554
AT1G78560,3.751305098,3.05107431,9.852254023,6.696623063,-0.288826676,0.886913465,0.017600852,0.997319169,0.380756027,0.455613864,0.258944775
AT1G78570,21.4387621,18.04827018,29.99485223,21.98057243,-0.369150118,0.093388538,-0.52815532,0.180134145,0.714748049,0.821101008,0.20012493
AT1G78580,4.581329921,3.414196993,8.29972701,9.241693816,0.289514527,0.692896507,-0.404332516,0.836101519,0.551985615,0.369434117,-0.579313567
AT1G78620,9.607599386,7.194790024,23.24557465,22.96110624,0.255549885,0.686608062,-0.188301251,0.963564052,0.413308749,0.313346837,-0.399459473
AT1G78630,69.74826186,56.1982791,336.2552727,280.9749854,-0.110693496,0.47705978,-0.228578697,0.794317245,0.207426522,0.200011681,-0.052516118
AT1G78670,1.544090351,1.567945491,3.907117082,4.832967753,-0.046621913,0.989721267,-0.110375995,0.988076608,0.395199406,0.324427054,-0.284686647
AT1G78680,4.930796608,4.08666275,7.31176125,9.52581081,0.321943248,0.826128346,-0.166073022,0.97690286,0.6743651,0.429009439,-0.652520486
AT1G78800,3.272127235,1.57870277,2.554923856,2.187302306,-0.451816081,0.806782691,-0.814224629,0.731956595,1.28071419,0.721757923,-0.827361607
AT1G78820,11.36057988,6.944065835,23.09553363,24.13937205,0.18845906,0.761992188,-0.310716402,0.86215767,0.491895102,0.287665554,-0.773958211
AT1G78830,72.00775144,139.8778443,167.4191084,368.1328207,1.163149112,1.30566E-33,1.088764754,4.20549E-14,0.430104736,0.379965698,-0.178818833
AT1G78850,79.82039674,178.3577596,199.2553423,594.31978,1.550107317,1.22308E-40,1.150514913,1.30732E-16,0.400593509,0.300104028,-0.416676364
AT1G78870,5.16213269,3.822174439,17.32924824,21.12463169,0.071987484,0.975004331,-0.094864493,0.987703677,0.297885553,0.180934489,-0.719290721
AT1G78890,8.449075917,5.143687811,24.4803078,17.39068064,-0.492770216,0.425815343,-0.128998823,0.985025614,0.34513765,0.295772656,-0.222683179
AT1G78900,35.99247702,33.06938046,61.11591306,57.01552825,-0.11113602,0.691874927,0.131101049,0.915554809,0.58892153,0.580006561,-0.022006197
AT1G78915,4.585541329,4.136076914,18.99578795,12.87879269,-0.467452606,0.237210949,0.169076326,0.971959027,0.241397795,0.321154088,0.41185316
AT1G78920,5.631556395,4.46808077,9.36885342,6.770104662,-0.271423282,0.602199234,-0.187926823,0.949450398,0.601093447,0.659972185,0.134815932
AT1G79000,5.058238517,4.270402505,5.702558234,6.16844192,0.067522837,0.95445,-0.288769776,0.87077547,0.887012164,0.692298405,-0.357559863
AT1G79010,3.41872985,3.672142152,25.49634663,24.73361705,0.361632794,0.642273214,-0.412334528,0.920810098,0.134087048,0.148467656,0.146978786
AT1G79040,937.7709577,757.764329,4000.60983,4337.204806,0.16144532,0.385142956,-0.091308351,0.850721761,0.234407002,0.1747126,-0.424032009
AT1G79090,3.563424382,3.046486358,6.821730538,5.299662944,-0.065220254,0.983120328,0.003610455,0.999274118,0.522363697,0.574845304,0.138119132
AT1G79210,6.008627139,2.154921368,10.87994698,7.448195174,-0.372640823,0.597795249,-0.730668171,0.777333771,0.552266215,0.289321281,-0.93269143
AT1G79230,6.898394993,7.526076128,22.17723847,16.93463222,-0.431689522,0.473828782,0.248227179,0.936826375,0.311057439,0.444419225,0.51474022
AT1G79270,3.101227296,3.335165439,7.027447208,6.299204601,0.163526984,0.910440499,0.298485816,0.936826375,0.441302112,0.529458186,0.262750098
AT1G79280,3.422572645,3.124709879,4.728711515,3.172648137,-0.505245967,0.213657226,-0.153525101,0.963685245,0.723785461,0.984890144,0.444400684
AT1G79340,18.59229581,17.4365016,55.01658931,57.91222689,-0.055541579,0.935760083,0.087418055,0.970346925,0.337939811,0.301084979,-0.166595586
AT1G79380,9.136851547,7.914795426,31.23161255,35.35547882,0.377779443,0.089338827,0.135942079,0.970346925,0.292551386,0.223863336,-0.386071791
AT1G79440,2.33064946,1.75533008,4.140223797,2.054119664,-0.321097989,0.819473516,-0.120728285,0.987703677,0.562928376,0.854541296,0.602198839
AT1G79510,7.986531481,4.849769954,24.7460488,10.46678004,-0.724511485,0.150362525,0.002949068,0.999363834,0.322739664,0.463348798,0.521727737
AT1G79550,17.47696622,18.49914316,58.01299854,60.9014167,0.149289434,0.634785713,-0.143138453,0.942837015,0.301259488,0.303755547,0.011904078
AT1G79560,3.237392105,4.339402765,5.468288285,2.464839473,-1.03124055,0.034008207,0.048208864,0.99102187,0.592030254,1.760521451,1.572259997
AT1G79570,3.204931923,2.433415913,4.940142713,3.414275982,-0.448143823,0.65886091,-0.467595241,0.819560928,0.648752902,0.712717989,0.135662251
AT1G79600,20.57348572,17.49417545,52.18353258,44.56628987,-0.131515076,0.739822045,-0.1800711,0.906973926,0.394252453,0.392542783,-0.00626983
AT1G79670,2.235713005,3.371546214,6.654791006,16.97179726,1.470992585,2.85449E-05,0.603962149,0.764063421,0.335955405,0.198655815,-0.757998717
AT1G79690,2.949588941,4.321370258,6.849384561,6.472364927,0.008116897,0.995296217,0.486207402,0.834237431,0.430635616,0.667664804,0.632656346
AT1G79750,18.56068259,10.25572246,48.89212653,44.39047446,-0.120674529,0.676845481,-0.684370999,0.062975107,0.379625185,0.231034306,-0.716468616
AT1G79830,3.509842412,3.618249227,7.083858588,6.458826572,0.040210434,0.975009112,-0.040552107,0.992589008,0.495470423,0.560202258,0.177148858
AT1G79850,93.65237238,77.77967814,524.5414511,500.3736195,-0.044175617,0.881080612,-0.07326124,0.971910818,0.178541414,0.155443203,-0.199871223
AT1G79870,9.995640448,6.609098343,32.93298121,36.50906261,0.200757591,0.758966982,-0.564267883,0.781471705,0.303514595,0.18102624,-0.745567056
AT1G79920,5.175961613,4.754545149,7.024553893,5.023159065,-0.427578895,0.367684155,-0.351867819,0.75044202,0.73683848,0.946524903,0.361292059
AT1G79940,2.431269967,2.464144519,7.460064046,8.782811279,0.22104613,0.881138327,0.099259937,0.987703677,0.325904704,0.280564439,-0.216118015
AT1G79990,4.051629389,4.575201889,8.512132867,6.991549227,-0.216534906,0.766169285,0.083727948,0.985543975,0.475982865,0.654390285,0.459241691
AT1G80000,3.081333731,1.799820636,6.107638541,4.466522836,-0.270030657,0.867762084,-0.456513396,0.899651201,0.504504926,0.402957894,-0.32423926
AT1G80030,6.625075259,7.223986894,26.5251046,19.53360451,-0.183098525,0.750870329,-0.001294426,0.999367992,0.249766226,0.369823546,0.56625868
AT1G80070,13.43634863,14.56268385,11.09572625,14.18714834,0.416937757,0.008995025,0.129134962,0.889467901,1.210948101,1.026470119,-0.238445404
AT1G80300,5.563803119,4.911122021,16.93076809,24.20497275,0.599974344,0.147759564,-0.028422187,0.993889967,0.328620833,0.202897234,-0.695674747
AT1G80350,1.855282346,1.699290468,6.1777139,5.743638852,-0.11016018,0.94925199,0.353877102,0.938422258,0.300318593,0.295856079,-0.021598259
AT1G80360,5.987476856,4.434735248,12.13706614,8.659163497,-0.098678602,0.958222651,-0.202748456,0.966511025,0.493321597,0.512143609,0.054019962
AT1G80380,40.83575308,52.17440809,137.0167432,165.187381,0.379666932,0.002308809,0.303176203,0.583853338,0.298034767,0.315849841,0.083758212
AT1G80410,11.29338483,10.17026648,15.13359105,12.24043021,-0.022113174,0.987311096,-0.149302447,0.943661442,0.746246201,0.83087492,0.154979629
AT1G80440,14.78904737,16.39336107,38.9437079,44.38005972,0.234372848,0.438614711,0.214948708,0.92222716,0.379754476,0.369385737,-0.039938807
AT1G80460,11.66673451,9.181686372,26.45071747,24.74759037,-0.081343429,0.888658296,-0.156996805,0.957926244,0.441074407,0.371013349,-0.249550956
AT1G80480,9.442473647,8.394340566,13.80969845,11.98682428,-0.353532398,0.505029272,-0.308862982,0.915554809,0.683756686,0.70029729,0.03448447
AT1G80490,3.988154765,2.314181417,5.900265751,4.974486887,-0.04802134,0.981862275,-0.82958174,0.344880979,0.675927989,0.465210075,-0.538987215
AT1G80500,6.861408198,5.809736071,18.85858005,17.43215017,-0.120928556,0.953880993,0.126257023,0.987459256,0.363834826,0.333277078,-0.126561549
AT1G80510,5.304694568,7.236161193,11.40371306,7.923155764,-0.424264122,0.732466201,0.369058006,0.900701154,0.465172575,0.91329281,0.973311433
AT1G80560,4.003893947,2.843895796,11.12621769,10.4126378,-0.086761141,0.946910465,-0.202909459,0.970346925,0.359861191,0.273119631,-0.397907508
AT1G80600,18.52400766,11.21695871,32.89491267,24.73026262,-0.22706385,0.661103631,-0.633464318,0.434162552,0.563126823,0.453572163,-0.31212777
AT1G80610,4.776331287,2.389015023,11.92486823,22.69852602,1.137146484,0.01039499,-0.293347611,0.956111077,0.400535351,0.105249787,-1.92811227
AT1G80640,3.735740426,2.921496414,10.35248441,13.22486309,0.469778216,0.546487516,-0.168423716,0.977375972,0.360854485,0.220909388,-0.707962453
AT1G80670,2.703962688,3.184689972,6.530084725,5.87166218,0.5779562,0.603582195,0.079610509,0.989720825,0.414077734,0.542383038,0.389410433
AT1G80680,2.14078532,2.187861892,3.386393546,3.379101381,-0.023436058,0.991477585,-0.015244494,0.996968648,0.632172632,0.647468556,0.034491552
AT1G80760,2.219857984,3.351153231,6.346800481,5.913564402,-0.045853594,0.985638551,0.481291656,0.915554809,0.349760165,0.566689225,0.696191785
AT1G80770,3.207566746,4.094079657,13.26533026,10.47327847,-0.322232101,0.862482733,0.346653366,0.93175614,0.241800746,0.390907171,0.693007357
AT1G80780,6.471069503,4.520187483,21.08316996,11.68304954,-0.395565411,0.65191577,-0.183496527,0.975735197,0.306930576,0.386901337,0.33405334
AT1G80840,36.98739795,100.7544477,64.47197566,217.4878343,1.803341733,2.80866E-25,1.564911127,3.18668E-17,0.573697294,0.463264752,-0.308452794
AT1G80920,34.59601978,32.33942869,273.4993585,206.8759104,-0.194626136,0.484225386,0.273750622,0.836101519,0.12649397,0.156322834,0.305459913
AT1G80930,4.332989656,2.041477005,6.970023313,7.255702769,0.2442818,0.68074925,-0.564445793,0.767944319,0.621660712,0.281361719,-1.143701351
AT2G01060,2.507323901,1.565109933,15.90106243,12.1774921,-0.389782613,0.666026119,-0.255884921,0.968916847,0.157682791,0.128524816,-0.294978268
AT2G01110,18.55785433,11.93847558,77.30745575,72.05681173,0.058339001,0.922141838,-0.285788529,0.864081627,0.240052582,0.16568143,-0.534938544
AT2G01140,12.63439299,10.39321686,41.58579783,49.91717737,0.41950663,0.192462562,-0.250430251,0.920867638,0.303815092,0.208209226,-0.54515954
AT2G01180,32.02938595,76.77047459,95.29717933,378.9722251,2.00434912,2.22039E-33,1.648855538,3.58345E-21,0.336100042,0.202575465,-0.730431272
AT2G01190,8.652389887,5.208915181,11.39767339,18.41075509,0.560342659,0.589111946,-0.625033824,0.600202235,0.7591365,0.282927841,-1.423925173
AT2G01250,31.66855732,24.96410355,119.2684047,108.9651493,0.022088184,0.97061072,-0.093969448,0.976064811,0.265523442,0.229101724,-0.212850921
AT2G01260,4.900273765,2.773103769,9.244173912,6.272211837,-0.164344899,0.874111818,-0.322381793,0.936826375,0.530093204,0.442125336,-0.261790632
AT2G01290,2.786789065,5.405253431,10.87558158,3.978474398,-0.161469343,0.909676643,0.940534579,0.5309307,0.256242762,1.358624661,2.406563786
AT2G01320,3.467211281,3.208491052,9.66531103,10.56877607,0.197541898,0.768833314,-0.247431548,0.945159624,0.358727336,0.303582083,-0.240801042
AT2G01340,1.935166282,4.24193592,7.454202509,28.08290915,1.7725553,7.60991E-06,0.552976065,0.902731118,0.25960742,0.151050445,-0.781301186
AT2G01350,5.654366657,5.511238743,12.18856799,11.71409337,0.11841578,0.940114835,-0.003308898,0.999363834,0.463907381,0.470479325,0.020294524
AT2G01420,4.845397486,5.837497072,8.063969822,7.205080083,-0.177756049,0.915784563,0.407493246,0.877055808,0.600869992,0.810191837,0.431210675
AT2G01450,21.66118488,21.96326501,91.41145586,121.8004782,0.433220351,5.59703E-05,0.035400003,0.989950827,0.23696357,0.180321665,-0.394092538
AT2G01570,15.29954917,9.963978446,20.19811812,16.21624961,-0.444450889,0.239218806,-0.485490746,0.598051705,0.757473993,0.614444072,-0.301914656
AT2G01600,8.32227264,6.655323466,13.48905355,19.42004728,0.779455348,0.000317388,-0.280180375,0.920224397,0.616964905,0.342703773,-0.848226352
AT2G01650,3.373641056,2.932375134,4.657657644,5.536712926,0.24924204,0.850990541,-0.007087078,0.998956351,0.724321389,0.529623835,-0.451661928
AT2G01670,7.81063811,11.71557021,33.4088589,67.95943592,0.782267571,0.056141254,0.628745742,0.4962986,0.233789431,0.172390633,-0.43952832
AT2G01690,5.336380055,4.724164634,7.336688438,6.193971769,0.037812395,0.984383115,-0.117828438,0.977417053,0.727355414,0.762703611,0.068462037
AT2G01720,5.061080431,3.537573578,15.24030371,2.319612304,-2.003372696,0.000391625,-0.325845611,0.935505558,0.332085274,1.525071052,2.199250805
AT2G01755,2.13437983,2.692219691,4.960590415,3.588413171,-0.294650141,0.911099416,0.166044926,0.985769092,0.430267297,0.750253542,0.802145034
AT2G01820,8.479976761,5.834372381,15.56422004,9.951107946,-0.49852686,0.103084246,-0.517131285,0.627576418,0.544837887,0.586303798,0.105821372
AT2G01850,18.88347705,15.65451294,48.31747357,28.36593557,-0.672539797,0.052012471,-0.091087727,0.977375972,0.39082087,0.551877194,0.49783976
AT2G01910,4.765949326,3.822856323,8.630358189,10.60076975,0.220246602,0.740063313,-0.276684384,0.930283453,0.552230767,0.360620635,-0.614789317
AT2G01970,7.763901172,9.357497279,18.65692887,13.43387873,-0.481042054,0.124641733,0.249746242,0.915554809,0.416140364,0.696559606,0.743176581
AT2G02040,3.570267407,2.813997837,11.84035363,3.999143174,-1.366737082,0.061467577,-0.101641851,0.987703677,0.301533849,0.703650186,1.222538418
AT2G02050,17.11672854,7.412419039,52.16571948,32.44539387,-0.112588578,0.951380532,-0.371339257,0.922062997,0.32812216,0.228458285,-0.522302267
AT2G02070,4.887701616,1.990958983,5.025729468,3.779285973,-0.206081486,0.868959887,-1.136255512,0.329611598,0.972535758,0.526808238,-0.88447339
AT2G02080,1.944714124,1.649151549,5.677853384,4.568667947,0.045609446,0.983120328,-0.161459191,0.982744851,0.34250869,0.360969886,0.075737894
AT2G02090,2.945243495,2.971445613,5.191146704,4.916906417,-0.005667133,0.997219566,0.054039778,0.992587634,0.567358941,0.604332351,0.091080425
AT2G02160,3.649152929,4.492844603,10.61283357,9.857000646,-0.161523115,0.884571,0.373935431,0.915554809,0.343843414,0.455802405,0.406656824
AT2G02170,2.595582733,1.294545804,5.766711405,3.897921492,-0.35831774,0.805711375,-0.558617564,0.885321622,0.45009756,0.332111821,-0.438568671
AT2G02180,10.16163696,11.92298632,55.50626984,68.11847044,0.264418576,0.593095765,0.626556735,0.474847692,0.183071876,0.175033089,-0.064782495
AT2G02220,5.699068418,12.18879415,11.46152338,18.06373403,0.770977461,0.011042376,1.094193286,0.003863754,0.497234812,0.674766033,0.440460047
AT2G02370,1.418298588,2.33584044,2.58818941,5.525828575,0.676525033,0.613672182,0.818165916,0.749215808,0.547988715,0.422713157,-0.374467167
AT2G02450,6.015216786,2.810383348,13.41450582,7.543108964,-0.710642451,0.185503829,-0.993267283,0.454652942,0.448411359,0.372576263,-0.267287063
AT2G02500,3.360420355,3.235752256,8.367935184,6.938427108,0.273320469,0.880371997,-0.373984686,0.932868832,0.401582981,0.466352418,0.215722467
AT2G02560,5.51059276,2.063255727,3.863714877,5.363916691,0.494363141,0.376303128,-1.244472998,0.02996666,1.426242084,0.384654693,-1.890583065
AT2G02570,2.641037011,3.53620205,4.432637251,11.00203189,1.286403962,0.045780634,0.567895713,0.87077547,0.595816184,0.321413543,-0.890436592
AT2G02710,3.139469446,2.00998353,9.007285142,7.32479183,0.322045922,0.63897527,-0.603420013,0.787520658,0.348547803,0.27440828,-0.345032518
AT2G02800,5.416372808,6.503286749,14.98119024,12.36850384,-0.193469553,0.915185625,0.348591318,0.906973926,0.361544892,0.525794133,0.54032325
AT2G02860,4.397166432,7.63424024,16.21125411,33.76047984,1.091447799,0.000267916,0.790254256,0.424632827,0.271241596,0.226129494,-0.262429258
AT2G02870,3.688338946,1.939927156,9.811088801,10.20580285,0.151952829,0.855724351,-0.952862858,0.498044092,0.375935742,0.190080799,-0.983873283
AT2G03120,4.916205962,2.401647205,9.254315706,12.70609141,0.665535851,0.119310083,-0.678784076,0.777907309,0.531233872,0.18901542,-1.490843201
AT2G03150,2.185213744,2.439158962,4.287079201,2.771230263,-0.168704743,0.87696402,0.116535355,0.981023779,0.509720871,0.880171884,0.788077861
AT2G03240,8.446034827,8.924348999,15.85164302,13.01124159,-0.180427037,0.822774047,-0.010539399,0.996883172,0.532817628,0.685895265,0.364346483
AT2G03340,1.700743936,1.604755566,3.052769268,3.771831118,0.061066015,0.981376755,-0.452403041,0.920224397,0.557115126,0.425457958,-0.388958909
AT2G03390,6.070074534,9.049728732,20.68009917,11.91769003,-0.575317916,0.317287734,0.505358025,0.799037822,0.293522506,0.759352585,1.371298791
AT2G03440,11.11055725,12.33514504,87.884404,50.96136643,-0.721755777,0.002531623,0.183566818,0.970346925,0.1264224,0.242048946,0.937046708
AT2G03470,5.258095628,3.653758788,13.6964424,9.872799546,-0.299100238,0.754634582,-0.302463137,0.938422258,0.383902292,0.370083356,-0.05288892
AT2G03510,4.079204777,3.215100192,15.07878866,6.920597537,-0.856367646,0.098703118,-0.09100166,0.988742131,0.270526026,0.464569739,0.780127787
AT2G03680,29.41197529,19.86081339,121.3251034,111.6184047,-0.002681481,0.997282424,-0.217490422,0.938037002,0.242422833,0.177934933,-0.446175812
AT2G03690,3.110923268,3.857548389,12.96907475,8.219468761,-0.346689532,0.783069917,0.330699963,0.953813161,0.239872414,0.469318456,0.968299942
AT2G03730,7.822857335,3.522649276,18.68071369,11.64501774,-0.593136824,0.156819673,-0.982729251,0.383163772,0.418766513,0.302502697,-0.469198075
AT2G03750,7.018911915,4.953904352,29.30504753,9.927112698,-1.378798492,1.87484E-05,-0.616445753,0.747006029,0.239512047,0.499027714,1.059021717
AT2G03760,1.5737439,3.067451026,8.035451577,13.76456482,0.740167989,0.173141294,0.863326587,0.715799379,0.195850088,0.22285129,0.186331534
AT2G03820,5.700204943,5.546510571,21.15321938,14.7466513,-0.332953809,0.541729042,0.011542316,0.997324194,0.269472218,0.376120006,0.481056504
AT2G03870,3.461438508,2.837139786,27.57919259,49.47210234,0.603946642,0.454590107,0.069607062,0.993230672,0.125509059,0.057348276,-1.129969472
AT2G03980,3.033073898,4.362453712,6.333740551,12.41601261,1.017386392,0.013753257,0.298262747,0.945096966,0.478875614,0.351357062,-0.446713076
AT2G04030,6.839758675,6.669950604,14.77729553,8.080958418,-0.453153254,0.841484661,-0.103406598,0.97690286,0.462855917,0.825391032,0.834514597
AT2G04039,14.77574177,12.14411275,86.13240684,78.75733333,-0.105535428,0.807372172,0.003718199,0.999158603,0.171546835,0.154196597,-0.153831585
AT2G04305,2.855195619,5.047415321,10.95481198,15.49807534,0.483410272,0.358572331,0.390640336,0.906973926,0.260633923,0.325680138,0.32143087
AT2G04350,7.191182878,5.865965281,9.776411569,8.362568056,-0.052624781,0.980484224,-0.175637407,0.957770699,0.735564663,0.701455013,-0.068501592
AT2G04378,6.702842666,2.622234399,8.103862886,14.53176862,0.440192172,0.329038608,0.167957507,0.971959027,0.827116989,0.1804484,-2.196505048
AT2G04390,4.75589779,3.103697271,19.95704325,6.55818784,-0.611653696,0.281997289,-0.814228316,0.640807688,0.238306734,0.473255318,0.989799001
AT2G04400,3.671906313,7.194525995,9.949451722,16.998166,0.798809012,0.199485169,0.951631413,0.383163772,0.369056147,0.423253073,0.197680224
AT2G04520,23.20915389,20.85274661,45.83649034,42.40530599,0.015345481,0.987742729,-0.01356894,0.996883172,0.506346662,0.491748524,-0.04220472
AT2G04570,3.766900928,3.557271564,6.051646042,11.88609692,0.832039802,0.328143734,-0.150481594,0.982876393,0.622458898,0.29928004,-1.056482512
AT2G04700,20.68341718,15.70625166,89.51909842,75.43146876,0.023344032,0.98196398,-0.037167815,0.992589008,0.231050329,0.208218823,-0.15010665
AT2G04780,7.702245419,14.9077578,37.34633345,55.75951409,0.53006301,0.539139231,0.879568556,0.454652942,0.206238329,0.267358101,0.374460909
AT2G04795,3.928074789,4.975475716,8.134369377,2.307389528,-1.262818737,0.301229014,0.12556613,0.987703677,0.482898502,2.156322396,2.158781
AT2G04842,8.661164069,8.568525347,23.61148049,27.71185941,0.29692137,0.450252337,-0.001719316,0.999363834,0.366820034,0.309200665,-0.246529013
AT2G04865,1.638318657,1.919383919,2.984907888,1.43634985,-0.899862918,0.301472015,-0.05887123,0.992589008,0.548867408,1.33629277,1.283706544
AT2G04900,9.680380139,8.19632565,26.29610525,17.5092855,-0.099203387,0.950890971,-0.150142915,0.979467805,0.368129807,0.468113085,0.346642527
AT2G05070,159.1076271,106.0541282,734.2360252,591.7048603,-0.174217723,0.092458793,-0.205732671,0.476303021,0.216698203,0.179234844,-0.27383606
AT2G05100,133.6080383,128.085433,1044.365038,834.5883724,-0.127417827,0.326480361,-0.14498736,0.63713476,0.127932316,0.153471384,0.262588942
AT2G05170,3.338364031,2.649320173,5.804077382,2.773810536,-0.816253247,0.078914796,-0.413542602,0.86215767,0.575175659,0.955119371,0.73167843
AT2G05220,6.905551082,1.812419989,23.15129587,49.17189931,0.259511546,0.632911756,-0.727320851,0.525653921,0.298279246,0.036858857,-3.016580375
AT2G05310,24.06736051,19.29664031,87.38659349,66.39232136,-0.183807191,0.889011975,-0.045819459,0.992200253,0.275412504,0.290645664,0.077667325
AT2G05380,11.12020798,9.804027659,55.21037221,22.87411518,-0.712523406,0.349620747,0.616379763,0.766398879,0.201415197,0.428607952,1.089486077
AT2G05520,144.9077043,133.4093123,459.4177908,347.1904342,-0.213279222,0.403515188,0.024298602,0.989720825,0.315415962,0.384253998,0.2848046
AT2G05540,11.02787521,9.903810578,36.86340805,32.50324585,0.24447003,0.67516192,-0.146822568,0.982876393,0.299155064,0.304702202,0.026506439
AT2G05620,29.05364331,31.63711047,164.1723749,203.0040241,0.238889177,0.300159121,0.177527086,0.943661442,0.176970354,0.155844745,-0.183398188
AT2G05710,14.41795215,13.25510682,22.61870603,19.5979118,-0.110952518,0.840319859,-0.149719124,0.922062997,0.637434879,0.676353019,0.085498488
AT2G05790,3.945242042,5.147281936,11.48567511,10.05266742,-0.054956186,0.989721267,0.478183178,0.866855451,0.343492394,0.512031456,0.575954289
AT2G05810,3.927170989,3.458460877,4.988898757,5.252483826,0.169301923,0.939602249,-0.086090654,0.987703677,0.787181937,0.658442937,-0.2576387
AT2G05830,4.190147815,2.55584514,15.5204853,15.10418022,-0.044669193,0.981093497,-0.460518882,0.901612329,0.269975309,0.169214423,-0.673974928
AT2G05840,2.864006702,3.768758123,13.6719473,7.841621365,-0.637069157,0.430112077,-0.525124463,0.901612329,0.209480525,0.480609551,1.198049191
AT2G05920,10.04802069,10.29576941,21.00823238,18.96123942,-0.074100641,0.922141838,0.029499744,0.993235243,0.478289678,0.542990317,0.183041817
AT2G05940,7.276910336,14.174912,19.04902913,28.88834425,0.701609501,0.03791857,0.948882332,0.06942879,0.382009513,0.490679282,0.361171792
AT2G05990,8.941388086,6.390761618,27.53481514,27.89063717,-0.187784436,0.787177807,0.064938535,0.988906775,0.324730275,0.229136451,-0.503034913
AT2G06025,5.717641514,5.867973791,26.55775115,11.28584228,-0.870181617,0.070483921,-0.056026901,0.992589008,0.215290876,0.519941148,1.272061153
AT2G06050,54.87012287,48.02581735,199.3482468,243.6723695,0.420829632,2.70478E-07,-0.139019535,0.920101801,0.275247582,0.197091765,-0.481862392
AT2G06210,2.008565403,2.295559237,2.309946978,2.499324734,0.239536416,0.838982095,0.190363958,0.968345507,0.869528791,0.91847178,0.079001597
AT2G06520,455.6127825,340.7968478,4922.885934,4451.806956,-0.083763335,0.78749302,-0.251036031,0.498532498,0.092549937,0.076552477,-0.273782954
AT2G06530,8.319507003,14.10768526,52.18431795,59.59023737,0.312602226,0.629198102,0.834934029,0.300308825,0.159425424,0.236744908,0.570451679
AT2G06850,62.47042324,59.81744016,146.3071949,118.4164828,-0.20495148,0.572814361,0.023293926,0.991579971,0.426981211,0.505144543,0.242523678
AT2G06990,2.472049446,2.564566701,3.308223088,2.07195154,-0.494497476,0.661362023,0.230902378,0.948642345,0.747243877,1.23775419,0.728073758
AT2G07050,11.40224985,9.80552131,17.4768353,11.68444598,-0.346944217,0.284940685,-0.157703377,0.939821128,0.652420742,0.839194372,0.363202354
AT2G07180,3.363754023,5.899511947,16.9207883,19.00877918,0.067494147,0.9709843,0.46524733,0.870309705,0.198794167,0.310357225,0.6426543
AT2G07360,3.96397509,4.196223267,10.43026353,11.17801837,0.074050519,0.949753939,0.20723556,0.936826375,0.380045536,0.375399568,-0.017745297
AT2G10940,309.4915989,267.7564089,1025.644715,1091.520442,0.151727757,0.206755894,-0.280482437,0.185291713,0.301753224,0.245305904,-0.298787225
AT2G11000,2.502804276,2.249082334,2.817539907,3.323895164,0.168047467,0.946074589,-0.097525658,0.987703677,0.888294171,0.676640575,-0.392647834
AT2G11520,3.211819563,3.621728375,10.35103965,15.02361931,0.832415139,0.136817564,0.483948019,0.835918729,0.310289562,0.241068966,-0.36416923
AT2G11910,7.738276491,4.247951538,16.03214251,6.220328004,-0.670311953,0.397846891,-0.610259023,0.789654453,0.482672636,0.682914395,0.500659706
AT2G12400,3.877954217,3.846167846,7.124034503,8.385596991,0.414892397,0.793213278,0.090024552,0.987703677,0.54434804,0.458663569,-0.247093041
AT2G13360,250.0502728,207.187802,919.8260586,806.9426634,-0.071726046,0.504066547,-0.224034025,0.536641217,0.271845172,0.256756535,-0.082384209
AT2G13440,3.247890152,2.387550892,7.642001711,3.847125688,-0.705102106,0.501727945,-0.307002653,0.927733977,0.425005159,0.620606418,0.546198262
AT2G13540,2.730904078,3.555865364,4.94169829,4.236564547,-0.116821123,0.94255556,0.310129809,0.932868832,0.552624608,0.839327555,0.602934141
AT2G13560,10.38561572,11.55720517,29.01204063,27.30220607,-0.06855241,0.95901455,0.261828806,0.904040569,0.35797605,0.423306642,0.241840055
AT2G13790,4.715062994,7.088479206,20.28506589,31.45149536,0.925144016,4.25968E-05,0.750069057,0.149674068,0.232440112,0.22537813,-0.04451153
AT2G13800,2.580561582,4.297524635,4.759120578,12.27547215,1.698665718,1.07018E-10,0.916375504,0.309103196,0.542234965,0.350090374,-0.631190752
AT2G14045,4.391244522,3.358139479,15.24226982,15.10386188,-0.194072929,0.928779987,-0.562584888,0.890513824,0.288096496,0.22233648,-0.373807436
AT2G14080,7.071724884,10.43278231,7.61109146,7.320160391,0.278608046,0.464545861,0.598121787,0.17729888,0.929134135,1.425212257,0.617218003
AT2G14120,2.248087723,1.546624538,5.250159157,5.214251115,0.101471165,0.944507694,-0.355226523,0.928927481,0.428194204,0.296614893,-0.529674231
AT2G14170,6.664358469,5.483151226,9.850610969,10.13391778,0.174572795,0.861021192,-0.296097125,0.936826375,0.676542652,0.541069243,-0.322367656
AT2G14260,4.9038876,1.744929632,11.53318268,11.48014995,0.246632359,0.758396468,-0.476041866,0.889467901,0.425198121,0.151995369,-1.484107849
AT2G14560,8.959922477,4.150148484,38.57386704,22.73839615,-0.746159222,0.03684431,-1.299232683,0.140036399,0.232279602,0.182517204,-0.347830009
AT2G14750,4.385845361,3.850177185,16.64866893,25.57635568,0.369393876,0.842187804,0.330161795,0.935505558,0.263435196,0.150536583,-0.80733398
AT2G14880,6.453560735,6.751978993,30.60533326,25.07711812,-0.395400843,0.584614626,-0.121205243,0.987703677,0.210863926,0.269248602,0.352626548
AT2G14890,10.76982063,7.144517158,57.64709276,93.79124453,0.732801259,0.011816579,-0.053881208,0.989950827,0.186823309,0.076174671,-1.294291203
AT2G14910,14.99251914,15.328325,76.4576077,68.48633239,0.084868857,0.889993013,0.02933331,0.993235243,0.196089305,0.223815825,0.190801198
AT2G15020,2.642116884,1.793331317,4.131339312,2.150378069,-0.60103207,0.668732232,-0.319005708,0.948592154,0.639530352,0.833960941,0.382966985
AT2G15080,4.943275181,3.521457964,7.119124861,3.095815305,-1.005472753,0.008525443,-0.407889409,0.834237431,0.694365569,1.137489681,0.712086142
AT2G15090,4.440678566,3.823428262,9.819234393,6.68670383,-0.463120583,0.667372931,-0.185610621,0.970346925,0.452242852,0.571795665,0.338401982
AT2G15290,19.73571559,8.178027081,51.37727195,46.36567916,-0.002917294,0.997964555,-1.082005627,0.12156925,0.384133194,0.176381048,-1.122911085
AT2G15390,3.67090674,16.93769683,8.436346642,40.02089144,2.377250584,2.60541E-44,1.997708918,3.70167E-10,0.435129908,0.423221378,-0.040033679
AT2G15480,2.072263281,2.814511425,2.409436598,7.001221228,1.030240711,0.1753231,-0.098326653,0.988906775,0.860061345,0.402002927,-1.09723356
AT2G15560,2.42707895,3.574844251,6.871412682,4.145445123,-0.571120282,0.606239225,0.426814129,0.912279789,0.35321397,0.86235474,1.287739059
AT2G15580,3.452430019,3.590346392,30.01734225,17.3366509,-0.716534268,0.124256005,0.198671125,0.978293689,0.115014514,0.207095731,0.848481889
AT2G15620,34.75462973,24.97985186,51.10661555,34.73332774,-0.480541415,0.007743174,-0.464924118,0.281504257,0.6800417,0.719189709,0.080749162
AT2G15695,3.991197083,2.36165077,9.369951621,6.357902912,-0.522030456,0.69276391,-0.161814644,0.977375972,0.425957064,0.371451216,-0.197535266
AT2G15890,6.527604986,8.746950105,32.26176999,26.00134771,0.084460255,0.926577148,0.361561578,0.927733977,0.202332513,0.33640372,0.733465497
AT2G15900,1.538087024,2.531317985,2.209681759,2.640881605,0.344815358,0.725338244,0.590014306,0.772036964,0.696067213,0.958512483,0.461570599
AT2G15960,15.39390306,11.57152262,62.94037945,31.66066569,-0.761587635,0.234210696,0.205897507,0.968936277,0.244579127,0.365485765,0.579513931
AT2G15970,36.21899665,21.67712284,123.3950009,74.92171149,-0.749284524,0.022479078,-0.804077668,0.169570945,0.293520778,0.289330321,-0.020745111
AT2G16280,10.3009209,10.8880184,22.74486681,9.617058245,-0.962053245,0.00080027,0.083670644,0.982876393,0.45288992,1.132156853,1.321841514
AT2G16430,5.773744912,7.522425834,15.50427643,17.46078037,0.185350372,0.862478354,0.499215476,0.789117306,0.372396928,0.430818421,0.210238768
AT2G16485,2.211038867,1.536481828,2.453500122,1.945150969,-0.194144041,0.906019898,-0.359339514,0.90508732,0.901177403,0.789903639,-0.19013447
AT2G16500,18.10773195,17.66344763,45.46231604,72.06960626,0.759017742,4.49099E-10,0.099854775,0.957926244,0.398302012,0.245088721,-0.700558674
AT2G16510,8.236330838,5.173254946,31.82123121,31.18299509,-0.1389593,0.90200603,-0.115167759,0.985124941,0.258831306,0.165899874,-0.641699337
AT2G16600,12.78709065,12.22539799,66.40220037,40.99485287,-0.281295353,0.738746801,-0.035582991,0.993235243,0.192570285,0.298217877,0.630981642
AT2G16660,4.365212816,2.748395854,8.32151837,4.804053103,-0.616840791,0.357534578,-0.289767115,0.936826375,0.52456927,0.572099391,0.125132514
AT2G16920,2.074392775,1.668913779,2.755977432,2.554718809,-0.18058616,0.89763372,0.000211731,0.999997657,0.752688593,0.653267112,-0.204380096
AT2G16940,3.839474126,2.981503696,12.44298391,9.714271376,-0.270691359,0.741246049,-0.032261645,0.993889967,0.308565385,0.306919951,-0.007713801
AT2G16950,6.229023681,5.147830269,9.338536509,7.007566737,-0.231512001,0.857298704,-0.280724164,0.906973926,0.66702354,0.734610238,0.139241326
AT2G17033,3.979639248,2.912523872,5.911744151,3.848530799,-0.103045837,0.97061072,-0.4676226,0.878842945,0.673175149,0.756788505,0.168908258
AT2G17040,3.529986043,23.72774923,11.66212225,65.87294397,2.509433351,3.78692E-38,2.555093675,5.32246E-07,0.302688136,0.360204779,0.250985195
AT2G17120,14.5312102,23.51304308,36.24602324,88.02259715,1.312674039,2.76294E-14,0.719353879,0.171992982,0.400904952,0.267125077,-0.585744816
AT2G17190,6.267819323,4.396888392,9.307246425,10.32910863,0.402916238,0.548344531,-0.314202508,0.906326092,0.673434337,0.425679364,-0.661770129
AT2G17200,4.539892354,3.911030076,10.22193374,12.2789362,-0.006550969,0.996322194,-0.18857095,0.958562339,0.444132438,0.318515384,-0.479626891
AT2G17220,3.675790484,8.583270634,16.68582145,39.67840546,1.335732982,4.34604E-12,0.960129331,0.257019557,0.220294248,0.216320957,-0.026258387
AT2G17290,3.853474079,5.410009261,8.36067,11.56303147,0.495472129,0.326480361,0.538659711,0.773822539,0.460904937,0.467871187,0.021642166
AT2G17340,5.639290102,3.920989087,16.53909837,10.94738384,-0.079658671,0.956311975,0.12231755,0.982744851,0.340967202,0.358166768,0.070998511
AT2G17360,9.983015525,10.10677155,40.82918334,35.78436813,-0.467696756,0.066149822,-0.200970463,0.936826375,0.244506863,0.282435378,0.208045855
AT2G17380,13.13949769,3.092294796,14.60948936,5.119541297,-1.34016332,0.084581727,-1.358928261,0.230339702,0.899381037,0.604017942,-0.574341063
AT2G17390,6.779407332,5.055475637,24.57884607,15.15588807,-0.581283159,0.397940152,-0.127549319,0.976064811,0.275822848,0.333565121,0.274226471
AT2G17410,2.372670315,1.801432889,6.521597698,5.452413121,-0.08524522,0.946070988,-0.15136928,0.979422389,0.363817338,0.330391856,-0.139036174
AT2G17420,5.903808544,4.001331031,15.68515009,19.88091191,0.084308541,0.920588354,-0.145115275,0.977375972,0.376394775,0.201264965,-0.903150547
AT2G17450,12.0105052,6.278824559,60.16608335,44.28390784,-0.249075397,0.747317916,-0.581216907,0.820142453,0.19962252,0.141785693,-0.493562525
AT2G17480,8.817387484,9.394106063,21.92093345,31.34797573,0.59798007,0.000543526,0.040366727,0.989950827,0.40223595,0.299671856,-0.424658431
AT2G17510,2.517454316,2.328138469,4.632537821,9.16115659,0.874890122,0.034518919,0.04210899,0.993235243,0.543428767,0.2541315,-1.096515725
AT2G17520,5.36193582,5.07342647,9.554357243,8.013802628,-0.1621713,0.87326185,-0.055275892,0.989001094,0.561203196,0.633086027,0.17387833
AT2G17550,2.905231507,2.831204325,3.544339668,5.596813406,0.386847428,0.806257361,0.183850364,0.964026953,0.819682022,0.505860053,-0.69632604
AT2G17660,2.254681092,3.386464001,20.72050132,15.34475049,0.189012772,0.916518403,0.252556932,NA,0.108814022,0.220692021,1.020169991
AT2G17695,8.014733828,4.57656671,27.45832673,15.72626192,-0.621513068,0.375087672,-0.529931633,0.892753191,0.29188719,0.291014275,-0.004320974
AT2G17705,5.644163951,17.40475474,23.02181781,95.08343734,2.226644517,1.84385E-20,1.107628995,0.261315894,0.245165868,0.183047177,-0.421542621
AT2G17720,4.698663665,6.679757445,12.49985041,11.33616365,0.079552329,0.971224214,0.807875145,0.563750746,0.375897592,0.589243209,0.648523554
AT2G17760,3.13347084,5.091721835,6.282465449,4.831063402,-0.184277321,0.932731802,0.598817865,0.767944319,0.498764516,1.05395467,1.079382083
AT2G17780,2.561879387,2.108210927,13.13811685,12.80880565,-0.049810216,0.970612989,-0.013338366,0.997778221,0.194995936,0.16459075,-0.244560796
AT2G17790,2.423828788,1.546159922,3.759287165,3.657703646,0.025783304,0.993614173,-0.398451163,0.916442123,0.644757552,0.422713285,-0.609077313
AT2G17820,3.803566098,3.455586329,4.738428644,9.276787715,0.977865773,0.002568639,-0.101364935,0.982876393,0.80270621,0.372498157,-1.10763877
AT2G17840,102.4972902,78.9355721,252.9817016,200.2603753,-0.217618836,0.239558178,-0.281312454,0.259482168,0.405156932,0.394164707,-0.039682222
AT2G17870,5.268434018,4.225896691,12.97290747,11.31234887,-0.175671602,0.92005305,-0.409747098,0.906973926,0.406110506,0.373564919,-0.12051337
AT2G17880,15.72761658,6.700942359,77.16903357,63.38022367,-0.230607263,0.69866452,-0.612411254,0.624910633,0.203807355,0.105726076,-0.946874867
AT2G17930,2.896256738,2.874046359,2.733064703,2.464396852,-0.040861324,0.972472329,0.067606202,0.979544858,1.059710271,1.166227086,0.138178854
AT2G17980,3.667064108,3.130259012,6.967563901,6.76290365,0.0186336,0.991366964,0.040077636,0.993235243,0.526305056,0.462857254,-0.185331922
AT2G18020,48.26262884,18.44091015,177.7382206,160.4416698,-0.054051948,0.854001163,-1.01583154,0.006935871,0.271537707,0.114938408,-1.240291576
AT2G18040,5.546089141,4.396227953,28.98934751,8.706538925,-1.148272835,0.018793175,0.28207028,0.953823045,0.191314728,0.504934049,1.400147023
AT2G18090,5.74859049,8.328892836,10.27458803,14.86116243,0.634488095,0.00351011,0.56164604,0.54072427,0.559495959,0.560446929,0.002450051
AT2G18110,5.187901035,3.542774165,18.56202613,16.89755418,-0.108406789,0.929888526,-0.471840202,0.901612329,0.279490019,0.20966195,-0.4147317
AT2G18160,25.58289772,15.853251,89.16906504,69.15962914,-0.249523872,0.259496044,-0.409765,0.788560594,0.286903285,0.229226952,-0.323787805
AT2G18230,3.89350207,5.367778556,21.7056316,9.986751052,-0.853946284,0.10377284,0.096532776,0.987703677,0.179377506,0.537489973,1.583238852
AT2G18280,5.325325699,2.226327237,16.89385673,17.60213112,-0.03471532,0.973750932,-0.960835949,0.519056802,0.315222615,0.126480551,-1.317455489
AT2G18300,7.780827856,4.892783705,13.91947521,10.24335626,-0.385579797,0.683027265,-0.435140432,0.873896222,0.558988592,0.477654353,-0.22685183
AT2G18328,9.336023071,5.708392886,74.53040986,63.32923686,-0.207052232,0.799661869,-0.449157575,0.922491402,0.125264615,0.09013835,-0.474765994
AT2G18510,1.785850247,1.338362317,5.397498745,9.258519821,0.90527486,0.147764471,0.059351009,0.993235243,0.330866264,0.144554674,-1.19463294
AT2G18670,2.061809697,2.802688365,10.87714796,5.35742961,0.397240761,0.63897527,0.666695261,0.809209185,0.189554257,0.523140492,1.464587587
AT2G18690,9.459347108,62.51848394,41.08382489,139.5928898,1.741739813,6.56105E-40,2.379288441,3.91084E-32,0.230245045,0.447862954,0.959887226
AT2G18700,42.7348429,31.1490583,84.14773392,62.63603361,-0.318011184,0.09810509,-0.481966204,0.07642076,0.507854946,0.497302535,-0.030292708
AT2G18710,11.79078145,9.092629254,30.32919991,24.52351034,-0.272656228,0.511304724,-0.308563555,0.86876,0.388760056,0.37077193,-0.068347968
AT2G18730,4.420823991,5.60062628,10.65980318,15.69723605,0.467447993,0.497893815,0.055340072,0.990962416,0.414719101,0.356790601,-0.217056886
AT2G18750,3.559393964,4.63693592,10.56463217,2.651794545,-1.101111442,0.017529311,0.413490589,0.84032013,0.336916033,1.748603009,2.375741795
AT2G18790,4.036500223,3.454518341,8.732405565,7.446766168,-0.159770043,0.806782691,-0.295621625,0.901612329,0.462243788,0.463895101,0.005144679
AT2G18960,25.66517072,25.34041399,52.92896343,50.52778147,-0.068207443,0.906742238,0.199674644,0.724476649,0.48489842,0.501514479,0.0486088
AT2G19130,2.686069536,20.9288695,7.296532794,31.23283511,2.145219491,5.32156E-26,2.888713975,6.71832E-24,0.368129578,0.67009189,0.864145277
AT2G19480,6.015422124,5.506105265,22.71511369,15.76454304,-0.44946763,0.523089174,-0.063811816,0.989950827,0.264820252,0.349271479,0.399335386
AT2G19520,4.88269435,3.592114052,7.83118654,5.714706975,-0.360300803,0.770024838,-0.36198172,0.915554809,0.623493557,0.62857362,0.011707075
AT2G19540,4.830365962,8.623732948,17.26089299,23.96606498,0.66722381,0.068376474,0.697206346,0.543929881,0.2798445,0.359830993,0.362694061
AT2G19710,4.355874591,7.691159212,6.529374097,19.96905497,1.548412914,1.3169E-11,0.860975605,0.09934309,0.667119777,0.385153891,-0.792510812
AT2G19730,27.19312909,12.16373049,105.5759467,61.67210918,-0.267917473,0.500389174,-0.633685202,0.588146714,0.257569361,0.197232277,-0.385065322
AT2G19740,4.50301115,5.586184111,28.93783966,31.13975967,-0.088781287,0.953880993,0.176942709,0.967739344,0.15560979,0.179390726,0.205172485
AT2G19760,13.07207645,16.91391604,83.51498737,104.9183918,0.17628036,0.649629484,0.493781031,0.840756151,0.156523719,0.161210211,0.042561825
AT2G19790,5.112627269,6.559426489,43.40679827,29.48448707,-0.702074923,0.210653232,0.413825631,0.936826375,0.117784022,0.222470429,0.917469745
AT2G19800,35.85449573,24.4964661,89.03859474,74.27676304,-0.230319073,0.328143734,-0.491537748,0.389344416,0.402684879,0.329799861,-0.288060509
AT2G19880,2.098293813,2.203159764,5.611891973,6.975303635,0.065381514,0.977433161,0.456376861,0.901612329,0.373901319,0.31585145,-0.243411369
AT2G19940,5.542625386,3.754921439,14.43697002,13.87522089,0.163671585,0.917519389,-0.183539225,0.971910818,0.383918882,0.27062066,-0.504529531
AT2G20010,3.63897639,5.901606629,4.834822718,14.71943218,1.475176791,3.21401E-06,0.959667771,0.06248201,0.752659736,0.400939829,-0.908612053
AT2G20020,4.025739557,2.135688189,5.222257735,7.525874379,0.517502254,0.397872169,-0.75941053,0.653128427,0.770881056,0.28377941,-1.44173836
AT2G20050,3.175035898,4.106421584,5.979124778,7.844147118,0.499901223,0.243432798,0.435802848,0.876230176,0.531020177,0.523501347,-0.02057343
AT2G20140,2.345783788,2.921290552,10.1235865,14.85145616,0.725340386,0.212635585,0.220852163,0.970346925,0.231714698,0.196700614,-0.236348094
AT2G20190,5.801684865,5.839959443,8.765839331,6.095850215,-0.467959405,0.109155449,0.056778477,0.987703677,0.661851609,0.958022136,0.533551199
AT2G20230,6.518080087,6.130669494,27.70282562,43.08234227,0.57397044,0.033568934,0.031684246,0.993889967,0.235285749,0.142301211,-0.725466
AT2G20260,75.58494976,61.05247557,668.3058951,622.9435726,0.023889233,0.944529046,-0.107551458,0.95807376,0.113099331,0.09800643,-0.20664209
AT2G20280,1.81525123,1.819796056,7.483923537,3.150958842,-0.76769914,0.254572006,-0.204350329,0.97421589,0.242553418,0.577537235,1.251611455
AT2G20300,2.54527111,1.952337505,4.355165268,4.270289972,-0.244889587,0.820233036,-0.074870401,0.989422922,0.584425838,0.457190851,-0.35422343
AT2G20330,3.326542218,2.080499317,6.485766522,9.595911026,0.698104311,0.205194459,-0.591622176,0.7886966,0.512898854,0.216811026,-1.24223622
AT2G20360,11.97612047,8.250660709,29.51782922,34.73124349,0.300034727,0.419892983,-0.169403363,0.956159786,0.405724973,0.237557308,-0.772226517
AT2G20370,5.337710281,6.56894091,15.11906304,15.58893595,0.215742164,0.618487215,0.210856252,0.936376695,0.353045044,0.421384816,0.255286065
AT2G20420,9.033659242,9.455836723,26.01186795,20.61968902,-0.243658796,0.825896587,0.183969959,0.953728363,0.347289909,0.458582897,0.401042059
AT2G20530,2.544680226,3.604988086,13.35013569,11.18308616,-0.333724065,0.739375931,0.350064936,0.943661442,0.190610814,0.322360754,0.758046144
AT2G20570,9.908264992,7.135917273,52.43333256,43.52098145,-0.244669953,0.478390902,-0.103385506,0.982744851,0.18896882,0.16396499,-0.204760411
AT2G20580,8.58272973,8.080917692,12.58165106,13.58365699,0.317258318,0.410661175,-0.103417593,0.971959027,0.682162435,0.594900011,-0.197468108
AT2G20610,5.684160733,5.307418485,25.18053658,25.80277189,0.202233407,0.815070933,-0.254845887,0.944643059,0.225736283,0.205691796,-0.134154073
AT2G20630,19.71373182,20.33393458,54.21601002,65.39738147,0.234422968,0.55242095,0.088099728,0.980554701,0.363614582,0.31092888,-0.225825432
AT2G20670,105.9688565,56.24772773,227.1444672,158.0153136,-0.434527689,0.00058499,-0.824741479,7.2919E-05,0.46652625,0.355963776,-0.390227822
AT2G20740,2.166651018,4.296026128,8.194100107,5.429899953,-0.048591427,0.984023488,0.808778585,0.708342423,0.264415981,0.79117961,1.581195872
AT2G20760,8.472849191,4.98440949,24.09007826,22.34256106,0.127324246,0.845693649,-0.504660463,0.781471705,0.351715304,0.223090338,-0.65678008
AT2G20820,7.246751347,6.78140233,115.657205,132.2942955,0.142699027,0.725347993,-0.053516292,0.993235243,0.062657154,0.051259975,-0.289646464
AT2G20860,17.65343601,15.84588307,61.28879367,59.41296403,0.054109529,0.946910465,-0.223494105,0.921376925,0.288036931,0.266707499,-0.110995407
AT2G20890,64.71863165,55.12451349,212.1416682,194.3157646,-0.005015369,0.994856495,0.038986553,0.987459256,0.305072701,0.283685236,-0.104862019
AT2G20900,2.215655893,4.744308144,9.41545795,14.08025057,0.890934263,0.008023607,1.026563501,0.392210284,0.235321097,0.336947707,0.517894042
AT2G20920,27.67442455,15.56922339,60.63050453,69.12314039,0.222625829,0.576206378,-0.671891233,0.383121408,0.45644391,0.225238947,-1.018981271
AT2G20960,14.09767152,68.41510004,27.46262877,195.5590824,2.991749237,2.4935E-216,2.507422616,2.41812E-63,0.513340207,0.349843634,-0.553205022
AT2G20990,16.0250038,13.0933039,28.42438624,22.36411964,-0.319085208,0.131899098,-0.11894168,0.96219347,0.563776599,0.585460287,0.054447718
AT2G21120,12.98870233,25.41852846,34.99414975,76.163867,1.188402719,5.35195E-16,1.128933,4.10277E-05,0.371167821,0.333734741,-0.153369764
AT2G21140,4.85774341,2.898405735,9.658045284,5.367473308,-0.875878324,0.174603306,-0.137869244,0.982876393,0.502973766,0.539994438,0.102461394
AT2G21160,7.54535308,5.439043311,35.53227451,27.80301255,-0.317928799,0.443808051,-0.40417689,0.898806444,0.212352099,0.195627841,-0.118346668
AT2G21170,37.15228189,31.45550349,238.0639141,230.0656214,0.03983663,0.946571165,0.072112763,0.977375972,0.156060115,0.13672405,-0.190834835
AT2G21190,4.499878826,3.795661875,16.01478065,11.1072702,-0.463415046,0.638445784,0.030827611,0.996883172,0.280982857,0.341727698,0.282365072
AT2G21230,4.189826161,3.846869968,8.171171024,3.214748533,-0.64116007,0.531195399,-0.166025985,0.977375972,0.512757125,1.19663169,1.222631636
AT2G21270,4.109473976,5.205643135,16.33427747,8.199989618,-1.020935361,0.091457626,0.522533553,0.841911044,0.251585905,0.634835332,1.335331328
AT2G21280,13.09460778,8.831932103,31.02351768,24.47565991,-0.253347778,0.729274018,-0.376657162,0.863193846,0.422086493,0.360845515,-0.22615734
AT2G21300,3.019838564,1.630453659,5.878813265,1.963124413,-1.558439642,0.000105076,-1.001341552,0.352728233,0.513681661,0.830540157,0.693175356
AT2G21330,367.8295001,237.8170945,1257.517088,1064.636059,-0.190239851,0.030901985,-0.186014523,0.305689253,0.292504574,0.223378771,-0.3889671
AT2G21340,6.148213748,5.493280333,11.76576932,13.39882188,0.29330521,0.646539639,-0.099962136,0.984477763,0.522550934,0.409982339,-0.350009903
AT2G21370,2.446580262,1.933212169,9.05214871,5.298252876,-0.157193403,0.910440499,-0.233663106,0.971910818,0.27027619,0.364877293,0.432976952
AT2G21380,3.890595357,2.86652575,6.134508506,7.468298562,0.419308658,0.591967925,-0.224116659,0.943661442,0.634214681,0.383825811,-0.724519544
AT2G21385,9.355190414,4.861372258,19.56927397,15.2946614,-0.277060928,0.620060635,-0.576301181,0.771515916,0.478055059,0.317847655,-0.588841342
AT2G21390,11.66563717,10.2548974,17.32188948,14.71537112,-0.240875133,0.386908248,-0.171931309,0.901612329,0.673462164,0.696883369,0.049320331
AT2G21410,3.853215592,3.70239507,7.793266688,8.334279432,0.095296364,0.93547689,0.04744915,0.991579971,0.494428812,0.444236973,-0.154433345
AT2G21440,1.294386241,1.450438518,2.400550611,3.129666842,0.553698827,0.364802108,0.068251843,0.991004798,0.539203895,0.463448217,-0.218422769
AT2G21470,4.190841225,4.632012381,7.874138448,9.999016708,0.519791779,0.206239841,0.204480354,0.957926244,0.532228542,0.463246789,-0.200264905
AT2G21500,11.08275175,8.604128181,27.08154709,38.67148272,0.607615222,0.00813759,-0.207750067,0.939987724,0.409236286,0.222492844,-0.879175134
AT2G21520,8.219309171,5.763884634,18.74989455,15.71124299,-0.265892539,0.432519332,-0.207085342,0.940145924,0.438365621,0.366863694,-0.256890523
AT2G21530,21.98169084,19.1382099,64.26844841,56.16627681,-0.019457377,0.989721267,-0.268777965,0.927958111,0.342029275,0.340742007,-0.005439999
AT2G21580,4.069259556,6.408847127,59.40863112,56.91308604,-0.069026238,0.945896426,-0.009988578,0.997778221,0.0684961,0.112607619,0.717210689
AT2G21600,6.388114147,6.839967789,32.23237309,26.59356624,0.216898761,0.788812941,0.287844872,0.95584419,0.198189383,0.257203856,0.376032592
AT2G21620,6.270718531,2.703987512,12.61611354,9.117901673,-0.14809029,0.936185857,-0.182739134,0.97421589,0.497040433,0.296558091,-0.745048482
AT2G21650,7.231572824,9.734571398,63.68949428,36.73476405,-0.471852542,0.49139169,0.687537665,0.741674721,0.113544202,0.26499616,1.22271741
AT2G21790,2.5201261,2.139675453,3.229715295,2.371506606,-0.246658107,0.905985046,-0.22453917,0.961585417,0.780293577,0.902243092,0.209499168
AT2G21870,17.57813271,17.43822262,74.66818818,82.80360254,0.012518848,0.989088983,0.20126982,0.922062997,0.235416623,0.210597391,-0.160728634
AT2G21950,2.131000548,2.644619446,6.312722304,4.12617898,-0.720310953,0.435628393,0.371530144,0.936826375,0.337572357,0.640936677,0.92498506
AT2G21960,12.54603014,11.2571033,39.2467498,51.98415313,0.428950178,0.221823879,-0.061234388,0.987703677,0.319670551,0.216548749,-0.561894011
AT2G21970,14.7791921,10.34620469,59.03609525,50.27684379,-0.089980194,0.885360313,-0.241584951,0.950627084,0.250341626,0.20578469,-0.28276255
AT2G22010,7.774471324,7.590341854,10.33895752,12.98587194,0.365950764,0.31524689,-0.062040156,0.987611088,0.75195892,0.584507678,-0.363431872
AT2G22125,15.88210282,14.59606854,20.54587089,14.07439829,-0.448860901,0.000241617,-0.123620255,0.906973926,0.773007039,1.03706519,0.423953128
AT2G22170,11.17860545,6.693029023,34.7871529,33.18612671,-0.056224897,0.977862228,-0.498626115,0.86876,0.321342925,0.201681536,-0.672034693
AT2G22230,4.842588513,3.323102252,19.68111312,13.58086109,-0.18583579,0.851899506,-0.103236251,0.987703677,0.246052573,0.2446901,-0.008010871
AT2G22240,3.738590112,3.258697892,11.6112,8.07253754,-0.077201782,0.970907841,-0.325019939,0.922018668,0.321981372,0.403677019,0.326224232
AT2G22300,12.63801303,20.3522088,18.82813425,29.17180275,0.723981771,5.43796E-06,0.763661637,0.001342023,0.671230237,0.697667161,0.05573122
AT2G22330,3.756571888,6.886193528,19.02732123,26.73429849,0.568851348,0.007867924,0.662580629,0.594432883,0.197430413,0.257578987,0.383670661
AT2G22360,2.902638186,2.64943692,7.90245653,5.666898471,-0.567831883,0.752284469,0.02113998,0.996883172,0.367308339,0.467528567,0.348062867
AT2G22425,4.352175261,6.900820294,35.36182057,38.34173378,0.430850141,0.498271124,0.374226652,0.944643059,0.123075543,0.179981957,0.548308186
AT2G22430,14.25389454,12.93322013,95.10808056,77.15950353,-0.243235485,0.277328838,0.025113058,0.993885949,0.149870489,0.167616684,0.161449429
AT2G22470,2.907214236,11.28653466,16.31310417,153.0216356,3.13643048,1.12738E-25,1.89934741,0.016485907,0.178213429,0.07375777,-1.272739106
AT2G22475,2.060136131,2.17574705,4.246368833,6.310481413,0.275301449,0.90200603,0.003912458,0.999363834,0.485152424,0.344783053,-0.492749214
AT2G22500,43.83130921,79.99037401,126.463459,395.1754871,1.833661201,2.17281E-63,1.154371497,1.23517E-07,0.34659268,0.202417348,-0.775908248
AT2G22540,3.387306911,4.762729803,19.62678217,9.390581056,-0.925305975,0.099970439,0.769700909,0.672048016,0.172585953,0.507181587,1.555187321
AT2G22670,13.7250614,11.15646595,55.22782468,58.99689692,-0.006736546,0.994562397,0.162544351,0.951998049,0.248517147,0.189102589,-0.39417628
AT2G22720,5.127492704,2.683142412,12.17255942,10.5282398,-0.50609268,0.568949868,-0.682982567,0.723666754,0.421233738,0.254851947,-0.724961615
AT2G22780,8.157576738,3.422408459,15.74334103,7.987558289,-0.61748984,0.264111053,-0.627052254,0.708015674,0.518160454,0.428467416,-0.274213419
AT2G22860,7.629411023,6.035331352,34.01322487,52.34419452,0.390880889,0.733398077,0.012017622,0.99824451,0.224307194,0.115300874,-0.960072447
AT2G22880,35.95518638,117.0667272,171.9091522,479.7934525,1.523066324,3.59958E-14,1.660544073,3.16073E-07,0.209152252,0.243994007,0.222292181
AT2G22910,1.914309404,2.23236525,5.821664328,4.966312233,-0.340123089,0.799661869,-0.019473083,0.996883172,0.328825108,0.449501591,0.451005758
AT2G22990,38.58339856,46.76845981,77.49518353,51.91226176,-0.238026676,0.165416724,0.42477604,0.158506272,0.497881246,0.900913546,0.855586993
AT2G23070,7.368518278,6.775561763,32.11628151,26.37964236,-0.298016979,0.711320609,-0.086728196,0.987703677,0.229432485,0.256848128,0.162845885
AT2G23090,12.88704859,13.15887379,234.0262122,164.451755,-0.466650921,0.22163412,0.505293699,0.865840581,0.055066689,0.080016621,0.539119852
AT2G23100,1.810831585,2.044296814,4.08626223,3.876771556,-0.048944547,0.982683177,-0.098231753,0.987703677,0.443151096,0.527319391,0.250878368
AT2G23120,206.9211999,146.1526877,2584.232084,2270.37951,-0.162354765,0.669472127,-0.46814117,0.083707884,0.080070672,0.064373682,-0.314802936
AT2G23130,11.94237199,11.94113421,33.26598201,31.11522126,-0.12562317,0.951490821,0.015585721,0.996883172,0.358996526,0.38377147,0.09627758
AT2G23140,2.654200843,2.088364697,6.172955759,4.930935692,-0.175045931,0.872153452,-0.316770526,0.936325889,0.429972439,0.423523004,-0.021803853
AT2G23200,4.305222993,8.393554315,8.961982342,16.80078643,1.015779637,0.026124598,0.931401732,0.10355847,0.480387355,0.499592942,0.056554919
AT2G23310,4.506278668,4.555750633,25.53033501,23.82491788,-0.079670275,0.951490821,0.252369541,0.964026953,0.176506837,0.191217895,0.115493476
AT2G23320,35.84661987,53.69052475,133.9353673,299.1344082,1.271696162,8.89038E-42,0.72039924,0.009888389,0.267641181,0.179486289,-0.576426477
AT2G23350,11.21623689,6.72480252,25.84843249,13.06603626,-0.707341638,0.069901173,-0.551794108,0.598051705,0.433923291,0.514678085,0.246230329
AT2G23390,2.945142307,3.535579523,10.59105587,6.63753802,-0.586891211,0.380389351,0.280703645,0.956306155,0.278078252,0.532664297,0.937735665
AT2G23420,3.514092403,9.342560055,6.53812322,19.51223884,1.424928399,7.69217E-05,1.168817389,0.030150053,0.537477237,0.47880513,-0.166765046
AT2G23450,8.956662513,10.97021594,20.37241093,22.57251588,0.311651129,0.325170034,0.245320713,0.901176514,0.439646664,0.485998814,0.144608269
AT2G23460,2.521052008,2.757829724,7.565113563,5.751652641,0.029435059,0.986095922,0.424778236,0.906973926,0.33324708,0.479484749,0.524892693
AT2G23600,21.1712591,18.20242953,62.55491081,56.35535785,-0.190445604,0.615223043,-0.112429133,0.97421589,0.338442799,0.322993771,-0.06740568
AT2G23610,5.779813523,3.381478552,15.41218207,9.130133124,-0.456244393,0.584264216,-0.440815595,0.906973926,0.375015913,0.370364649,-0.018005411
AT2G23670,16.0489261,9.360697078,71.26443601,32.5540321,-0.947788697,0.026921693,-0.694615703,0.646486028,0.225202457,0.2875434,0.352557156
AT2G23740,1.956741691,1.483076697,1.881740496,1.976751834,0.099125047,0.960313888,-0.320200201,0.927958111,1.039857353,0.750259426,-0.470924188
AT2G23760,2.773478891,3.63771552,9.339829872,9.736437299,0.335724867,0.725651086,0.357522622,0.923174629,0.296951757,0.373618749,0.331338284
AT2G23770,4.370839036,9.248568878,9.563423802,20.01850443,1.164180544,1.12534E-05,1.023950197,0.210131511,0.457037053,0.462000991,0.015584811
AT2G23780,2.222642395,1.579222083,19.17699392,21.77851323,0.417783152,0.648722773,0.003947611,0.999363834,0.115901502,0.072512851,-0.676590658
AT2G23810,36.21423428,103.5325458,141.3900971,349.6240089,1.399469495,5.1977E-66,1.690865124,1.06645E-15,0.25612992,0.29612539,0.209332399
AT2G23980,1.631965278,2.457802142,6.445186521,6.471111188,0.016376763,0.991366964,0.596719704,0.800576749,0.253206835,0.379811453,0.584967062
AT2G24020,13.94257616,10.51813911,42.87263645,49.34859684,0.086422688,0.952226388,-0.079690541,0.987703677,0.325209208,0.213139578,-0.609569594
AT2G24050,5.615337934,3.354461019,9.710042517,6.162381968,-0.524107512,0.268788426,-0.578816185,0.721999568,0.578302095,0.544344871,-0.087302365
AT2G24060,3.555966511,6.11119041,25.80274914,27.37936802,-0.060146729,0.940071627,0.419820856,0.899651201,0.137813475,0.223204217,0.695647334
AT2G24090,85.27732535,75.94243592,330.8712838,296.5171037,-0.074463,0.809140146,-0.119355275,0.945006103,0.25773565,0.256114858,-0.009101153
AT2G24100,4.20606853,2.931536008,10.49682354,8.630442918,0.044098351,0.984409336,-0.312379189,0.936826375,0.400699175,0.339673877,-0.238369268
AT2G24150,7.279192398,5.777936637,17.73154327,11.28239206,-0.424439558,0.623545968,-0.13155058,0.977375972,0.410522214,0.512119824,0.319021117
AT2G24200,12.53992868,13.22532979,20.97851443,19.9695294,-0.024609636,0.98467125,-0.030907254,0.993235243,0.597751033,0.662275486,0.147886739
AT2G24270,17.83917125,17.37048185,64.20496202,44.37360747,-0.40847223,0.328143734,0.121410198,0.957926244,0.277847236,0.391459763,0.494572134
AT2G24330,9.349835397,9.472993083,21.10380578,21.22387561,-0.076080234,0.965330686,0.116748689,0.972259272,0.44304025,0.446336629,0.010694432
AT2G24360,6.491749804,7.073278682,24.4694228,22.23063225,-0.054783602,0.953880993,-0.227800558,0.945159624,0.265300488,0.318177126,0.262202796
AT2G24420,6.25755772,4.792727416,13.49901181,13.05220133,0.044967364,0.987116544,-0.02262638,0.996883172,0.463556726,0.367196865,-0.336192152
AT2G24500,2.605527504,3.2522035,4.657547169,6.250336673,0.202839565,0.899842574,0.213881038,0.970346925,0.55942053,0.520324531,-0.104521472
AT2G24550,11.30489221,17.5321651,30.67468367,48.0460517,0.975005863,0.003938321,0.658359611,0.476303021,0.368541444,0.364903347,-0.01431248
AT2G24590,5.427861005,3.16251997,12.03825178,10.07141223,-0.614009861,0.412260376,-0.655673825,0.810154012,0.450884489,0.314009584,-0.521949286
AT2G24600,34.70984481,69.67233967,82.26087708,161.5472067,1.075257384,4.86615E-15,1.119553238,4.91862E-12,0.421948392,0.431281612,0.03156365
AT2G24790,25.17380942,15.6188758,110.7158426,84.13022948,-0.364193955,0.053115081,-0.426997726,0.694972648,0.227373146,0.185651173,-0.292467441
AT2G24820,12.61449018,6.859888335,23.70665936,19.74805052,-0.102629948,0.873742785,-0.821176679,0.271344994,0.532107455,0.347370406,-0.615242765
AT2G24860,4.705376247,3.289972676,30.4068944,34.77240901,0.374593648,0.69866452,-0.087614678,0.988906775,0.154747018,0.094614459,-0.70977903
AT2G24940,17.19106966,17.70670742,92.85338271,123.6429161,NA,NA,NA,NA,0.185142093,0.143208426,-0.370516559
AT2G25070,2.972950722,3.184067367,11.14110378,10.99782575,-0.094719997,0.935270528,0.215055688,0.968936277,0.266845259,0.289517896,0.117649148
AT2G25080,56.62893576,63.14418591,265.4857767,232.2754223,-0.005109732,0.993625042,0.492879227,0.259987021,0.213303087,0.271850484,0.34990855
AT2G25170,5.422816955,3.380146555,4.297896034,3.610498012,-0.303191741,0.843193948,-0.631729163,0.583853338,1.261737583,0.936199534,-0.430523938
AT2G25200,1.898806263,1.777228714,11.40317727,3.11129763,-1.595522512,0.004790187,-0.041186804,0.996335278,0.166515544,0.571217841,1.778384185
AT2G25250,8.510223974,2.7688274,26.10214932,22.86187221,-0.19561711,0.888761562,-0.367086074,0.936826375,0.326035372,0.12111114,-1.428696925
AT2G25430,6.844091614,7.854567057,23.44225057,18.05993357,-0.300797098,0.27808938,0.084169293,0.985287668,0.291955399,0.434916719,0.574991181
AT2G25450,16.42548285,18.22576792,51.97944044,54.33657889,0.231617823,0.294498838,0.156968752,0.949357573,0.315999609,0.335423545,0.08606119
AT2G25460,4.203510022,9.677434052,11.15786035,34.59937545,1.832528527,2.71383E-14,1.274917221,0.029678603,0.376730833,0.279699675,-0.429655538
AT2G25490,13.41397145,7.767269921,28.31336301,19.79971685,-0.360309253,0.076228903,-0.557362108,0.293674704,0.473768215,0.39229197,-0.272253608
AT2G25510,122.4668096,125.7241282,657.2159218,459.8178898,-0.451173377,8.88446E-05,0.057275461,0.981413902,0.186341818,0.273421568,0.553175574
AT2G25520,5.021245133,4.513409808,18.35333985,21.67077495,0.328767341,0.461782016,0.175369931,0.970346925,0.273587542,0.208271731,-0.393535504
AT2G25610,4.181994149,8.016237902,18.06468222,15.74860487,-0.024097239,0.990001729,0.18290102,0.975253062,0.231501119,0.509012574,1.136682128
AT2G25660,2.172045319,2.769019125,3.686873223,3.93932532,0.204046147,0.820976245,0.42331207,0.756805985,0.589129375,0.702917099,0.254770058
AT2G25670,2.830431058,1.615702879,10.71333567,14.78586944,0.508412817,0.158909599,0.03177896,0.996628465,0.264196992,0.109273444,-1.273671203
AT2G25735,19.81203941,64.70901101,150.3695075,508.5451445,1.852594343,8.45476E-25,1.983251651,1.21486E-09,0.131755698,0.127243396,-0.050274577
AT2G25760,2.761077609,2.106722432,2.679952236,3.387162544,0.125051869,0.956311975,-0.194915451,0.971959027,1.030271201,0.621972641,-0.728101126
AT2G25800,8.921896819,8.260032986,16.83865649,13.81889268,-0.150358401,0.797684411,-0.050967298,0.987703677,0.529846121,0.597734795,0.173932098
AT2G25830,8.406579063,6.787628575,19.66060629,5.090492327,-1.677052503,2.17772E-06,-0.187851524,0.965760148,0.427584935,1.333393342,1.640819499
AT2G25850,1.6686248,1.95774427,3.08759076,4.064937157,0.491831423,0.602575925,0.071017216,0.991004798,0.540429393,0.481617352,-0.16621877
AT2G25870,12.56502839,9.105475302,18.02966216,19.38208212,0.258172194,0.757463193,-0.238008328,0.936826375,0.696908699,0.469788294,-0.568958896
AT2G25900,32.26870457,12.74027066,118.0853913,49.83780042,-1.270463867,7.17825E-06,-1.291510636,7.2919E-05,0.273265848,0.25563469,-0.096221541
AT2G25910,3.737103886,2.436060751,12.42083077,15.24647235,0.262524681,0.862348251,-0.311953392,0.945006103,0.300873907,0.159778649,-0.913084364
AT2G25970,9.216691926,7.023250781,26.33690999,15.86509812,-0.64038084,0.07660311,-0.375327985,0.836101519,0.349953428,0.442685619,0.339119567
AT2G26060,2.747054985,2.852724403,5.318173532,5.312767469,0.241758848,0.843780853,0.102414555,0.988906775,0.516541058,0.536956383,0.055921873
AT2G26080,131.2891033,96.78135092,219.2714883,180.6577946,-0.231164709,0.165549232,-0.378741735,0.005211033,0.598751367,0.535716442,-0.160487469
AT2G26140,9.129163077,7.440027443,16.03384186,21.50234234,0.476417633,0.028083328,-0.108609851,0.971959027,0.569368412,0.346010092,-0.718548341
AT2G26190,13.23630366,39.19267597,27.68215599,77.56671179,1.603534531,3.63043E-32,1.682340441,5.59122E-17,0.478152918,0.505277007,0.079602451
AT2G26210,2.394444612,1.825085761,10.03738162,12.33685769,0.179861742,0.928053585,-0.418957226,0.936826375,0.238552713,0.147937652,-0.689318806
AT2G26240,4.257058983,5.233442255,24.66858427,22.31348447,-0.183950799,0.87696402,0.061955558,0.993235243,0.172570057,0.234541685,0.4426622
AT2G26250,24.56984133,17.03095791,63.40785268,51.10405327,-0.215881417,0.299212916,-0.452867372,0.542082404,0.387488935,0.333260413,-0.21750516
AT2G26280,6.174109469,6.355801298,19.58905449,19.32351773,0.066080305,0.943262951,0.07068713,0.987703677,0.315181597,0.328915334,0.061532971
AT2G26300,3.453674623,4.706588833,2.64188926,5.42123413,1.480332755,0.005592477,0.223249018,0.963798813,1.307274561,0.86817664,-0.590501666
AT2G26340,6.206897577,10.42993325,47.21349179,45.60488504,0.014631727,0.991077249,0.6481309,0.80418924,0.131464489,0.228702106,0.798796497
AT2G26440,5.584829017,4.160333522,7.346295599,6.952152539,-0.047803098,0.98196398,-0.328955596,0.918446523,0.760223835,0.598423797,-0.345256712
AT2G26500,175.5950084,151.0764615,1282.183596,1126.838351,-0.046395297,0.809040792,-0.052870247,0.970346925,0.136949973,0.134071104,-0.030650651
AT2G26530,25.4334394,63.05516673,85.16723666,235.0871555,1.558403798,2.78716E-53,1.495737751,5.06551E-12,0.298629384,0.268220382,-0.154937254
AT2G26540,3.704521538,4.283965967,9.259427348,8.986048877,0.23653041,0.839515142,0.39595826,0.920224397,0.400081063,0.476735218,0.252895861
AT2G26560,13.21051777,72.5293725,30.68709673,269.8177927,3.127680274,2.32871E-62,2.572503657,1.71485E-41,0.430490961,0.268808709,-0.679403067
AT2G26570,5.165104311,4.755956766,6.552453047,7.340144258,0.236510328,0.88164,-0.210945094,0.943845246,0.788270328,0.647937779,-0.282835191
AT2G26590,2.875653732,3.79140826,10.66837216,4.624640007,-0.370151576,0.788812941,0.359732074,0.936826375,0.269549439,0.819827761,1.604770935
AT2G26600,2.936778458,1.868664287,6.312124186,6.424320003,0.194203278,0.90010257,-0.341080211,0.940600751,0.46525993,0.290873475,-0.677645198
AT2G26670,9.35991325,9.67036298,27.6221329,23.56522146,-0.472315202,0.514163036,0.495057609,0.694972648,0.338855558,0.410365886,0.27624037
AT2G26690,14.2183477,14.92712562,21.7573986,10.99560072,-0.713512254,0.015527987,0.023810162,0.993235243,0.653494839,1.357554352,1.054762212
AT2G26730,2.541277032,3.004025458,4.873821871,5.847906808,0.260170987,0.825947775,0.180287155,0.971959027,0.521413605,0.51369243,-0.021523414
AT2G26740,3.55245837,3.199220977,12.31924952,11.23610877,-0.080865104,0.965564457,-0.107981436,0.986702811,0.28836646,0.284726772,-0.018325221
AT2G26780,1.636316203,1.655778451,3.248938895,3.083259137,0.000358224,0.999850376,0.140049709,0.975735197,0.503646346,0.53702215,0.092570548
AT2G26800,7.2270702,5.080811789,26.43060461,21.08158086,-0.153086046,0.841186431,-0.516246765,0.771567415,0.273435675,0.241007153,-0.182125513
AT2G26890,7.436612038,7.347863499,8.451201329,7.406635923,-0.090835672,0.913110075,0.020967155,0.992589008,0.879947329,0.992064896,0.173017327
AT2G26900,16.23310182,12.29730906,28.21541962,24.82675083,0.061518591,0.93892297,-0.185677226,0.943207839,0.575327322,0.495324948,-0.2160077
AT2G26910,7.961506511,7.437427032,12.01068838,9.975966322,-0.047645153,0.967018989,-0.082329485,0.97421589,0.66286846,0.745534497,0.169552499
AT2G26930,3.046167706,3.684374415,10.74934746,8.087867949,-0.111568815,0.960313888,0.261168876,0.966592012,0.283381639,0.455543344,0.684842044
AT2G26975,5.64227313,10.91429329,38.56911082,61.05293094,0.813964802,0.034524913,0.978641857,0.556135839,0.146289946,0.178767721,0.289255638
AT2G26990,4.466493837,3.742600939,6.116316962,2.960737747,-0.386555773,0.745765156,-0.21583015,0.964026953,0.730258727,1.264077152,0.791604921
AT2G27020,8.966974067,5.645732788,18.81397862,25.91174121,0.546177333,0.432519332,-0.287866677,0.936826375,0.476612324,0.217883188,-1.129261372
AT2G27030,6.284203188,11.70385073,42.1934054,35.78400836,-0.045538065,0.977667195,0.152375117,0.977375972,0.148938042,0.327069304,1.134884071
AT2G27050,7.546015156,6.304078017,15.44266781,14.25107672,-0.039784735,0.985008867,-0.221755625,0.942837015,0.488647121,0.442358016,-0.143578525
AT2G27080,27.2796643,37.49951133,87.9644321,104.9666154,0.489670207,0.029856195,0.72997452,0.055368111,0.31012153,0.357251791,0.204107554
AT2G27090,2.000472773,1.290552875,3.647532308,4.716344708,0.359174001,0.815068601,-0.533984234,0.871535223,0.548445525,0.273634129,-1.003100151
AT2G27100,3.620003654,3.68828937,9.898381554,5.832311969,-0.659212937,0.158043937,0.095046102,0.987459256,0.365716722,0.632388903,0.790085459
AT2G27110,1.790682893,1.480752104,3.629750432,3.037231186,-0.354001089,0.699593491,0.011816499,0.997778221,0.49333499,0.487533551,-0.01706611
AT2G27260,2.703583235,4.772504314,12.37322636,10.35418824,-0.225937635,0.845341573,0.705639487,0.808039381,0.218502689,0.46092501,1.076881014
AT2G27290,9.894519521,6.762486561,60.60656304,68.96449738,0.16391837,0.854796659,0.138557735,0.984337283,0.163258219,0.098057505,-0.735455659
AT2G27310,5.802827335,23.33223416,19.84636771,69.30975445,1.910416392,2.0189E-31,1.853611496,8.2733E-06,0.292387374,0.336637092,0.203313133
AT2G27350,1.769249195,1.28930079,5.130546771,4.362855902,-0.139221574,0.93547689,-0.525035867,0.899651201,0.344846129,0.295517619,-0.222708624
AT2G27385,11.21893326,18.32656152,48.69517419,35.13198479,-0.577007673,0.05529724,0.657656722,0.698563147,0.230391069,0.521648908,1.178994344
AT2G27450,5.234066303,4.690280226,12.96910422,27.44772069,1.32853019,8.02606E-06,0.236817749,0.96219347,0.403579632,0.1708805,-1.239865593
AT2G27500,8.919340562,11.32234564,33.16911337,57.27567202,0.954314086,2.65158E-06,0.376718891,0.856795714,0.268905004,0.197681585,-0.443918117
AT2G27510,4.581449095,2.019219862,10.69934559,4.938167181,-0.40832869,0.845795752,-0.758528334,0.819071747,0.428199001,0.408900669,-0.066531009
AT2G27530,19.61797239,19.28493053,112.5727588,67.48803206,-0.584962726,0.010311783,0.122680022,0.977375972,0.174269269,0.285753339,0.713452174
AT2G27580,3.693327569,4.39984944,33.66660746,42.3872973,0.053282482,0.981964984,0.528705856,0.890513824,0.109702992,0.103801132,-0.079780698
AT2G27600,13.55464683,9.285940013,25.58342299,16.64131575,-0.531799609,0.139831299,-0.545447108,0.570729337,0.529821472,0.558005157,0.074772143
AT2G27660,10.99303001,33.46439757,21.62769779,100.0509763,2.232531963,1.41086E-47,1.546547654,1.51066E-09,0.508284798,0.334473474,-0.603745285
AT2G27680,22.81487822,17.64887214,58.86763096,52.52862397,-0.057892492,0.938436691,-0.33118009,0.812365788,0.387562364,0.335985808,-0.206028185
AT2G27690,60.53190701,29.11676511,137.3082644,74.41228513,-0.825294652,2.78935E-20,-1.052530372,1.29902E-07,0.440846786,0.391289759,-0.172039989
AT2G27720,6.119470711,4.972353843,66.17104177,79.39319351,0.150191012,0.805625602,0.423945257,0.916442123,0.092479588,0.062629473,-0.562293246
AT2G27810,3.961743172,2.097618584,6.779475938,2.430981147,-0.986896486,0.24191366,-0.674041286,0.698563147,0.584373071,0.862869129,0.562252066
AT2G27830,5.232748414,3.940416618,17.50348907,30.38855693,1.123492838,0.000265379,0.031858869,0.996883172,0.298954591,0.129667777,-1.205106359
AT2G27860,18.06202532,17.18864981,57.78648993,55.85721698,-0.093046363,0.78749302,-0.069534767,0.978293689,0.312564846,0.30772478,-0.022514904
AT2G27900,2.539378914,2.937172098,4.459213638,2.803831835,-0.339838161,0.691997096,0.308871147,0.917861803,0.569467875,1.047556441,0.879341614
AT2G28000,41.57683426,29.96707265,102.3406712,75.57874576,-0.281945887,0.408359926,-0.432864136,0.186567593,0.406259152,0.396501323,-0.035074634
AT2G28080,1.544973161,2.135229526,1.977147807,7.10017673,1.574178308,0.035104006,0.363167837,0.943207839,0.781415105,0.300729067,-1.377624824
AT2G28190,37.33324552,19.04701601,218.8010155,150.1728301,-0.517657462,3.38339E-05,-0.386030157,0.631101839,0.170626473,0.126833969,-0.427900321
AT2G28290,5.081452165,5.258370215,5.3370826,5.535469652,0.05317213,0.949958891,0.095899076,0.957161107,0.952102965,0.949941115,-0.003279514
AT2G28320,1.866781036,2.331808627,3.591464323,4.844640438,0.470526124,0.447418887,0.393337643,0.906973926,0.519782704,0.48131717,-0.110920737
AT2G28370,3.150066943,1.781793295,19.52309599,18.6068184,-0.120400239,0.923166959,-0.259994653,0.970346925,0.161350789,0.095760235,-0.752702041
AT2G28380,3.650618766,2.930758172,8.188418314,15.9055323,0.79172544,0.075793727,-0.170101077,0.97690286,0.445827097,0.184260301,-1.274739029
AT2G28390,4.280843421,1.847112283,7.062556821,8.174560939,0.353458135,0.769468087,-0.547529663,0.810154012,0.606132245,0.225958592,-1.423574174
AT2G28400,10.35952105,14.56760048,56.36013375,108.6635602,1.110095384,7.4822E-06,0.604358073,0.761143727,0.183809377,0.134061506,-0.455315323
AT2G28470,6.913965772,8.141096503,10.11067971,13.83625553,0.508749765,0.306655212,0.137181561,0.964026953,0.683827989,0.588388707,-0.216863916
AT2G28520,3.866551881,1.994314006,4.655011108,4.727225978,0.171536264,0.885258789,-0.789926394,0.555816168,0.830621408,0.421878289,-0.977364212
AT2G28630,10.93443873,12.8277899,13.09895435,21.90996479,0.817511388,0.000749478,0.247527167,0.943207839,0.83475661,0.585477431,-0.511742054
AT2G28800,45.65709053,32.47367167,132.5944719,126.1442049,0.04646701,0.981376755,-0.379461097,0.42554164,0.344336305,0.257432925,-0.419621717
AT2G28830,1.724478181,3.227459606,3.55452932,7.790958009,1.085791067,0.007567062,0.727465151,0.64758657,0.485149517,0.414257092,-0.22790304
AT2G28840,8.249120312,5.863193341,25.71980831,29.20450215,0.462459414,0.035000513,-0.394995275,0.875859493,0.320730241,0.200763338,-0.675864549
AT2G28900,9.383493292,5.605298511,71.90573032,49.47662757,-0.558677154,0.347313977,-0.119743105,0.987703677,0.130497156,0.113291847,-0.203974324
AT2G28910,8.551092306,7.189957516,26.80684001,27.35333329,0.051320105,0.960313888,-0.00633764,0.998427489,0.318989195,0.262854894,-0.27924096
AT2G28950,11.373627,8.87946407,49.62282649,28.52901336,-0.472829073,0.416658406,0.207290024,0.96168669,0.229201515,0.311243293,0.441426171
AT2G29080,8.597626266,8.281584055,13.28497939,11.54917961,-0.24892486,0.836414236,-0.109311805,0.970346925,0.647168958,0.717071198,0.147973962
AT2G29120,4.244070893,4.087937016,6.892634814,4.41410142,-0.102006138,0.972472329,-0.014363276,0.996883172,0.61573999,0.926108539,0.588860016
AT2G29210,2.659059253,3.034877003,7.319355217,8.534158931,0.050899831,0.982707503,-0.113274743,0.985124941,0.363291461,0.355615243,-0.030810293
AT2G29290,6.19021462,8.637451986,25.83521825,17.70929479,-0.225380573,0.765130721,-0.056737704,0.991004798,0.239603729,0.487735513,1.025448665
AT2G29310,1.369559135,1.839345424,5.352744727,3.814301471,-0.128263443,0.953880993,0.291696267,0.964811001,0.255861097,0.4822234,0.914340856
AT2G29400,8.867219476,3.959778769,16.66310582,12.78562638,-0.014781097,0.991366964,-0.429995436,0.901612329,0.532146862,0.309705497,-0.780927467
AT2G29450,25.47910954,21.80217951,100.0884754,62.73689518,-0.432331426,0.396867764,-0.261569927,0.906973926,0.254565867,0.347517668,0.449047335
AT2G29510,7.741590997,6.946112323,18.83910273,17.17586789,-0.028161628,0.981376755,-0.200996649,0.927958111,0.410932044,0.404411141,-0.023077095
AT2G29550,7.685628897,6.402788199,23.427762,20.34571522,-0.196729823,0.761143793,-0.300449477,0.906973926,0.32805647,0.314699588,-0.059968883
AT2G29630,26.00332636,20.06367304,45.73795242,40.80378659,-0.200437333,0.673286278,-0.134609544,0.922062997,0.568528432,0.491711057,-0.209421702
AT2G29650,19.8055023,19.00665267,46.68663525,44.84527118,0.010694713,0.991366964,0.078459782,0.977375972,0.424222097,0.423827355,-0.001343063
AT2G29670,17.32981333,18.41982257,52.19936682,41.60508535,-0.207239947,0.672939132,0.074710651,0.979467805,0.331992788,0.442730075,0.415275478
AT2G29690,1.54341797,1.665987201,5.014742843,5.517159299,0.234501616,0.896726742,-0.032779075,0.996883172,0.307776095,0.301964672,-0.027501407
AT2G29700,5.523609258,4.516761939,33.95852103,12.23528843,-0.929574575,0.326480361,-0.05435752,0.993235243,0.162657533,0.369158599,1.182403126
AT2G29720,1.472785372,6.998677811,4.23184076,28.89251459,2.627350121,5.24884E-23,2.379448861,7.03806E-06,0.348024762,0.242231523,-0.522803333
AT2G29960,1.612502095,3.477166304,11.6510118,14.28526387,-0.175150481,0.880236019,0.758895221,0.80418924,0.138400177,0.243409316,0.814538596
AT2G29970,2.562564039,1.782811493,5.297971812,3.518044508,-0.519244432,0.350221122,-0.412996485,0.895361484,0.483687745,0.506762063,0.06723254
AT2G29980,10.63010224,9.600830148,33.64412999,31.85821379,0.015747456,0.988083363,-0.089580669,0.985607912,0.315957115,0.301361219,-0.068234977
AT2G30010,13.64217586,13.42042813,25.13550192,32.99596502,0.369152141,0.165712778,-0.110656173,0.977375972,0.542745313,0.406729372,-0.416206183
AT2G30020,7.658061931,22.48589012,15.778707,47.14717544,1.877774699,8.60271E-13,1.638435765,3.12178E-06,0.485341539,0.47692974,-0.025223593
AT2G30040,10.51242317,13.95035716,23.18352926,25.09652977,0.106939708,0.948263939,0.4624765,0.765494085,0.453443609,0.555867974,0.29381912
AT2G30100,9.545137198,5.280393597,11.23853003,8.041294353,-0.395090104,0.535861592,-0.492201016,0.775640612,0.849322569,0.656659658,-0.371166763
AT2G30110,19.32682788,16.89747471,29.89240523,26.00488399,-0.152575315,0.639661493,-0.178114284,0.870329552,0.64654643,0.649780815,0.007199171
AT2G30170,2.04111718,4.465655697,18.87880463,14.76425149,-0.170972402,0.878723474,0.985311574,0.595611854,0.108116865,0.302464077,1.484172215
AT2G30200,8.224842264,7.386958994,15.58374115,16.95564756,0.143871557,0.92932035,0.282642746,0.922062997,0.527783552,0.435663632,-0.276731707
AT2G30250,9.05245004,10.74874018,27.47435906,26.53542014,0.083586041,0.928053585,0.401208201,0.796413879,0.329487215,0.405071415,0.297953797
AT2G30260,5.610132083,3.513014707,19.32852845,11.0654915,-0.357847095,0.758966982,-0.478047917,0.879698359,0.290251381,0.317474801,0.12933915
AT2G30270,2.135020874,3.695984182,8.341242611,7.013006929,-0.18113257,0.933683952,0.646544306,0.868587363,0.25595957,0.52701847,1.041937574
AT2G30320,2.42072452,1.053267207,3.943094762,2.721989849,-0.383066169,0.791811698,-0.891445946,0.698563147,0.613914873,0.386947515,-0.665900728
AT2G30360,8.605352035,9.790315678,32.79037265,32.90114538,0.233927225,0.735748462,0.282534425,0.902085818,0.262435323,0.297567625,0.181255655
AT2G30390,10.26895675,6.553630608,20.75888524,24.95296729,0.169294153,0.7346132,-0.514998879,0.746977286,0.494677659,0.26263933,-0.913405771
AT2G30440,7.949623434,9.998600467,52.1294003,63.64407427,0.389051775,0.00511908,0.695460618,0.431782981,0.152497888,0.157101829,0.042910716
AT2G30490,16.87737906,16.71142035,46.81557921,48.67743968,0.265552555,0.614327412,-0.069424843,0.982744851,0.360507749,0.343309353,-0.070521104
AT2G30500,10.23217205,7.306984154,12.59123701,5.523042299,-1.012028762,0.005814969,-0.407250844,0.817175896,0.812642319,1.322999854,0.703120501
AT2G30520,36.97351634,28.87821307,87.7307142,65.8815462,-0.309998162,0.009521404,-0.30673869,0.640807688,0.421443239,0.438335387,0.056696816
AT2G30530,1.796719465,1.807478971,6.428448718,3.021629742,-1.011442608,0.170864817,0.158780706,0.985124941,0.27949503,0.598180163,1.097757441
AT2G30550,1.432667645,1.612421913,6.292275753,7.560968183,0.351863094,0.658855743,0.125935196,0.987703677,0.227686723,0.213256011,-0.094463759
AT2G30570,464.7369583,375.8083405,4155.72894,4501.519676,0.132153064,0.464161647,-0.057146847,0.952264185,0.111830431,0.083484771,-0.421727863
AT2G30600,27.64904872,17.22792726,70.238105,38.43290576,-0.750397207,5.82189E-13,-0.635084495,0.018905881,0.393647419,0.448259816,0.187431158
AT2G30620,9.065070494,7.007546737,64.88974236,62.16006227,-0.061993828,0.968249298,0.27986245,0.915554809,0.139699591,0.112733908,-0.309406289
AT2G30720,4.274774851,9.966394157,14.29289472,32.75054891,1.397428145,2.34715E-13,1.207076138,0.148650825,0.299083911,0.304312278,0.025002241
AT2G30800,1.794998051,1.529511391,2.940158286,2.864724188,0.051710954,0.982955593,-0.125990234,0.980554701,0.610510686,0.533912269,-0.193413846
AT2G30860,35.429876,31.43640807,116.2659811,117.308279,0.013724908,0.988861467,0.361480891,0.640332872,0.304731235,0.267981155,-0.185405834
AT2G30870,28.15161291,55.78473045,161.2607201,256.0642047,0.700997465,2.853E-11,1.088020542,0.000160379,0.17457204,0.217854465,0.319542173
AT2G30930,19.81298002,20.14899844,67.85246747,96.33312108,0.651055277,0.003242813,0.242633193,0.943661442,0.292000877,0.209159614,-0.481368389
AT2G30950,90.46879955,90.66608731,186.5042652,167.6585904,-0.031870443,0.878773274,0.014849875,0.99028252,0.485076304,0.54077806,0.156824918
AT2G30970,5.844261634,6.715298816,19.39519794,20.76917951,0.17320095,0.817224768,0.186273864,0.964026953,0.301325186,0.32333,0.101686108
AT2G30980,7.979490237,5.546811175,27.327453,22.4080175,-0.059519226,0.95445,-0.226169885,0.943661442,0.291995388,0.2475369,-0.238301982
AT2G30990,6.272917193,6.895475237,21.57616634,16.87625776,-0.244949426,0.569481705,0.192461622,0.956306155,0.290733631,0.408590301,0.490956989
AT2G31040,9.606274056,9.197240768,20.7081196,22.0510314,0.130565213,0.871330425,0.253799961,0.932776132,0.463889249,0.417088915,-0.153425441
AT2G31090,8.805899989,7.347493077,46.19697948,84.25939077,0.84334179,0.031929063,0.072204614,0.992536659,0.190616358,0.087200881,-1.128257323
AT2G31141,12.28129411,7.729995549,24.27502702,34.91513604,0.195641709,0.95445,-0.607046344,0.850426807,0.505922984,0.221393826,-1.192302792
AT2G31170,3.385105516,2.383492123,6.847256215,6.927371167,0.209530618,0.914979914,-0.429080423,0.908309853,0.494374011,0.344068777,-0.522905925
AT2G31200,6.47024455,8.725018547,42.74070283,48.89367595,0.085450649,0.923851866,0.166824328,0.97421589,0.151383672,0.178448815,0.237300714
AT2G31230,2.312448757,4.717302969,3.560179259,11.43075843,1.579399028,0.03560965,0.848494283,0.724381794,0.649531551,0.412685037,-0.654358476
AT2G31260,2.413436832,1.414857642,1.506351468,2.105252279,0.436715979,0.777722269,-0.6209805,0.821705988,1.602173784,0.672060853,-1.253366867
AT2G31350,1.478934976,2.096502825,12.06675381,19.45409913,0.652034651,0.076907,0.524585638,0.906973926,0.122562787,0.107766636,-0.185610408
AT2G31360,5.714071748,8.901963421,15.97613789,20.92523519,0.145491867,0.958159308,0.467132509,0.846328658,0.357662896,0.425417604,0.250279272
AT2G31370,9.09506221,7.570983956,17.22837735,19.05758646,0.180589035,0.822593302,-0.019934887,0.996883172,0.527911714,0.397268771,-0.410181288
AT2G31380,12.84484026,11.81334849,52.02365472,45.26252364,-0.038041513,0.972086095,-0.327861227,0.891862226,0.246903843,0.26099624,0.080079734
AT2G31400,14.83343174,14.12235616,35.67002007,31.43306733,-0.152549456,0.841493521,-0.071974272,0.977375972,0.415851511,0.449283425,0.111557366
AT2G31410,3.531190974,4.167432812,25.04116882,7.45652171,-1.349635921,0.104519006,-0.109603948,0.987703677,0.141015421,0.558897697,1.986731286
AT2G31570,16.44433042,15.27487314,71.62519502,58.08986417,-0.094874033,0.91260038,0.023784355,0.996883172,0.22958863,0.262952468,0.195750838
AT2G31610,15.43277588,11.70830098,45.79026433,61.90777916,0.264667898,0.291373268,-0.136164015,0.953728363,0.337031815,0.189124875,-0.833545656
AT2G31660,3.366371507,1.949196389,2.493831446,5.065710275,0.788060599,0.170886919,-0.91805032,0.309103196,1.349879324,0.384782446,-1.810715551
AT2G31670,7.97204829,8.601550206,21.21864275,17.79597591,-0.149541233,0.860465504,-0.004044273,0.999274118,0.375709624,0.483342428,0.363427569
AT2G31740,1.910281294,1.474651643,3.527816402,3.435804399,0.046175599,0.981964984,-0.293340244,0.953813161,0.541491131,0.429201279,-0.335283333
AT2G31750,4.392312445,3.932422906,9.894240637,10.04486164,-0.005329418,0.997187451,-0.090048871,0.987703677,0.443926179,0.39148602,-0.181359
AT2G31790,2.664896295,2.590969117,8.977084238,6.082030145,-0.121455035,0.951036865,0.340284952,0.938037002,0.29685544,0.426003991,0.521106394
AT2G31800,6.974041345,10.58241553,27.18729534,37.93965511,0.642904369,0.000754514,0.632348521,0.491893733,0.256518394,0.278927563,0.120828222
AT2G31810,15.03687248,14.40984118,69.3178988,77.91767864,0.183754896,0.341907375,0.008214838,0.996968648,0.216926259,0.184936736,-0.23017287
AT2G31820,6.22706065,6.651098652,7.98383444,7.038317014,-0.123831828,0.945896426,0.046244949,0.991863328,0.77995864,0.94498424,0.276892647
AT2G31865,2.35418414,4.127452362,6.944919606,19.05052718,1.623440769,1.38407E-08,0.877304327,0.536641217,0.338979322,0.21665817,-0.645776628
AT2G31880,65.15158556,133.2946541,114.9815717,313.5132889,1.545531082,3.7797E-101,1.08088727,5.63375E-14,0.566626327,0.425164287,-0.414377214
AT2G31890,2.667680662,1.940344188,3.917165577,4.659280233,0.320918082,0.799972597,-0.385729524,0.927958111,0.681023207,0.416447196,-0.709570382
AT2G31955,4.028195294,1.983353204,6.288798017,6.104554071,0.224978717,0.87326185,-0.356148395,0.927958111,0.640535009,0.324897311,-0.97929362
AT2G31960,3.174519613,3.602748835,4.89962497,4.566448893,-0.03157997,0.982352596,0.020860735,0.996057284,0.647910734,0.788960726,0.284158426
AT2G32030,4.840144628,25.03607507,17.66074274,155.2345368,3.05019966,3.5549E-33,3.140739167,2.82047E-21,0.274062348,0.161279027,-0.764945299
AT2G32040,2.962467961,1.650692814,7.116312962,8.771545992,0.343257413,0.585215572,-0.466122038,0.906326092,0.416292535,0.188187215,-1.145429067
AT2G32060,7.399282047,6.270010579,77.48543239,69.92920254,0.015566761,0.989088983,-0.131716554,0.986306587,0.095492557,0.089662263,-0.090887366
AT2G32080,4.779812493,4.443735077,19.645487,7.874709965,-0.179668498,0.862348251,-0.266934053,0.936826375,0.243303334,0.564304603,1.213718024
AT2G32150,57.72191579,35.81367649,144.1346268,116.7801477,-0.277054958,0.159335912,-0.272750788,0.709984184,0.400472233,0.306676068,-0.384986628
AT2G32160,5.651344228,6.050217982,9.538009268,12.9895845,0.559900515,0.258342917,0.040238746,0.993235243,0.592507731,0.465774558,-0.34720214
AT2G32190,11.3482555,14.78020075,38.2053103,320.6435275,2.841014554,4.63461E-23,1.323828554,0.125623597,0.29703346,0.046095428,-2.687929875
AT2G32200,7.08911925,13.87310032,27.61864812,195.6551545,2.596468083,1.24833E-10,1.268522845,0.335371817,0.25667872,0.070905877,-1.855986579
AT2G32210,5.063571145,15.44054351,26.59810147,199.1006327,2.655391993,9.82205E-15,2.077955579,0.001605896,0.190373405,0.077551454,-1.295606219
AT2G32230,4.850667776,2.365859628,11.7729818,13.90092466,0.335050349,0.698899177,-0.739350824,0.548147449,0.412016926,0.170194407,-1.27551998
AT2G32240,20.10868819,41.60232887,26.65166727,67.43364617,1.300054576,2.13739E-19,1.078656934,2.71501E-12,0.754500196,0.616937259,-0.290397497
AT2G32250,1.546774744,1.607497607,3.540300501,3.879908466,0.281843662,0.810071981,0.297986606,0.949357573,0.43690493,0.414313281,-0.076597318
AT2G32260,2.959659042,2.162835562,5.621883874,7.699213947,0.403884019,0.664978773,0.024969627,0.996883172,0.526453251,0.280916413,-0.906164509
AT2G32380,2.320053848,1.189687282,3.004566748,11.30680491,0.774156459,0.637528815,-0.247786145,NA,0.772175839,0.105218697,-2.875538322
AT2G32480,9.425242043,7.319400455,17.29661433,15.95272894,-0.116755881,0.871349085,-0.369338454,0.865840581,0.544918321,0.45881808,-0.248117756
AT2G32500,7.189111821,3.494090428,20.78774761,10.8657945,-0.536295576,0.708751221,-0.846018758,0.668024064,0.345834092,0.321567873,-0.104956817
AT2G32560,4.40501543,3.3030587,14.86434645,10.9977795,-0.102760345,0.928748446,-0.225727396,0.969930089,0.296347737,0.300338691,0.019299301
AT2G32580,7.158207287,5.396445796,23.58339418,20.30681956,-0.102384813,0.93367824,-0.041465921,0.993254435,0.303527441,0.265745494,-0.191781723
AT2G32600,1.978262453,2.034761097,8.487349498,7.04079053,-0.165259073,0.88111317,-0.1308068,0.987703677,0.233083656,0.288996113,0.310202243
AT2G32640,3.439519807,2.128245828,4.642344677,2.878600568,-0.510989856,0.738746801,-0.647317565,0.771515916,0.740901429,0.739333498,-0.003056336
AT2G32680,1.733767388,2.750359475,3.580385262,2.608439412,-0.472184673,0.592007847,0.531281932,0.846328658,0.484240455,1.054408035,1.122637753
AT2G32690,69.47182572,50.49009044,119.1676816,123.0337065,0.217857782,0.465179742,-0.369732526,0.263222154,0.582975391,0.410376082,-0.506488335
AT2G32700,9.55146698,5.548898239,12.68038376,13.0617171,0.194784816,0.851052069,-0.498133737,0.668084604,0.753247469,0.424821499,-0.826267142
AT2G32720,4.405061431,3.183853097,6.867032307,4.346445534,0.33416813,0.84529121,0.213256187,0.97421589,0.641479643,0.732518807,0.191462318
AT2G32730,11.37385102,12.71951321,15.88476692,13.72179459,-0.283684681,0.265471005,0.208620898,0.90529099,0.716022531,0.926956975,0.372497392
AT2G32800,16.28218202,32.2543753,20.88521904,43.40659563,1.124461043,1.86875E-12,0.980253636,5.82677E-06,0.779603124,0.743075444,-0.069231179
AT2G32810,3.524484286,4.351189004,7.447871056,10.64996064,0.388665142,0.698295338,0.370175754,0.890513824,0.473220369,0.408563858,-0.211950585
AT2G32850,1.975458499,2.337184821,4.407743169,1.890219639,-1.192017175,0.051721295,0.188767182,0.97421589,0.44817913,1.236462035,1.464070568
AT2G32860,4.602405041,6.202750409,13.78890365,15.57874647,0.186126786,0.872153452,0.66357077,0.519280982,0.333775995,0.398154654,0.254448718
AT2G32870,8.170779482,8.889811526,25.08210042,34.44949205,0.810475389,0.034576466,0.185642253,0.964811001,0.325761373,0.258053486,-0.336145427
AT2G32880,4.092272427,5.142605657,16.93212619,22.00993548,0.335155735,0.779788616,0.37081121,0.920224397,0.241686861,0.233649284,-0.04879443
AT2G32910,1.967077351,2.579562601,6.170398228,2.711555472,-0.835494005,0.154447178,0.397378657,0.916442123,0.318792609,0.951322083,1.577315685
AT2G32950,3.469739232,1.69699691,5.961306531,1.776103744,-1.460289523,0.032873854,-1.035540789,0.335371817,0.582043419,0.955460466,0.715069402
AT2G32970,3.020449092,3.834305907,6.458089262,3.11195998,-0.476469587,0.77096434,0.682820887,0.645349961,0.467700115,1.232119286,1.397486246
AT2G33040,30.55229524,30.15999659,91.51933536,100.2280715,0.182882325,0.618487215,0.098925958,0.969732935,0.333834322,0.300913667,-0.149782651
AT2G33110,4.135130585,6.813365617,7.661469587,51.30814747,2.602819437,1.97164E-22,1.435626177,0.02938644,0.539730732,0.132793054,-2.023060145
AT2G33120,7.139881376,12.70095381,26.54938274,39.78541069,0.814613802,1.54826E-05,0.737942121,0.301788287,0.268928338,0.319236464,0.247403662
AT2G33150,13.20510014,10.33060638,27.51709662,33.0370698,0.197117328,0.640060159,-0.224771079,0.920224397,0.479887116,0.312697417,-0.61792778
AT2G33180,6.209641899,5.075333723,26.07891287,34.76216257,0.350500664,0.568852595,-0.182955883,0.977375972,0.238109691,0.146001668,-0.70564149
AT2G33220,7.837450214,10.59074508,57.52368144,60.33758,0.286020441,0.739375931,0.559165605,0.732508326,0.136247368,0.175524857,0.365446986
AT2G33330,2.253429642,1.400753417,5.142427675,3.948507225,0.668440822,0.511304724,-0.647315147,0.867251536,0.438203468,0.354755186,-0.304777126
AT2G33340,7.702703216,6.234827058,20.94162944,18.71765662,-0.08045423,0.916061117,-0.093112283,0.981413902,0.367817759,0.333098698,-0.143041422
AT2G33370,15.70549578,10.69019125,55.72677199,56.66098774,-0.114719977,0.871619701,-0.348428507,0.918280996,0.281830352,0.188669342,-0.578966988
AT2G33380,4.291160789,3.422293809,28.85730089,16.25102542,-0.706008951,0.162715345,-0.556191998,0.786434957,0.148702777,0.210589407,0.502001276
AT2G33410,3.753245248,2.765466325,7.031883989,2.846776929,-0.106455764,0.962263736,-0.502215751,0.86876,0.533746753,0.971437662,0.863966031
AT2G33430,14.15027014,7.430474207,40.95026677,19.47928051,-0.910888529,0.001925307,-0.589062531,0.754869778,0.345547691,0.38145527,0.142629054
AT2G33450,38.11862334,43.24408392,226.4046295,193.4058122,-0.077731369,0.831880297,0.1429444,0.948642345,0.168365035,0.223592473,0.409279067
AT2G33470,3.11863867,2.539943835,15.60278689,16.38545735,-0.052117762,0.987368033,-0.348346141,0.940145924,0.199877028,0.155012081,-0.366732017
AT2G33530,9.489214539,6.733919625,18.00002383,10.73393749,-0.566116136,0.175419875,-0.355569368,0.899651201,0.527177888,0.627348504,0.250977251
AT2G33540,2.658828637,1.84775092,3.819850409,3.023348525,-0.258285146,0.870318539,-0.306047492,0.922062997,0.696055697,0.611160409,-0.187651664
AT2G33570,5.419746503,3.597225134,18.70213564,7.690600738,-0.950311407,0.024461332,-0.581524898,0.717462763,0.28979292,0.467743062,0.690693903
AT2G33580,6.408062328,29.7066611,9.317746826,57.44391357,2.636795603,2.99106E-80,2.194780027,1.86039E-15,0.687726598,0.517142013,-0.411274628
AT2G33590,4.406877351,5.943603157,7.747033464,8.755144898,0.372081514,0.770110016,0.362521037,0.919796702,0.568847078,0.678869765,0.255093964
AT2G33630,4.723609543,4.955108667,12.9515376,16.23894293,0.342982786,0.637919328,0.081516415,0.987703677,0.36471419,0.30513739,-0.257307358
AT2G33700,2.546815789,3.021861917,5.564251467,6.587284506,0.289484664,0.870170446,0.22002711,0.964026953,0.457710404,0.458741673,0.003246885
AT2G33730,3.377538677,3.089816894,11.60516275,9.200595828,-0.321086768,0.410745312,0.123456991,0.985607912,0.291037597,0.335827913,0.206516612
AT2G33770,5.923346668,5.184349016,13.43766177,13.98384855,0.297184118,0.739060446,-0.04484014,0.989720825,0.440801887,0.370738355,-0.249729021
AT2G33800,40.18680468,55.7416874,174.3663577,156.3515538,-0.037873269,0.93949253,0.310498793,0.565100576,0.230473385,0.356515084,0.629362962
AT2G33830,8.757247449,6.966137816,84.4646246,107.7329683,0.247332796,0.58595014,0.293274282,0.943661442,0.103679469,0.064661152,-0.681159127
AT2G33855,3.151263423,2.680601889,16.61923751,18.33229413,-0.030258349,0.991248821,-0.020760434,0.996968648,0.189615403,0.146222937,-0.374906531
AT2G34250,51.86332272,76.89530065,107.7161549,188.9817455,0.915312524,1.33837E-11,0.579140991,0.001655819,0.481481378,0.406892742,-0.242831454
AT2G34355,1.943837413,2.147273326,5.359628989,2.864715774,-0.814837165,0.253132811,-0.007893845,0.998844586,0.362681338,0.749558943,1.047339419
AT2G34357,2.988117976,2.369779695,3.172298495,2.121887534,-0.3133051,0.793120623,-0.287561706,0.922062997,0.941940987,1.116826249,0.245696173
AT2G34420,373.3136236,220.1833325,4032.65718,4163.228576,0.089731452,0.74862035,-0.352012218,0.014264742,0.092572616,0.05288764,-0.807654899
AT2G34430,238.7552859,113.3403335,2281.228468,1933.403988,-0.071671199,0.806592142,-0.890170031,1.93065E-08,0.104660839,0.058622168,-0.836203502
AT2G34460,32.90201975,29.27304417,56.00430702,61.65007795,0.29017461,0.316524366,-0.075491861,0.982876393,0.587490882,0.474825745,-0.307168303
AT2G34480,25.07230895,12.34666532,185.659475,130.2710357,-0.526872624,1.86817E-05,-0.335577953,0.814690997,0.135044597,0.09477675,-0.51083083
AT2G34510,18.88345045,8.199594735,55.55630608,29.82949043,-0.870828276,0.015662302,-1.054707264,0.018358782,0.339897516,0.274882159,-0.306286546
AT2G34520,4.224548026,3.946294244,13.63136787,15.65568164,0.545964083,0.70993691,-0.364918362,0.940145924,0.309913727,0.252067865,-0.298054453
AT2G34560,5.711731119,5.17673844,21.50438715,16.88793431,-0.37191283,0.313694086,-0.117381512,0.981413902,0.265607714,0.306534733,0.206753506
AT2G34590,10.99613475,6.659562399,38.94853632,31.74013118,-0.251329394,0.669549108,-0.403398597,0.812314135,0.282324724,0.209815213,-0.428236184
AT2G34600,19.25877539,14.32680241,86.34345707,82.016552,0.077959965,0.905985046,-0.231378033,0.957926244,0.223048463,0.174681842,-0.352627554
AT2G34620,9.501974186,5.858435002,25.33679303,14.73929257,-0.732713449,0.032463907,-0.565616626,0.831990072,0.375026712,0.397470569,0.083854679
AT2G34630,1.934902159,3.880263664,9.055349256,5.718775761,-0.521622897,0.727841389,-0.165157745,0.978459479,0.213675045,0.678512994,1.666958019
AT2G34640,2.087930904,2.488251318,4.399827953,4.494252464,0.307046821,0.862348251,0.233811401,0.966592012,0.474548307,0.553651878,0.222424179
AT2G34660,3.512081711,3.19689342,3.871554267,1.959159962,-0.500463821,0.497893815,-0.17835098,0.956206514,0.907150325,1.631767431,0.847021905
AT2G34680,2.796356736,4.544205069,5.136706037,4.064540288,-0.097254271,0.938845856,0.750250487,0.389693795,0.544387145,1.118012062,1.038230847
AT2G34690,4.953454419,2.754003104,15.30347115,16.51538648,0.258215795,0.921603476,-0.757259627,0.764063421,0.323681756,0.166753779,-0.956856599
AT2G34750,5.032481908,6.384552494,17.1820812,16.05481736,-0.01677418,0.989983064,0.347619717,0.906973926,0.292891289,0.397672073,0.441213964
AT2G34770,10.05750474,5.641195367,33.16807231,28.45661052,-0.227188227,0.759792742,-0.841361896,0.538203091,0.303228498,0.198238485,-0.613168276
AT2G34860,15.17043582,16.20585146,80.16621872,78.46038985,0.086213801,0.869967097,0.074548134,0.987703677,0.189237263,0.206548189,0.126282213
AT2G34930,61.11435444,94.26256326,100.1164964,156.1353655,0.765511193,2.35609E-13,0.633817054,2.57329E-07,0.610432413,0.603723333,-0.015944008
AT2G34970,2.094457308,1.883184878,2.726600286,6.42969953,0.87089685,0.039776999,0.059717826,0.991194573,0.768157078,0.292888473,-1.391049937
AT2G35040,6.397993534,5.927842496,13.15036219,11.71201141,-0.074655885,0.937563544,0.000345447,0.999997657,0.486526032,0.5061336,0.057001252
AT2G35050,9.497877562,8.484221065,20.47552103,16.00951103,-0.236164546,0.576669733,-0.306965557,0.724381794,0.463865,0.529948794,0.192147973
AT2G35060,2.487524789,3.392294288,9.002278903,6.066372569,-0.572352093,0.332417802,0.365047434,0.918446523,0.276321675,0.559196497,1.017006587
AT2G35110,2.890806902,2.244398769,4.198905117,3.360958606,-0.327393369,0.851052069,-0.325668035,0.901612329,0.688466832,0.667785305,-0.044002804
AT2G35260,25.65870604,14.33023086,73.56553932,56.88029179,-0.281698604,0.13229426,-0.672234653,0.251327116,0.348787031,0.251936662,-0.469285317
AT2G35290,6.387751227,3.878828165,53.22107482,41.88170798,-0.450934472,0.761992188,-0.190235164,0.975755314,0.120022965,0.092613896,-0.374009894
AT2G35370,40.68409868,31.47658064,242.0621484,213.4118337,-0.004796531,0.992891584,0.014193221,0.996883172,0.168072947,0.147492199,-0.188448878
AT2G35390,8.127581629,6.668608128,15.93776724,17.60728499,0.359211622,0.408466033,0.025644584,0.993889967,0.509957355,0.378741421,-0.4291634
AT2G35410,14.54726107,13.21562434,42.22421746,38.80657905,-0.168885281,0.844765822,-0.128934706,0.970346925,0.344524113,0.34055113,-0.016733542
AT2G35450,2.466603987,3.100077699,10.83330312,12.21103266,0.248423818,0.787180678,0.212035902,0.974111218,0.227687157,0.253875146,0.157066248
AT2G35490,11.70785865,10.17815131,51.09966366,48.49957395,0.058374997,0.951099297,-0.108492993,0.977375972,0.229118116,0.209860633,-0.126659967
AT2G35500,4.530991489,6.661917376,15.96307004,11.14139502,0.148088782,0.881080612,0.536043304,0.789238697,0.28384211,0.59794284,1.074918935
AT2G35510,3.10400857,8.196544875,8.433176049,11.24622234,0.679917113,0.014367905,1.025456348,0.09110896,0.368071122,0.728826501,0.985590854
AT2G35630,3.574159899,3.754462292,4.303970051,4.185636982,0.078540852,0.93607786,0.059086038,0.987703677,0.830433264,0.896987079,0.11122297
AT2G35650,3.534073714,5.190458559,13.12450285,13.04384574,0.096331185,0.932355097,0.650985828,0.637202875,0.269272959,0.397923945,0.56342336
AT2G35658,2.093995127,14.49029139,5.021660493,62.70955206,3.095644598,4.63003E-12,2.246194113,0.00409692,0.416992572,0.231069923,-0.851692199
AT2G35680,11.92061661,14.03687657,26.24503876,25.91138442,0.033215374,0.9709843,0.502473935,0.640807688,0.454204573,0.541726229,0.254221714
AT2G35710,19.12856387,84.88096338,33.52457033,192.5838907,2.664131243,5.0483E-170,2.177766285,1.59003E-38,0.570583416,0.440747993,-0.372483815
AT2G35750,12.26244714,20.30086779,24.35024259,29.65768079,0.478893209,0.460929976,0.419340774,0.547605855,0.503586241,0.684506248,0.442824842
AT2G35780,5.000931431,4.505669117,15.96633042,7.8920668,-0.681872972,0.397942592,-0.049543536,0.993235243,0.313217333,0.570911173,0.866102247
AT2G35790,2.321633714,2.051910903,11.31440447,3.095686207,-1.346805279,0.176741371,-0.132138862,0.987703677,0.205192745,0.6628291,1.691657219
AT2G35800,9.842601545,9.842449275,13.84488078,6.991925489,-0.686819333,0.221173662,0.018850676,0.993889967,0.710919921,1.407687952,0.985568596
AT2G35830,3.19108935,2.703235108,25.22598555,21.97399493,-0.410934605,0.639879772,0.563719935,0.82680677,0.126500086,0.123019738,-0.040248557
AT2G35840,5.096933707,4.142534732,18.72097633,22.91297962,0.271938396,0.584614626,-0.238648853,0.953728363,0.2722579,0.18079424,-0.5906252
AT2G35860,8.802700431,7.418353313,14.72252552,14.37864476,0.053298327,0.975573111,-0.35077433,0.879698359,0.597906957,0.515928548,-0.212749719
AT2G35930,18.39364141,76.14995282,55.35380563,261.8340408,2.369793686,1.59962E-97,2.182127644,8.51416E-32,0.332292264,0.290832898,-0.192262238
AT2G35940,8.319853662,6.962463311,15.04959308,16.15251646,0.089132795,0.912907975,-0.162597482,0.956306155,0.552829144,0.431045115,-0.358994799
AT2G35960,4.340414944,2.728682526,12.76821949,6.925564293,-0.639965274,0.424744466,-0.426869096,0.922491402,0.339938936,0.394001472,0.212925406
AT2G36000,6.080016798,1.828725699,9.362263215,6.155510914,-0.233736942,0.875466384,-1.120428486,0.360592749,0.649417417,0.297087557,-1.128257897
AT2G36120,7.260536828,7.003626144,28.6863171,44.26622536,0.403675014,0.292360039,0.537359217,0.618826718,0.253101045,0.158216023,-0.677817747
AT2G36145,10.39489304,8.362320404,42.76772951,39.053642,0.114752465,0.93367824,-0.429333054,0.898806444,0.243054592,0.214123958,-0.182834164
AT2G36160,28.65603276,16.36318167,97.60014608,103.7221293,0.077546257,0.882910085,-0.843989643,0.268502496,0.293606454,0.157759793,-0.896154114
AT2G36170,6.865836319,4.939537124,28.44567372,28.69544628,-0.090380793,0.971617021,-0.288913196,0.957926244,0.241366627,0.17213662,-0.487672169
AT2G36220,13.78490457,24.05636241,49.19658548,106.6833423,1.266832219,7.29021E-17,1.074127307,0.007778274,0.280200433,0.225493145,-0.313375609
AT2G36250,4.797700165,6.24971569,14.13872675,17.90658258,0.234192914,0.751390171,0.276604477,0.936826375,0.339330426,0.34901778,0.040609739
AT2G36300,5.44080777,2.605810291,15.30930424,13.66808938,-0.183241833,0.937334841,-0.277204562,0.943661442,0.35539223,0.190649199,-0.89849167
AT2G36310,9.313803258,8.635708069,22.01857676,12.47185129,-0.771525137,0.087892164,0.225006022,0.943661442,0.422997515,0.692415895,0.710989654
AT2G36320,11.61464799,10.33238401,115.3486186,86.3871157,-0.243766129,0.641460344,-0.191762409,0.958145771,0.100691696,0.119605614,0.248340403
AT2G36390,3.347861825,2.387793363,6.043751109,6.770863716,0.011617993,0.995454462,-0.376821249,0.906973926,0.553937739,0.35265713,-0.651457624
AT2G36430,1.277358244,3.325303659,4.244568139,4.637707815,0.260851548,0.923828817,1.032254896,0.548147449,0.300939507,0.71701448,1.252528739
AT2G36460,6.262204886,6.74255652,17.20421974,8.38860246,-0.771458577,0.093620375,-0.250897505,0.944405854,0.36399238,0.803775903,1.142885079
AT2G36490,2.025882512,2.095164461,3.505291482,3.477645964,0.068687769,0.955342697,0.04599747,0.992589008,0.5779498,0.60246629,0.059936331
AT2G36530,73.84943151,59.92184331,137.4425963,116.4654701,-0.169738463,0.270045554,0.04549149,0.977375972,0.537311092,0.514503082,-0.062577902
AT2G36580,2.79660146,6.038704605,8.487159583,8.891033243,0.224780262,0.738874368,1.078814508,0.160924111,0.329509706,0.67919042,1.043495148
AT2G36620,7.239292475,5.693867262,54.9049253,52.2521378,-0.020396955,0.989721267,-0.169305386,0.977375972,0.131851422,0.108969078,-0.274994333
AT2G36630,7.526567956,5.686995688,17.1023822,17.70337371,0.018484179,0.991366964,-0.389428315,0.808721803,0.440088864,0.321237962,-0.454152475
AT2G36680,4.427621371,5.00831884,10.81659119,14.03366617,0.21243417,0.894647897,0.091206158,0.988909536,0.409336111,0.356878864,-0.197851484
AT2G36830,77.92730513,52.84284727,271.1401641,244.6325128,-0.055683907,0.911629136,-0.48405606,0.148557942,0.287405982,0.216009093,-0.411998044
AT2G36835,11.46185527,5.503097307,42.08482135,22.66587296,-0.371838108,0.698906829,-0.394340063,0.917987537,0.272351287,0.242792206,-0.165746574
AT2G36850,5.532727613,5.660739452,10.70569768,8.809090353,-0.101046058,0.821385141,0.123448513,0.957926244,0.516802153,0.642602042,0.314313486
AT2G36870,4.261134052,1.940424407,14.40079763,10.49970141,-0.271506193,0.860465504,-1.05274493,0.508910962,0.295895697,0.18480758,-0.679064786
AT2G36880,41.87387653,28.79536955,92.96294381,84.22738771,-0.110867423,0.890795458,-0.285046419,0.694972648,0.450436215,0.34187656,-0.397847314
AT2G36885,2.524569577,3.753812309,22.85785081,22.51739024,0.105871221,0.926577148,0.536446733,0.904302045,0.110446498,0.166707255,0.593969211
AT2G36895,10.70104512,12.44795237,46.98644731,48.49156926,-0.081134896,0.970580026,0.137928015,0.97421589,0.227747483,0.256703434,0.172667487
AT2G36910,4.109957683,4.051093117,8.123552155,7.853209978,-0.04335058,0.981964984,0.010116677,0.997319169,0.505931101,0.515851878,0.028015942
AT2G36930,3.396481891,2.003485637,12.81621688,14.31801241,0.481646718,0.592543479,-0.069981504,0.992589008,0.265014389,0.139927637,-0.921389763
AT2G36990,10.95958461,9.712064452,30.3897903,18.01106529,-0.518502881,0.023810872,-0.069573361,0.987703677,0.360633769,0.539227652,0.580359987
AT2G37040,26.58344282,25.03263636,49.01486152,53.85196171,0.19734397,0.372803303,-0.103111377,0.953172135,0.542354747,0.46484168,-0.222497374
AT2G37050,2.135373221,2.139926923,3.969552131,3.046800315,-0.306388611,0.874111818,0.036996121,0.993889967,0.537938072,0.702352206,0.384754577
AT2G37110,23.42220974,24.37156021,78.31700901,140.4882231,0.885914853,0.000454567,0.467991229,0.556049388,0.299069258,0.173477603,-0.785730203
AT2G37170,11.49970496,8.403474919,18.5839703,13.14206243,-0.985887914,0.000309461,-0.501424425,0.744981308,0.618796994,0.639433496,0.04732813
AT2G37180,1.660114106,2.17173823,8.465379152,5.088283696,-0.446600568,0.686915968,-0.516582155,0.899651201,0.196106291,0.426811546,1.121963387
AT2G37190,8.401550289,12.58705057,49.60252023,37.2302928,-0.544668784,0.352398335,0.104840489,0.984337283,0.169377488,0.338086263,0.997149259
AT2G37220,103.061339,76.71595923,429.7050548,376.3274958,-0.050530207,0.915784563,-0.411567811,0.148650825,0.239842045,0.20385425,-0.234546556
AT2G37240,8.252905009,6.898349149,22.29894152,21.41668069,0.329690539,0.604054493,-0.388502367,0.915554809,0.370102994,0.322101695,-0.200410553
AT2G37270,18.01455182,16.57346443,48.53365435,52.99013355,-0.023317634,0.989983064,-0.13351559,0.970346925,0.371176497,0.3127651,-0.247025824
AT2G37340,4.946409425,5.361854183,31.67870514,29.92393849,0.107854374,0.908492735,-0.148504027,0.974484472,0.156143043,0.17918277,0.198563622
AT2G37410,9.602511091,3.764106288,24.1797814,14.95010072,-0.646579826,0.088640879,-1.069813238,0.226718664,0.397129773,0.251777988,-0.657458362
AT2G37430,9.054428606,81.06871998,13.6381824,248.1143403,4.222179214,7.86503E-96,3.263354567,6.08101E-33,0.663902882,0.326739357,-1.022831973
AT2G37480,8.972396681,7.907880471,27.79308483,34.06869414,0.19925311,0.845427176,-0.010508567,0.997778221,0.322828385,0.232115749,-0.475923018
AT2G37540,12.2465697,4.15686417,25.03062778,11.18457033,-1.108259386,0.001373199,-1.121749331,0.195657914,0.489263386,0.371660604,-0.39662555
AT2G37550,9.591664047,11.39028886,24.53110119,23.65383007,0.143745324,0.879571939,-0.050774951,0.988906775,0.391000142,0.481540995,0.300489492
AT2G37600,2.933331008,4.644050597,22.91707261,10.32168717,-0.768250117,0.418773709,-0.481917502,0.816443838,0.127997631,0.449931346,1.813587768
AT2G37660,24.34670544,21.48603956,94.49765997,74.99186213,-0.293869564,0.119508708,0.062220122,0.987611088,0.257643474,0.286511615,0.153217576
AT2G37710,7.188345064,8.967350589,18.04192426,14.59061025,-0.050813558,0.961547121,0.228111638,0.922062997,0.398424523,0.614597363,0.625335131
AT2G37920,3.019434551,2.085839825,12.05735984,14.21425705,0.12629896,0.947996282,-0.171302847,0.980554701,0.25042253,0.146742796,-0.771074681
AT2G37940,23.71390122,67.63014212,40.07522664,161.4945321,1.911490471,6.04461E-55,1.315079815,3.61656E-09,0.591734675,0.418776669,-0.498769371
AT2G37970,14.83733644,17.48763253,44.4708521,22.94646793,-0.958139183,0.000301378,0.06607158,0.987703677,0.333641829,0.762105636,1.191690811
AT2G38020,4.623618808,3.274711811,5.305101413,7.375278721,0.319196011,0.60782873,-0.322126819,0.921874278,0.871542021,0.44401194,-0.972971753
AT2G38040,18.68350911,16.86480939,39.7376221,28.10732108,-0.261873176,0.149184262,-0.109595124,0.941363014,0.470171795,0.600014827,0.351810154
AT2G38080,2.770652283,2.315151946,4.385050773,3.167554337,-0.454442696,0.762643505,-0.355918077,0.935282428,0.631840411,0.730895732,0.210105398
AT2G38120,11.37095708,13.16530911,13.87685999,15.93724144,0.107230856,0.890765795,0.130665285,0.966872733,0.819418593,0.826072013,0.011666926
AT2G38140,34.59867835,35.50058906,279.8228188,184.4446745,-0.445915698,0.00294503,0.201769379,0.920224397,0.12364495,0.192472833,0.638451516
AT2G38170,16.54956237,14.05465848,33.63025117,32.8539114,0.042242734,0.960313888,-0.213065823,0.92462256,0.492103442,0.427792548,-0.202050256
AT2G38230,34.83495119,22.82578138,119.4989998,75.00855114,-0.565708581,3.74533E-05,-0.458642995,0.560032993,0.291508308,0.304309056,0.062000269
AT2G38240,7.629943161,4.03483015,38.59296593,9.608274841,-1.742750901,6.0602E-14,-0.577667709,0.748182721,0.197702949,0.419932841,1.08682423
AT2G38270,13.00372603,7.648555524,28.33448418,17.46456009,-0.585157186,0.294989559,-0.690549023,0.652150167,0.458936395,0.437947219,-0.067537214
AT2G38280,2.727612006,3.208894279,4.929286109,2.806370872,-0.813089473,0.275697184,0.076904171,0.988655422,0.553348283,1.143432007,1.047110861
AT2G38290,6.991044449,12.24869028,23.098805,38.9946302,0.856967364,0.019298695,0.820154056,0.194192892,0.302658274,0.314112231,0.053590329
AT2G38310,62.62988631,25.8351433,264.8849835,100.4261461,-1.318297378,5.45424E-32,-1.068511724,6.09276E-05,0.236441815,0.25725515,0.121714758
AT2G38330,2.080856124,2.371425651,6.284070668,7.802720578,0.351100068,0.740063313,-0.211507908,0.973510542,0.331131878,0.303922924,-0.123700411
AT2G38360,8.290499532,9.504261984,32.87448511,46.2448696,0.49017389,0.291373268,0.328768951,0.933083297,0.252186445,0.205520354,-0.295209451
AT2G38400,5.681881291,3.514880919,26.23859284,16.41190389,-0.599157436,0.027604324,-0.461648143,0.901612329,0.216546723,0.214166555,-0.015945137
AT2G38440,3.497139363,2.870704902,8.943252604,8.874540366,0.083694425,0.903993294,-0.258055026,0.917987537,0.39103663,0.32347646,-0.27364303
AT2G38470,28.2757576,130.5845875,46.91200022,214.6935962,2.25526579,1.41108E-87,2.241800936,2.81826E-60,0.602740396,0.608236994,0.013096807
AT2G38540,68.67367478,49.82335128,331.6128159,294.2689754,-0.075430138,0.818265499,-0.120562502,0.957770699,0.20708993,0.16931228,-0.290570784
AT2G38610,5.104534705,2.67923692,12.82398012,7.396663781,-0.095215267,0.966506312,-1.094044051,0.376607212,0.398046056,0.362222348,-0.136059809
AT2G38670,2.282306864,2.865654176,7.086496706,4.65045442,-0.556231068,0.505908894,0.281963712,0.95807376,0.322064196,0.616209496,0.936072631
AT2G38710,4.086965267,4.857100701,6.410679596,12.8460951,1.059683281,0.169620786,0.1455907,0.985769092,0.637524494,0.378099388,-0.753715257
AT2G38740,2.932524668,4.856456102,22.83552411,38.28312556,0.769414874,0.025428135,0.855706747,0.58229528,0.128419416,0.126856312,-0.017668041
AT2G38770,2.684429172,2.528958306,2.409298814,2.728543605,0.121123676,0.92932035,-0.084290366,0.987459256,1.114195199,0.92685281,-0.265589852
AT2G38790,1.692589616,9.441859955,4.260533812,45.38773246,2.855196754,7.04221E-12,1.593031468,0.017920029,0.397271725,0.208026694,-0.933357445
AT2G38800,6.388606296,7.293830684,11.54166396,13.76281088,0.365884928,0.548344531,0.190450083,0.957926244,0.553525585,0.529966643,-0.062748445
AT2G38860,2.971944373,4.72743454,6.492030469,16.96954375,1.422371718,0.000220529,0.555247774,0.856116445,0.457783491,0.278583479,-0.716555732
AT2G38870,13.1473583,22.0669895,117.1063369,332.500601,1.4238949,1.11943E-05,1.428534586,0.002926378,0.112268547,0.066366766,-0.758420928
AT2G39010,58.80041838,37.90447741,229.311879,159.6040427,-0.430123389,4.11785E-05,-0.379595717,0.421193454,0.256421162,0.23749071,-0.110644247
AT2G39020,6.336587296,3.174208419,11.38582871,5.592574999,-0.76599407,0.505908894,-0.815913983,0.594432883,0.556532814,0.567575476,0.028345501
AT2G39080,3.238794165,2.563264148,13.51462887,12.01228787,-0.112429619,0.94118669,0.245690873,0.964026953,0.239650988,0.21338684,-0.167463686
AT2G39130,4.623953908,2.799771141,9.519921069,4.934764586,-0.688979845,0.379740941,-0.467750475,0.863840084,0.485713471,0.567356576,0.224150236
AT2G39140,2.977354665,2.411685047,8.306038177,5.081652507,-0.866255014,0.134543362,-0.57792319,0.859996219,0.358456656,0.47458677,0.404873203
AT2G39190,8.929921386,8.095083797,14.45619309,17.96876234,0.223209485,0.595123122,-0.046637674,0.988076608,0.617722891,0.450508702,-0.455404821
AT2G39200,5.035584802,36.39618199,11.01902403,106.352027,3.318279708,3.9738E-101,2.897288886,1.27624E-34,0.456990092,0.342223679,-0.417223299
AT2G39210,17.76834296,15.7433781,32.9622575,34.12323869,0.150455119,0.82616902,-0.027320106,0.992589008,0.539051155,0.461368226,-0.224503537
AT2G39260,3.680914124,3.855605587,4.201786013,4.683243432,0.139856293,0.931194938,0.046290794,0.991579971,0.876035598,0.823276783,-0.089611954
AT2G39290,2.792256652,3.149318753,6.922131909,9.190400274,0.311731186,0.836053725,0.274237732,0.957926244,0.403381023,0.342674819,-0.235303032
AT2G39360,6.314019098,7.34788661,7.872558553,6.756009386,0.17713137,0.910440499,0.287472763,0.899651201,0.802028852,1.08760752,0.439431989
AT2G39400,5.234988952,23.39562349,16.90588734,85.54828434,2.397439605,2.58311E-46,1.924195028,1.58322E-07,0.309654787,0.273478582,-0.179232902
AT2G39420,7.018095699,7.698530356,23.83128717,18.74489066,-0.285317312,0.618478405,0.198895178,0.964026953,0.294490837,0.410700201,0.479862908
AT2G39450,9.242381518,5.136486956,17.64479981,17.16175421,0.103899486,0.938394847,-0.75986814,0.555816168,0.523802005,0.29929848,-0.807436628
AT2G39460,24.03598328,19.59356215,188.0368367,153.359805,-0.210766905,0.386885282,-0.41165262,0.800576749,0.127825929,0.127762044,-0.000721209
AT2G39470,14.52242333,15.61656469,80.13134336,58.95567065,-0.361192642,0.178330111,0.255666026,0.93023294,0.181232745,0.264886558,0.547530991
AT2G39480,2.621992426,5.747763757,4.055521536,5.858725147,0.575809861,0.150203476,1.080715669,0.016597728,0.646524104,0.981060489,0.601637933
AT2G39570,12.76947109,8.392346205,62.18454297,46.52185086,-0.353759954,0.090352452,-0.505821293,0.634343808,0.205347993,0.180395794,-0.186905148
AT2G39580,2.564744517,1.925724382,3.980351834,3.568826199,-0.019900691,0.991878792,-0.527254289,0.776183797,0.644351209,0.539596011,-0.255967572
AT2G39660,5.540815651,19.04612228,27.01131778,82.13303116,1.735058552,1.55241E-31,1.7417731,1.71411E-07,0.205129409,0.231893576,0.17692851
AT2G39670,7.549134913,4.359708411,12.30026517,9.041338684,-0.497727088,0.257592797,-0.544792603,0.749215808,0.613737575,0.482197224,-0.347998568
AT2G39720,10.51330224,6.540821994,29.86201955,33.92127501,0.111785004,0.93547689,-0.696345963,0.571993802,0.352062667,0.192823589,-0.868550696
AT2G39730,1630.954664,1394.596677,5677.899555,5068.804516,-0.07578157,0.677117626,-0.145853844,0.355183806,0.287246128,0.275133253,-0.06215693
AT2G39750,2.124208304,2.26158922,5.140013025,8.915922626,0.86329543,0.102615237,0.119411555,0.985607912,0.413269051,0.25365734,-0.704200416
AT2G39760,1.788240853,1.492280056,8.908913042,5.226916962,-0.62670284,0.541729042,-0.066759039,0.993235243,0.20072492,0.285499094,0.508266432
AT2G39770,21.82840946,11.78096215,66.32958765,73.51203124,0.283799227,0.205304842,-0.592327662,0.387668239,0.329090082,0.160258966,-1.038077472
AT2G39780,4.831804913,3.834541275,17.92246399,11.52765425,-0.562108853,0.588370019,-0.111862564,0.987703677,0.269594902,0.33263847,0.303161816
AT2G39800,4.98628074,5.640734023,10.25716756,12.81397073,0.37792776,0.379316584,0.203334881,0.943207839,0.486126478,0.440201881,-0.143166405
AT2G39840,2.975146974,4.9074457,10.08962318,11.98812001,0.335983232,0.649530566,0.709134676,0.741240906,0.294871961,0.409359073,0.473278228
AT2G39850,6.272200628,7.68202163,20.24059161,19.37261233,0.035780149,0.980169948,0.324095961,0.864081627,0.309882278,0.396540306,0.355747268
AT2G39870,3.114398412,2.563895457,6.49105471,6.429422951,0.231748414,0.874613527,-0.185314455,0.977375972,0.479798515,0.398775361,-0.266852421
AT2G39940,5.458356528,3.632650537,6.702798229,3.30380182,-0.924030399,0.151727409,-0.477631509,0.817248819,0.814339973,1.099536454,0.43319231
AT2G39970,3.798829878,4.478859708,16.91408046,16.40200912,-0.261658912,0.851052069,-0.147539468,0.97905619,0.224595708,0.273067749,0.281928573
AT2G39980,8.574972812,7.48291347,29.08608609,20.7282681,-0.367448258,0.50453811,0.082643408,0.987703677,0.294813568,0.361000419,0.292197591
AT2G39990,7.083115295,5.13313894,27.71380262,22.4906064,-0.229950933,0.746621423,-0.206634232,0.964026953,0.25558078,0.228234795,-0.163260598
AT2G40000,183.6918338,328.5130962,404.3620136,741.7238956,0.979476411,4.81461E-26,0.900773114,8.1765E-15,0.454275693,0.44290483,-0.036571381
AT2G40020,1.664544136,1.763117597,3.180234475,5.586594151,0.751005413,0.515143467,0.234129036,0.97421589,0.52340296,0.315597938,-0.729834301
AT2G40060,20.28485915,16.41194983,69.390223,63.70889803,0.018539866,0.981376755,0.035964257,0.993230672,0.29233022,0.25760844,-0.182419117
AT2G40090,1.727619134,1.954981495,6.869318997,6.050372353,0.016926574,0.991878792,0.486117572,0.906326092,0.251497876,0.323117551,0.361512902
AT2G40100,50.17392218,32.57919936,136.418236,128.000148,0.020815166,0.980638389,-0.566383423,0.271263207,0.367794832,0.254524701,-0.531095537
AT2G40140,19.19126286,82.98175387,39.61758986,198.401139,2.318735706,1.64156E-83,2.267877644,8.93836E-54,0.48441268,0.418252407,-0.211862787
AT2G40270,13.2655898,33.37494155,29.47743629,60.81849191,1.054184031,1.06937E-06,1.496254445,9.72975E-11,0.450025222,0.548763057,0.286177502
AT2G40280,1.787284398,1.399120851,5.846127477,8.317607363,0.42932731,0.677743846,-0.26072669,0.964026953,0.305721079,0.168211938,-0.861935931
AT2G40300,4.051099818,4.107357897,14.09912406,9.982610053,-0.494434496,0.520514176,0.395047817,0.901612329,0.287329894,0.411451301,0.518013587
AT2G40380,16.18846966,5.481688779,42.75303915,27.50887768,-0.47240205,0.417624471,-1.134721629,0.137175182,0.378650734,0.199269808,-0.926144585
AT2G40400,13.54437239,7.584489409,31.43723482,26.40301817,-0.178512811,0.808203855,-0.738898817,0.160977645,0.430838541,0.287258425,-0.584798109
AT2G40410,2.00504038,2.454386449,8.916878655,9.379609936,0.033311841,0.991366964,-0.309024079,0.957926244,0.224858996,0.26167255,0.218741988
AT2G40420,4.995616933,4.307439243,10.14633885,4.608197564,-0.518702961,0.720783387,-0.278410446,0.939534869,0.492356603,0.934734065,0.924852365
AT2G40490,19.00121028,20.94698217,65.78797813,54.5000704,-0.123789551,0.87326185,0.176876464,0.943207839,0.288824962,0.3843478,0.412216977
AT2G40510,4.917166444,6.775724462,64.52626253,52.47728402,-0.078791889,0.935926433,0.137225732,0.984029199,0.076204111,0.129117285,0.760741427
AT2G40540,3.686956111,3.890966586,11.33360116,10.25203603,-0.069500169,0.948769329,0.102242152,0.986150942,0.325311969,0.379531107,0.222394233
AT2G40600,10.69935903,10.5101277,21.18918971,15.69299451,-0.42003518,0.569338196,-0.075628534,0.988742131,0.504944227,0.669733727,0.407463576
AT2G40670,1.878295988,1.476105375,4.559547188,6.391915958,-0.004575317,0.998866977,-0.451793812,0.936325889,0.411947922,0.230933164,-0.834986594
AT2G40730,5.175743055,4.592461054,9.119302075,11.30992205,0.34656207,0.74047112,-0.047583298,0.99028252,0.567559119,0.406055942,-0.483092177
AT2G40830,3.632506336,2.119309148,12.03946694,9.702267186,-0.386339855,0.71101315,-0.20610127,0.973456681,0.301716542,0.218434424,-0.465993561
AT2G40880,17.99582499,13.87638,97.21856802,49.04249718,-0.9550884,0.000290854,-0.179095574,0.970346925,0.185106872,0.282946032,0.612168454
AT2G40890,9.745318056,7.118684843,20.80509587,8.987958715,-1.120346671,0.000424672,-0.499403611,0.671062587,0.468410149,0.792024649,0.757772994
AT2G40920,1.733996403,1.706540254,4.276132028,5.291553093,0.452730079,0.836053725,0.236847674,0.970346925,0.405505815,0.322502718,-0.330411284
AT2G40940,4.788316372,7.264013841,15.82975074,10.3056811,-0.432865875,0.246006746,0.575773546,0.764063421,0.302488425,0.70485529,1.220447158
AT2G40980,1.86715644,1.306950233,5.172196635,5.155040167,-0.043784982,0.982683177,-0.240902931,0.969425022,0.360998735,0.253528623,-0.509845147
AT2G41010,8.028173649,14.01914867,27.14928973,37.8279116,0.705793212,0.014743342,0.694683753,0.565100576,0.29570474,0.370603295,0.32571834
AT2G41040,4.79683052,3.348710122,13.78920562,16.33855222,0.291589334,0.802751431,0.149560376,0.977375972,0.347868518,0.20495758,-0.763216775
AT2G41060,2.495501776,2.444106002,3.802296459,4.343254447,0.713201994,0.497893815,-0.178006227,0.977375972,0.656314362,0.562736084,-0.221928528
AT2G41090,92.47342005,75.34626294,307.0496379,234.6871146,-0.316028909,0.021714835,-0.195050604,0.863857279,0.301167657,0.32104985,0.09223048
AT2G41100,131.3930876,193.4469644,575.9097565,861.5932385,0.69274556,2.36768E-18,0.801055315,5.15604E-14,0.228148744,0.22452238,-0.023115455
AT2G41110,15.40518927,37.82396959,112.1770775,152.0941473,0.707916807,0.001844335,0.519267801,0.538203091,0.137329209,0.24868787,0.856697637
AT2G41140,2.4258326,1.633617293,5.24030716,6.956551136,0.223940195,0.891999374,-0.187592362,0.97421589,0.462918017,0.234831493,-0.979130812
AT2G41220,1.499938861,1.3176395,1.385138673,1.911848935,0.265204344,0.859813176,-0.197605493,0.964026953,1.082879924,0.689196451,-0.651886101
AT2G41250,9.065882212,4.524314246,14.60640992,19.92966943,0.599651222,0.31524689,-0.642211096,0.762937016,0.620678337,0.227014014,-1.451064435
AT2G41410,10.62870065,11.56655385,48.87953369,63.62027089,0.552398121,0.12249755,-0.273107119,0.922062997,0.21744685,0.181806108,-0.258262141
AT2G41420,38.52179257,24.1988246,226.3332788,270.9622999,0.319179583,0.025766408,0.163140277,0.953728363,0.170199419,0.08930698,-0.930381277
AT2G41430,350.357798,374.1864271,1557.937525,1843.211046,0.351157501,0.000111049,0.235496847,0.478960685,0.224885653,0.203007913,-0.147655666
AT2G41475,3.1109754,5.842983431,24.35629954,16.76931586,-0.555788901,0.568825873,0.564047011,0.874826917,0.127727753,0.348433024,1.44780934
AT2G41530,10.56097928,6.770842876,20.52803156,17.28523816,-0.137160662,0.945896426,-0.262100918,0.936826375,0.514466244,0.391712443,-0.39328146
AT2G41560,7.915154065,11.58092893,14.94570593,21.30233152,0.477036658,0.02780163,0.481211942,0.537858198,0.529593858,0.543646075,0.037781343
AT2G41630,8.482747991,6.48443231,29.40918346,54.30622308,0.798906637,0.000214375,-0.183735876,0.967951052,0.288438746,0.119404958,-1.272402226
AT2G41640,5.427117031,24.02688324,11.95903169,51.51061709,2.162259512,8.08359E-33,2.162512622,5.32587E-13,0.453809068,0.466445261,0.039622348
AT2G41680,23.49340607,18.38566604,60.30855513,55.74511692,-0.063773376,0.865731769,-0.343908077,0.706139764,0.389553456,0.32981662,-0.240157213
AT2G41700,2.18005515,1.736270665,3.302083535,3.786049046,0.212191342,0.873742785,-0.241303122,0.936826375,0.660205936,0.458596982,-0.52568925
AT2G41720,2.262035326,2.729904944,3.688137087,2.904592232,-0.094003943,0.966147072,0.30735312,0.938162986,0.613327345,0.93985824,0.615785896
AT2G41740,4.993898476,4.42530755,6.683483242,8.184851261,0.253194178,0.874613527,-0.005708439,0.99858442,0.74719997,0.540670491,-0.466744778
AT2G41790,4.520290844,4.120273776,7.58799495,8.548005334,0.188073653,0.837762242,-0.127677148,0.97690286,0.595716111,0.482015817,-0.305544489
AT2G41840,33.73701567,22.78250545,117.7221546,109.9531095,-0.089394208,0.874613527,-0.342167347,0.767944319,0.286581704,0.207202011,-0.4679085
AT2G41870,7.347798544,3.971206245,28.28037218,21.82952647,-0.484039991,0.584093289,-0.709708955,0.739324382,0.259819726,0.181919028,-0.514214512
AT2G41900,4.641100611,3.813850855,10.72369818,15.38945961,0.73134365,0.009108761,-0.168817885,0.970346925,0.432789186,0.247822273,-0.8043586
AT2G41960,4.797656617,6.401769922,8.492529946,5.89745514,-0.41442063,0.193835867,0.367969603,0.793908256,0.564926665,1.085513967,0.942242785
AT2G42010,5.495754109,6.902994662,5.575669035,6.818800521,0.395174443,0.677743846,0.261571806,0.901612329,0.985667204,1.012347354,0.038531858
AT2G42130,6.744769741,8.026323135,21.88777447,28.81078114,0.380342321,0.758966982,0.100324282,0.987703677,0.308152377,0.278587488,-0.145513459
AT2G42190,7.562615018,2.446875771,11.91687523,6.472669213,-0.534648748,0.713714766,-1.037605924,0.49963078,0.63461393,0.378031951,-0.747371013
AT2G42210,16.37784975,11.83450751,56.92704152,57.34520522,-0.074692346,0.92932035,-0.358755478,0.812740299,0.287698944,0.206373096,-0.479305025
AT2G42220,32.73061092,34.45151215,151.8837062,149.2757295,0.122380988,0.845740522,0.063937219,0.987459256,0.215497842,0.230791116,0.098914266
AT2G42310,9.846079919,8.985792152,56.37027887,38.68908097,-0.517208857,0.368403073,-0.447234138,0.900327875,0.17466793,0.232256542,0.411104488
AT2G42320,5.135430422,4.203771524,9.675232601,8.599693284,-0.108000621,0.94925199,-0.252239876,0.936826375,0.530781081,0.488828076,-0.1187898
AT2G42360,5.101101649,9.239438914,13.25193277,24.85039259,0.840324519,0.260633841,0.824194185,0.586043274,0.384932654,0.371802533,-0.050069461
AT2G42380,2.5599929,1.212964466,5.810275753,3.179688136,-0.733882177,0.538911191,-0.57857526,0.892368198,0.440597488,0.381472778,-0.20788116
AT2G42490,4.423798231,4.094411584,10.90930033,11.2338852,0.094318135,0.944529046,-0.077705442,0.987703677,0.405507053,0.364469773,-0.153927839
AT2G42500,7.433900852,4.273311807,20.85677768,12.03163899,-0.657971691,0.338331372,-0.727333455,0.601983213,0.356426144,0.355172875,-0.00508176
AT2G42520,3.256834465,2.673522156,6.186614324,3.566558283,-0.378933884,0.582220994,-0.423446228,0.892166569,0.526432439,0.74960843,0.509888788
AT2G42540,19.99076084,8.62201618,115.1699829,35.69318766,-1.181631544,0.009959231,-0.601532242,0.723666754,0.173576138,0.241559153,0.47680789
AT2G42580,6.104781939,5.215258611,19.8107106,11.99259684,-0.401083737,0.132176713,-0.374072011,0.845464796,0.308155627,0.434873171,0.496935572
AT2G42590,30.16610039,25.52479586,127.0480867,96.38853331,-0.235506452,0.335566196,0.105951517,0.964026953,0.237438447,0.264811539,0.157412428
AT2G42600,25.12264388,29.26163801,48.53562249,44.02124353,-0.193994351,0.446074921,0.274088227,0.601644629,0.517612479,0.664716298,0.360866327
AT2G42620,3.274095922,2.444574286,9.429080912,3.674249004,-1.225382108,0.000864113,-0.374664646,0.913758882,0.347233835,0.665326243,0.938154409
AT2G42680,10.20710887,11.729287,37.95941703,53.42197731,0.930498518,0.007476054,0.272372225,0.938422258,0.268895301,0.219559207,-0.292434508
AT2G42690,12.42526797,12.38669945,39.69490611,34.02840602,-0.135466892,0.869299582,0.060561627,0.987703677,0.313019206,0.364010569,0.217729163
AT2G42750,21.12253555,16.16383536,77.56786081,55.46051278,-0.444977456,0.025910071,-0.270184909,0.878842945,0.272310404,0.291447636,0.097984596
AT2G42760,3.864779078,4.429333892,9.817631852,12.27257959,0.604136122,0.240666758,0.09240295,0.988909536,0.393656957,0.36091303,-0.125287743
AT2G42770,12.33028849,4.977063896,36.04753044,28.08364614,-0.203931782,0.870318539,-0.711377396,0.694972648,0.3420564,0.177222853,-0.94866957
AT2G42780,2.118453729,2.577501312,6.319628174,6.01047597,-0.034291106,0.991477585,0.461310911,0.918817256,0.335218097,0.428834809,0.355321979
AT2G42790,1.9325971,2.907640134,4.374804904,3.945327047,-0.088439012,0.966989661,0.497242571,0.901612329,0.441756179,0.736983297,0.738381606
AT2G42810,4.421411768,2.763193517,9.453820349,6.840565426,-0.368784777,0.604487146,-0.181411677,0.970346925,0.46768519,0.403942269,-0.211388627
AT2G42880,7.54990978,4.603827208,21.18968235,12.8490788,-0.641872711,0.199426883,-0.813551146,0.228033069,0.356301225,0.358300177,0.008071312
AT2G42890,1.91585562,1.347794031,3.092489181,2.414344054,-0.448271539,0.611327381,0.038756783,0.993889967,0.61951894,0.558244393,-0.150251535
AT2G42950,1.558226225,1.550847921,2.629712916,8.351442507,1.5624816,0.00067502,0.092871208,0.989950827,0.592546135,0.18569821,-1.67396758
AT2G42975,5.598517704,3.60352358,19.51265908,5.75844372,-1.577909287,0.002582916,-0.597270559,0.878842945,0.28691721,0.625780811,1.125022913
AT2G43010,9.533195359,6.095696117,28.9987262,23.6111519,-0.141881044,0.851052069,-0.747467385,0.506808391,0.328745314,0.258170213,-0.348647775
AT2G43030,45.01078283,38.51936918,156.4158827,118.893522,-0.30441216,0.060087323,-0.19531404,0.890513824,0.287763506,0.323982069,0.171030323
AT2G43070,4.03689359,3.573669233,8.430855772,4.412105208,-0.800787115,0.315350547,0.070316465,0.989720825,0.478823704,0.809969179,0.758372437
AT2G43090,21.15468194,20.92864011,75.16413537,62.67531061,-0.168546117,0.775678126,-0.01163016,0.996883172,0.281446488,0.333921602,0.246648779
AT2G43150,6.534458455,5.681146738,4.642614613,2.237303195,-0.554537692,0.777074368,0.201786873,0.970346925,1.407495345,2.539283344,0.851291235
AT2G43160,15.31792549,11.55388199,40.96979049,47.62629785,0.378774103,0.005557736,-0.333316951,0.538203091,0.373883423,0.242594586,-0.624041154
AT2G43235,3.166204368,2.728357147,5.561688273,5.398860734,-0.008561063,0.99743907,-0.178559168,0.977375972,0.569288355,0.505357941,-0.171853989
AT2G43290,7.875698915,5.395440344,23.54403893,3.661798108,-1.694532552,0.000944532,-0.623883619,0.773818945,0.334509255,1.473440147,2.139070427
AT2G43320,2.606973849,6.278155372,11.82545203,12.01771762,0.29216432,0.602191787,0.895825368,0.373269755,0.220454478,0.522408295,1.244697026
AT2G43330,9.830804811,8.452803149,17.1299179,13.1848566,-0.163274563,0.824582091,0.194769077,0.936826375,0.573896785,0.641099362,0.159756679
AT2G43360,3.526050682,4.795627234,10.83847204,10.31225636,-0.112850062,0.956311975,0.145320689,0.978293689,0.325327285,0.465041507,0.515467663
AT2G43400,2.23512145,2.293457987,7.214617397,10.52798138,0.496679557,0.552944199,0.118461126,0.987703677,0.309804571,0.217844039,-0.508062795
AT2G43410,6.335801537,6.165037115,10.87411554,5.869364101,-0.675480031,0.092645196,0.120786106,0.971959027,0.582649827,1.050375647,0.850204385
AT2G43460,10.40277546,16.46831153,195.7729067,127.8300325,-0.526777338,0.366198893,-0.107059382,0.987703677,0.053136952,0.128829753,1.277678454
AT2G43560,27.94886845,21.24282959,65.48289831,92.94779045,0.591492014,0.000836958,-0.185136058,0.940145924,0.42681172,0.228545827,-0.901116318
AT2G43620,10.10543022,25.35343567,27.59735015,121.7949257,2.117921728,8.7423E-14,1.37661351,0.001065727,0.366173932,0.208164959,-0.814801855
AT2G43680,9.544022716,5.246686533,12.8816849,16.75046774,0.600040987,0.06455576,-0.820416,0.344880979,0.740898631,0.31322627,-1.242070953
AT2G43710,19.94286473,11.03605079,50.06044616,32.55267773,-0.478615383,0.062549438,-0.426975929,0.648739801,0.398375689,0.33902129,-0.232753735
AT2G43750,40.51270851,27.43983054,87.7782846,105.3854718,0.302930548,0.11012337,-0.607206719,0.232158413,0.461534521,0.260375838,-0.82584298
AT2G43790,5.194860187,7.184875281,22.8328708,29.92318306,0.469938507,0.306576961,0.396791052,0.895361484,0.227516734,0.240110662,0.077726805
AT2G43820,9.187928283,6.70095705,17.93758177,21.34761424,0.363387814,0.700071176,-0.4009317,0.850455065,0.512216664,0.313897233,-0.706461874
AT2G43910,18.09049986,14.92606739,83.65309045,94.82188711,0.160230991,0.819128518,0.621212366,0.283966793,0.216256205,0.157411626,-0.458199433
AT2G43945,9.082272518,7.758976523,33.38306021,32.58223072,-0.029031193,0.981275567,-0.080923309,0.987703677,0.272062311,0.238135215,-0.192156134
AT2G43950,3.727799415,3.647455295,9.516666888,2.608193997,-1.310233293,0.165632956,-0.06467973,0.991758891,0.391712714,1.398460122,1.835971254
AT2G43970,16.04204874,14.59264893,78.40797998,82.70258532,0.106906925,0.843780853,-0.024664552,0.993235243,0.204597144,0.176447313,-0.213548546
AT2G44050,12.53353623,6.256908024,32.91720595,38.88834186,0.00610319,0.99520541,-0.415031438,0.864081627,0.38075942,0.160894184,-1.242767553
AT2G44060,26.39223995,28.41192935,77.77267655,81.38727088,0.136090569,0.761604307,0.301544852,0.75044202,0.339351056,0.349095492,0.040843221
AT2G44065,3.155545491,2.344811924,6.073300721,2.374501022,-1.031080408,0.351238992,-0.309844676,0.957926244,0.519576691,0.9874967,0.926439217
AT2G44080,1.882870317,2.807962068,12.70598294,25.11589156,1.739511735,2.39461E-08,0.85290364,0.737915989,0.148187694,0.111800215,-0.406502693
AT2G44100,9.035823177,12.97548458,23.38140077,12.17767813,-0.513644031,0.279703149,0.004320346,0.998844586,0.386453458,1.065513839,1.463182751
AT2G44120,8.106588297,9.062090413,59.09003421,36.8022202,-0.260914917,0.372943148,-0.216535204,0.952264185,0.137190449,0.246237601,0.843871039
AT2G44160,11.40965106,10.15288309,24.48557501,26.71234691,0.152070353,0.843585178,-0.288050059,0.864081627,0.465974397,0.380082032,-0.293939865
AT2G44180,3.177206963,6.483410731,6.661575011,8.41279891,0.513186706,0.397872169,0.76969109,0.595611854,0.476945311,0.770660371,0.692271359
AT2G44200,3.049365072,1.947439764,3.814768041,6.358981658,0.525854877,0.79007689,-0.55039435,0.835921845,0.799357927,0.306250257,-1.384130587
AT2G44210,5.426056882,9.630820003,17.61017423,20.23219822,0.122406562,0.955342697,0.422087471,0.794281405,0.308120568,0.476014514,0.627510574
AT2G44230,7.136397076,3.021617092,15.7881312,12.34433115,-0.134503722,0.93949253,-1.105294013,0.159774962,0.452010246,0.244777708,-0.884883297
AT2G44290,5.235944628,5.483988848,32.01283024,57.36940463,0.929699524,0.000127285,0.546233447,0.796396124,0.163557692,0.095590827,-0.774855519
AT2G44350,11.78828671,10.06383323,21.59300375,26.12385373,0.323907178,0.2153595,-0.106197123,0.970346925,0.545930841,0.385235399,-0.502977923
AT2G44370,2.460676935,9.473745312,5.887982275,20.07684574,1.642575421,0.003933952,1.807269655,0.009503955,0.41791514,0.47187419,0.175192237
AT2G44410,3.752532949,3.313789658,10.08399653,10.46168987,0.103927459,0.923830366,-0.225801627,0.964026953,0.372127553,0.316754721,-0.23243109
AT2G44490,52.269599,153.3739245,99.42313225,325.8646605,1.780843181,6.53479E-53,1.606673385,1.90393E-42,0.52572875,0.47066756,-0.159610211
AT2G44500,8.561418074,33.71933648,18.67930233,96.81372883,2.388903435,2.28258E-56,1.798434762,8.61582E-12,0.458337144,0.348290856,-0.39611661
AT2G44520,3.607964097,2.831374013,11.46950123,14.5775964,0.399048661,0.701791824,-0.145480663,0.980407334,0.31457027,0.194227768,-0.695632854
AT2G44530,4.014723626,2.401895007,8.691371424,8.854751486,-0.087986254,0.965564457,-0.212101319,0.970346925,0.461920614,0.271254931,-0.767995565
AT2G44610,6.866462954,4.768854998,15.67160951,22.64103257,0.393775203,0.561030065,-0.351166317,0.927733977,0.438146634,0.210628865,-1.056710613
AT2G44620,11.22291273,5.050988058,89.93462578,67.08080783,-0.211502103,0.578062198,-0.077991611,0.989720825,0.124789675,0.075297067,-0.728833004
AT2G44640,3.450299088,3.30398574,8.009617244,9.616312273,0.401710463,0.796025165,-0.02183175,0.996883172,0.430769534,0.343581369,-0.326264411
AT2G44650,16.27213917,12.30828389,96.72905382,108.8597383,0.19090538,0.802285714,-0.303740895,0.928961309,0.168223905,0.113065529,-0.573223579
AT2G44670,7.046194394,4.001415151,77.52827325,26.58507449,-0.817907762,0.003102606,-0.534459422,0.836852615,0.090885481,0.150513596,0.727772065
AT2G44710,1.995091654,1.579812217,3.722907154,3.85006733,0.135341546,0.935141869,-0.49347332,0.871450789,0.535896162,0.41033366,-0.38515598
AT2G44730,3.097054604,1.873576762,8.933311401,9.903147364,0.120153856,0.94925199,-0.387182031,0.936826375,0.346686068,0.189190032,-0.873793786
AT2G44840,6.971255512,14.08956292,23.9144804,65.08204982,1.52497754,2.48909E-11,1.311850612,0.002262391,0.291507714,0.216489231,-0.429238799
AT2G44870,8.575250733,7.284183979,42.70102128,45.36405035,0.173187499,0.698906829,-0.505587697,0.771515916,0.200820741,0.160571729,-0.322690376
AT2G44920,20.64738706,13.78194802,32.63263092,26.31662429,-0.016741085,0.988083363,-0.105454078,0.981413902,0.632722109,0.523697412,-0.272838535
AT2G44950,1.237362549,1.658661179,2.346157713,3.151490972,0.44044685,0.691740534,0.425443754,0.915554809,0.527399562,0.526309989,-0.002983595
AT2G44970,4.224274226,6.539431153,10.11036939,21.94955782,1.130463221,3.96438E-06,0.518171911,0.75044202,0.417816013,0.297929972,-0.487894516
AT2G45000,2.99955985,2.865246327,6.31170649,4.073338072,-0.40469568,0.728026115,0.075162757,0.988909536,0.475237538,0.70341481,0.565726916
AT2G45010,3.97855426,2.819404529,24.71103231,26.38936129,0.188534216,0.801703443,0.267889241,0.958516893,0.161003159,0.10683868,-0.591654935
AT2G45060,3.681069278,2.536768583,7.371899733,5.191017805,-0.37629297,0.851052069,-0.324647088,0.953376876,0.499337947,0.488684238,-0.031113974
AT2G45070,29.41970944,17.01655539,168.4773328,157.9158196,-0.047720385,0.959030286,-0.341319138,0.916442123,0.174621173,0.107757129,-0.696445173
AT2G45160,2.544027892,2.584191681,12.37969659,5.101673646,-1.290153407,0.014889001,0.094198639,0.988906775,0.20550002,0.506538023,1.301532036
AT2G45170,8.810690722,10.27705229,44.04682261,20.51100819,-0.778646477,0.07965371,0.182172183,0.970346925,0.200030109,0.501050567,1.324739038
AT2G45180,484.7062309,469.2484901,2347.370929,1632.620079,-0.399011089,2.82919E-07,-0.075438217,0.922062997,0.206488981,0.287420507,0.477098202
AT2G45190,3.890659173,2.887843662,13.49843388,5.669517045,-1.120452306,0.171587158,-0.090636416,0.989950827,0.288230413,0.509363256,0.82147232
AT2G45270,3.368054252,1.321520233,3.862212066,3.048817389,0.096205234,0.96321555,-0.958617356,0.614336704,0.872053164,0.43345339,-1.008539224
AT2G45300,2.101937052,3.226337864,10.23723184,10.05412444,-0.438254088,0.265471005,0.273393635,0.938422258,0.205322795,0.32089695,0.644216273
AT2G45440,2.357709455,2.292813473,9.03890646,12.71703291,0.484445584,0.445505391,-0.173660578,0.979544858,0.260840121,0.180294687,-0.532808908
AT2G45470,39.55744933,23.63023996,66.03471262,62.42652798,-0.004941937,0.994801039,-0.783961585,0.019820139,0.599040228,0.37852882,-0.662249744
AT2G45540,4.830820707,4.286509687,4.334463538,3.224344761,-0.33558148,0.369133496,-0.054047116,0.984477763,1.114514095,1.329420395,0.25438253
AT2G45620,4.420884941,3.386537239,11.82805396,5.896668001,-0.860818781,0.003777316,-0.22744929,0.952358219,0.373762663,0.574313704,0.619716529
AT2G45640,1.904964106,1.471737947,9.584548454,13.10437033,0.62199574,0.444511849,0.272836311,0.9676473,0.198753662,0.11230894,-0.823508665
AT2G45670,6.871932182,5.536000609,26.29355297,27.55389993,0.094732005,0.905437541,-0.33745745,0.892181608,0.261354264,0.20091532,-0.379419124
AT2G45680,4.328610616,2.960089413,19.02605033,7.236696208,-0.93401778,0.068648921,-0.928157699,0.392189659,0.22750968,0.409038783,0.846309712
AT2G45730,2.113106268,1.559674255,3.587782705,4.304178819,0.230737106,0.907027316,-0.285868726,0.963685245,0.588972756,0.362362792,-0.700766076
AT2G45740,15.92867406,10.04507145,47.04550238,47.41255715,0.080773767,0.955342697,-0.196780354,0.95584419,0.338580167,0.211865212,-0.676350752
AT2G45790,5.278084597,3.779458079,15.55940279,15.39842717,-0.135762137,0.910994913,0.079031241,0.989950827,0.339221541,0.245444424,-0.466831398
AT2G45810,5.094197662,3.444422851,16.51693552,8.208600339,-0.737746424,0.008023607,-0.306619926,0.901612329,0.308422689,0.41961147,0.444145214
AT2G45820,38.45946185,28.84178034,148.962076,100.9790908,-0.514079186,0.004842637,-0.192265139,0.927958111,0.258182907,0.285621311,0.145710137
AT2G45910,3.595692787,3.23904506,4.598253098,8.024940856,0.76377544,0.216848386,0.177634345,0.964026953,0.781969307,0.403622297,-0.954106108
AT2G45960,127.9472126,86.75540543,342.5368781,294.3563893,-0.135164679,0.50788815,-0.265960489,0.395206563,0.373528285,0.29472914,-0.341827786
AT2G45980,6.520773806,4.262785297,40.97397391,36.72256959,-0.142849401,0.815936721,-0.295860247,0.920224397,0.159144286,0.116080801,-0.455205974
AT2G46020,7.692973895,5.953709571,7.509931649,8.786541966,0.316284806,0.233729313,-0.367335487,0.584867985,1.024373357,0.677594165,-0.596248278
AT2G46030,2.268600863,5.269092261,15.89570365,13.2219467,-0.317554066,0.833711758,0.937046295,0.69286726,0.142717864,0.39851108,1.481453914
AT2G46070,1.424396086,2.190725781,4.672448667,2.114835736,-0.70466066,0.657206435,0.467845765,0.92222716,0.304850024,1.035884605,1.764691737
AT2G46080,4.351250253,2.856072169,11.11325691,6.199322696,-0.635555894,0.366462245,-0.550456469,0.866855451,0.391536908,0.46070713,0.234701617
AT2G46100,8.924922897,8.138765539,30.06821257,16.91897051,-0.605015942,0.230020032,0.063916109,0.989950827,0.296822529,0.481043781,0.696567605
AT2G46170,4.789101824,4.486036514,16.22578499,22.91538108,0.454188151,0.645394549,0.349844638,0.922062997,0.295153783,0.195765303,-0.592341748
AT2G46220,27.82484961,21.63970767,167.7136038,146.9875192,-0.018804395,0.987455743,-0.000497681,0.999997657,0.165906933,0.147221395,-0.172386824
AT2G46225,2.546884938,4.479712845,5.500364266,4.439075528,-0.172914298,0.951099297,0.452942403,0.90529099,0.463039322,1.009154455,1.123940383
AT2G46260,2.366256807,3.463997621,9.339885047,12.6543134,0.367361909,0.700851044,0.48193508,0.880759806,0.253349671,0.273740464,0.11167875
AT2G46330,61.80689754,104.8804236,401.862325,975.6569169,1.228486553,9.83517E-29,1.171868509,3.24509E-05,0.153801174,0.107497238,-0.51676693
AT2G46340,7.018773531,7.076916065,16.82550204,10.32100862,-0.609004016,0.029285517,0.046579435,0.989001094,0.417150913,0.685680666,0.716967442
AT2G46370,19.48699658,10.21763644,33.23240705,28.68872064,-0.102181035,0.904348301,-0.808525966,0.104284895,0.586385348,0.356155179,-0.719343086
AT2G46400,1.883292875,8.983309051,9.276638217,18.84027892,1.27661592,0.024068731,1.937352564,0.003537888,0.203014587,0.476814016,1.231843253
AT2G46430,1.545256602,3.515605819,2.732388171,6.61654773,1.704477897,4.77586E-06,0.818279716,0.543327996,0.565533338,0.531335367,-0.089989326
AT2G46440,1.341847361,1.931131334,2.440847746,5.984866653,0.45047969,0.71982274,0.153566804,0.97421589,0.549746441,0.322669066,-0.768711083
AT2G46450,1.583291789,2.754313222,5.545551616,8.058147611,0.584207042,0.094959779,0.839695922,0.571764873,0.285506636,0.341804762,0.259648214
AT2G46500,21.00950296,43.60555947,45.27740363,95.65352509,1.236726535,7.50699E-18,1.136610765,2.49461E-07,0.464017397,0.455869864,-0.025556854
AT2G46505,8.196046556,9.151131014,44.94621901,27.59702358,-0.42914616,0.588597857,0.305379554,0.94482302,0.182352303,0.331598478,0.862708963
AT2G46510,4.852693293,3.552055178,10.49349717,7.139506727,-0.287888419,0.689668746,-0.439891069,0.869443516,0.462447668,0.497521091,0.105467572
AT2G46520,4.045527866,4.307609104,10.84138107,8.216811292,-0.299643836,0.568465655,0.016562688,0.996883172,0.373156136,0.524243402,0.49045739
AT2G46560,2.915519094,1.937696544,2.656702601,3.612587943,0.416709404,0.515143467,-0.505402177,0.657034983,1.097420198,0.536373529,-1.032806089
AT2G46600,18.77727935,19.94970024,81.71478951,88.37520501,0.200481947,0.643676004,0.121454071,0.980883909,0.229790463,0.225738659,-0.025665419
AT2G46620,2.940738476,12.96597649,6.354004096,37.40142271,2.477177384,3.95551E-20,2.011279736,5.73791E-05,0.462816585,0.346670676,-0.416874757
AT2G46710,3.871801803,1.361077031,4.562049287,4.800509279,0.124669492,0.949753939,-1.10287227,0.42554164,0.848697934,0.283527633,-1.581761818
AT2G46735,3.092322228,1.524874915,12.08989401,27.31717134,0.822912245,0.277122702,0.037558899,0.996883172,0.255777447,0.055821113,-2.196006261
AT2G46800,7.240466105,5.804604584,21.83349169,25.33082275,0.296216574,0.400266307,-0.156882421,0.97421589,0.331621996,0.229151838,-0.533235848
AT2G46820,150.8691676,150.5362242,1236.20913,1165.50422,0.03126768,0.881080612,0.04325622,0.978293689,0.122041784,0.129159742,0.081781289
AT2G46830,21.14610916,18.96466644,49.8987362,41.95582835,-0.145232369,0.733096119,-0.110329956,0.95762488,0.423780456,0.452015064,0.0930538
AT2G46900,2.7719082,3.026273496,7.634285896,7.7579698,0.103672322,0.948769329,0.197313211,0.97421589,0.363086769,0.390085754,0.103476951
AT2G46910,4.368101945,5.800563825,18.92824977,23.03923637,0.391096624,0.501727945,0.25964214,0.95584419,0.230771571,0.251768927,0.125634729
AT2G46915,4.099310638,2.510216639,7.234784069,10.25811372,0.603720059,0.186062549,-0.368408384,0.904040569,0.566611332,0.24470548,-1.211313046
AT2G46930,3.386488062,1.60271883,8.088902579,7.233375436,-0.165488242,0.914979914,-0.710985599,0.788474775,0.41865853,0.221572742,-0.917993608
AT2G47060,35.31887926,54.96844948,71.08612045,115.9376649,0.846228748,8.80418E-05,0.696445578,0.041166488,0.496846347,0.474120723,-0.067545306
AT2G47070,15.75241577,21.32701491,34.87009463,33.71836617,0.188423234,0.703644183,0.424629296,0.292721149,0.451745713,0.632504398,0.485564601
AT2G47110,10.16417639,8.487832845,57.64507078,63.36668347,0.049275646,0.965330686,-0.698395278,0.678006934,0.176323426,0.133947879,-0.396552428
AT2G47130,1.911909371,2.977112732,6.873612814,9.893407482,0.726816411,0.481646366,0.688886665,0.838412683,0.278152032,0.300918843,0.113500803
AT2G47170,14.41174072,17.40858215,96.89005365,90.48310406,-0.169265231,0.802928965,0.059687177,0.987703677,0.148743242,0.192395943,0.371254254
AT2G47210,3.949871194,2.747166612,9.382364712,16.34619161,0.686973869,0.214146034,0.01198662,0.997778221,0.420988878,0.168061569,-1.32479226
AT2G47250,3.775228918,2.414351167,5.248631884,4.897940566,-0.214321291,0.87696402,-0.149482785,0.971959027,0.719278662,0.492931904,-0.545162447
AT2G47320,2.912816151,3.714953021,9.827919019,10.0788692,0.155979635,0.957957673,0.240807379,0.971692204,0.296381782,0.368588276,0.314553412
AT2G47330,4.293149816,2.635687137,5.88093211,4.995088504,-0.021222139,0.994436306,-0.558741381,0.769598235,0.730011797,0.527655743,-0.468322794
AT2G47380,5.170096368,3.066083742,39.4161842,56.33259602,-0.21011071,0.806181769,-0.426570594,0.935505558,0.131166841,0.054428234,-1.26897591
AT2G47390,11.60722459,10.01026842,11.78462495,10.36959291,-0.066636888,0.956311975,-0.215966105,0.894739159,0.984946457,0.965348255,-0.028995803
AT2G47400,125.1191088,78.79381286,732.1882494,656.5256074,-0.12718167,0.745512382,-0.377685235,0.564304264,0.170883798,0.120016359,-0.50978455
AT2G47410,2.296490961,1.664315697,4.594686319,3.604556843,-0.457828857,0.227364916,-0.304798348,0.92222716,0.499814525,0.461725469,-0.114357515
AT2G47420,2.125585608,2.630282007,10.36388473,11.34644716,0.218715595,0.91260038,0.377146506,0.937980091,0.205095451,0.231815472,0.17668137
AT2G47440,6.023353963,1.917416478,17.38828408,11.43056686,-0.678129294,0.47236509,-1.322302958,0.038615525,0.346403011,0.167744654,-1.046184686
AT2G47450,24.49137725,17.40323322,110.8513606,83.65877033,-0.455772364,0.001395471,-0.540925664,0.336104326,0.220938896,0.208026405,-0.086880766
AT2G47490,4.245512988,4.047596953,14.32747413,19.01735804,0.394509054,0.475676212,0.326707852,0.936826375,0.296319711,0.212836975,-0.477405792
AT2G47510,3.6256018,3.102294219,11.92790804,10.27811246,-0.237558095,0.822192862,0.194166628,0.966506055,0.30395957,0.301835014,-0.010119267
AT2G47580,4.345866744,2.193468289,11.25981663,9.661545175,-0.185691125,0.879819951,-0.621151658,0.862498781,0.38596248,0.227030796,-0.7655726
AT2G47590,20.31210902,15.53568494,57.17418273,51.53655363,-0.044000024,0.92410538,-0.242385431,0.876258936,0.355267151,0.301449822,-0.23698642
AT2G47610,32.06759246,23.81761361,98.81456562,81.27964753,-0.146701155,0.74093476,-0.154510012,0.936826375,0.324522931,0.293032934,-0.147257604
AT2G47700,7.538800135,5.001169902,31.94660867,24.84099609,-0.01063118,0.994562397,-0.303165866,0.935505558,0.235981234,0.201327269,-0.229129543
AT2G47710,14.10853535,15.12937317,114.2275403,88.61220466,0.058171003,0.934623098,0.236694513,0.943661442,0.123512555,0.1707369,0.467117197
AT2G47730,100.5157769,156.438204,559.7607215,1184.438884,1.154264684,6.60553E-42,0.789622533,1.37781E-05,0.179569186,0.132077903,-0.443150683
AT2G47750,1.29643107,2.131263525,1.977841297,3.476777875,0.696837809,0.679454385,0.532198202,0.894739159,0.655477804,0.612999622,-0.096660743
AT2G47800,3.311170283,2.550984708,4.166694207,3.648350548,-0.24327489,0.854761479,-0.299662231,0.896539194,0.794675615,0.699215899,-0.184628086
AT2G47840,5.519042594,4.191000357,32.09662214,25.93193356,-0.283046198,0.836414236,-0.34527334,0.939534869,0.171950885,0.161615421,-0.089431681
AT2G47900,7.803870872,4.551317981,11.41646379,11.17287696,0.108428863,0.914979914,-0.900553783,0.28962947,0.683562881,0.407354166,-0.746790392
AT2G47910,2.374706412,2.406625895,19.88572049,18.36231923,-0.084314928,0.943216773,0.022322428,0.996883172,0.11941767,0.131063286,0.134247279
AT2G47930,3.144276754,2.439716811,15.48382325,6.658984191,-1.064657653,0.193811279,-0.380632416,0.945006103,0.2030685,0.366379727,0.851373214
AT2G47940,15.45206265,10.37597342,48.98280112,39.07122022,-0.176719461,0.680209101,-0.602338723,0.259450658,0.315458943,0.265565635,-0.248383778
AT2G47960,4.314207245,3.14685354,8.935557078,11.26182194,0.356808316,0.55748602,-0.289275281,0.948642345,0.482813462,0.279426682,-0.788996112
AT2G47970,7.041268888,2.527114163,20.9762712,20.96570694,0.063312951,0.971364289,-1.122107124,0.212106559,0.335677815,0.120535605,-1.477617831
AT2G47980,2.155435957,2.216301391,4.102897126,5.056330692,0.291249264,0.63835587,0.076590013,0.989720825,0.52534487,0.438322081,-0.261273453
AT2G48020,6.759814134,13.11830032,22.93244808,23.31387542,0.044408577,0.971224214,0.794402893,0.361027883,0.294770716,0.562682097,0.932726857
AT2G48070,11.23301652,9.953043043,71.05857275,53.17063189,-0.38456443,0.161833525,0.091027977,0.987703677,0.158081088,0.18719061,0.243843286
AT2G48160,4.139948892,4.052458163,7.71405913,5.911641511,-0.167733588,0.906742238,-0.164772064,0.952744437,0.536675805,0.685504721,0.353115753
AT3G01060,18.71458558,8.465934268,66.35877247,45.84268027,-0.411603242,0.045803049,-0.899616787,0.062345412,0.282021274,0.184673632,-0.610826106
AT3G01090,5.128910633,4.683308336,13.16791916,8.993731578,-0.380430274,0.449886546,-0.217597583,0.957770699,0.389500465,0.520730277,0.418911243
AT3G01120,36.6662968,25.97211855,87.62332016,83.90385228,0.030223408,0.949753939,-0.472628001,0.223780035,0.418453635,0.309546199,-0.434913035
AT3G01130,12.57701875,8.848710421,29.1816913,27.04850736,-0.709774231,0.376303128,0.085681499,0.989950827,0.430990056,0.327142282,-0.397736347
AT3G01180,6.655732953,6.678634746,10.14236938,6.537579043,-0.572853887,0.164032841,-0.026186447,0.993889967,0.656230581,1.021576137,0.638521999
AT3G01280,16.81931731,16.18927534,77.10761412,71.24795832,0.098263385,0.793294542,0.163183444,0.95845772,0.21812784,0.227224411,0.058943917
AT3G01290,98.33708389,137.8402199,313.8519397,518.8934249,0.79958403,5.5053E-26,0.678017026,4.79247E-05,0.313323168,0.265642641,-0.2381647
AT3G01310,1.87988858,3.548385761,3.59786927,4.7884331,0.550371249,0.417624471,0.753285582,0.556049388,0.522500524,0.741032753,0.504104825
AT3G01320,2.060180124,2.519611101,2.675800805,1.789664022,-0.460386971,0.609974968,0.290766873,0.922062997,0.769930303,1.407868219,0.870712542
AT3G01340,8.231259261,8.982721162,30.99074168,32.81532733,0.153448005,0.841493521,0.269037507,0.936826375,0.265603816,0.273735534,0.043506851
AT3G01370,6.964639548,4.784541239,8.131811083,6.977583593,-0.034584174,0.981376755,-0.590884681,0.563750746,0.856468439,0.685701744,-0.320818893
AT3G01390,10.9978247,12.07113119,70.54247099,63.18622821,-0.184418853,0.843780853,0.404057142,0.871535223,0.155903593,0.191040541,0.293224645
AT3G01440,8.119393963,3.6588769,14.36387552,11.82010283,0.047938498,0.983280974,-0.876498438,0.69286726,0.565264852,0.30954696,-0.868768701
AT3G01470,3.649071569,2.113931317,13.44041726,13.44518797,0.091721148,0.981964984,-0.144515674,0.985287668,0.271499872,0.157225866,-0.788112941
AT3G01480,38.18452072,21.03529217,115.5423777,110.6451624,-0.008238376,0.991366964,-0.669853595,0.115811432,0.330480656,0.190114884,-0.797694346
AT3G01500,503.1707832,449.3251497,1542.912642,1321.908198,-0.11153518,0.536936517,-0.145833288,0.703859924,0.32611748,0.33990647,0.059746052
AT3G01510,1.500842425,2.676978223,5.624185007,4.613615807,-0.086026351,0.955140301,0.815784605,0.668084604,0.266855095,0.580234318,1.120579071
AT3G01520,6.551365276,5.612424935,37.90015833,34.29743468,0.257232358,0.696730099,0.111668721,0.987703677,0.17285852,0.163639788,-0.079068142
AT3G01540,12.13676434,11.63037153,51.77033663,54.32259767,0.147136731,0.799661869,0.118584576,0.968936277,0.234434719,0.214098221,-0.130913437
AT3G01550,7.66237543,8.51324264,28.82070027,26.69260068,-0.05207252,0.960313888,0.38480462,0.879698359,0.26586361,0.318936425,0.26258255
AT3G01560,6.678767012,3.634627591,17.97273825,16.45135894,-0.048721639,0.975009112,-0.751321318,0.565100576,0.371605424,0.220931754,-0.750170768
AT3G01640,1.783043874,2.573968377,10.97175223,6.057471758,-0.091030026,0.967279319,0.464104945,0.920242231,0.162512226,0.424924536,1.386658395
AT3G01670,4.590482798,4.599926471,12.5931114,13.41073843,0.149563147,0.833523592,0.350689551,0.847884037,0.364523322,0.34300322,-0.087788997
AT3G01680,4.899288303,4.580441326,10.98977479,9.255718376,0.004595406,0.996823316,-0.137297027,0.97690286,0.445804249,0.494876912,0.150659367
AT3G01690,3.961193425,3.435597235,31.16167584,34.62824846,0.205640543,0.570028306,0.380469844,0.923824583,0.127117471,0.099213717,-0.357550829
AT3G01720,2.425294964,1.715975898,5.854826413,4.370028407,-0.307007901,0.688745987,-0.133641658,0.982744851,0.414238577,0.392669278,-0.077147189
AT3G01740,3.105404921,2.064895765,23.65254358,12.09884273,-0.64035628,0.424744466,0.470160509,0.923139787,0.131292641,0.170668866,0.378413839
AT3G01770,2.02711623,2.791579177,5.329513804,3.00130709,-0.515704237,0.561048924,0.373790856,0.929232007,0.38035669,0.930121142,1.290065649
AT3G01780,5.373303593,3.618751901,10.30625205,10.14305951,0.034773581,0.973446285,-0.345528233,0.850444479,0.521363496,0.356771238,-0.547290259
AT3G01790,3.444881037,2.378149147,9.255823287,5.926632172,-0.083459452,0.978718432,-0.653903214,0.852838095,0.372185264,0.401264846,0.108533834
AT3G01810,5.536177932,5.364777864,10.82796673,10.60762942,0.025476731,0.981376755,-0.057944224,0.988076608,0.511285089,0.505747104,-0.015711797
AT3G01820,5.781158605,12.06397949,23.5232751,72.7835732,1.674753485,1.46233E-10,0.738966537,0.561069228,0.245763338,0.165751405,-0.568248619
AT3G01830,12.43855708,45.94942555,42.68934992,203.1242584,2.34990685,5.9747E-23,1.836978991,4.45977E-06,0.291373776,0.226213382,-0.36518676
AT3G01850,2.580760579,2.855133964,6.352374933,17.41973852,0.888175545,0.265471005,-0.161158021,0.982876393,0.406267043,0.163902228,-1.309592865
AT3G01910,12.395183,7.178153142,25.20811012,18.86231171,-0.402720884,0.338331372,-0.828633594,0.214719706,0.491714093,0.380555324,-0.369713501
AT3G01920,6.349930333,1.952014588,12.97117851,14.1202078,0.168336728,0.883616128,-0.902024655,0.595611854,0.489541511,0.138242625,-1.824228686
AT3G01980,2.929815784,1.942963821,7.190315664,18.33440033,1.364296432,0.022458164,-0.665793406,0.846328658,0.407466921,0.105973677,-1.942976985
AT3G02050,2.598585023,2.872236922,6.733338037,4.860379693,-0.122369863,0.968520532,0.354043496,0.908309853,0.385928199,0.590949083,0.614701368
AT3G02060,1.619345719,1.532362797,3.785589249,2.825798795,-0.360760531,0.836053725,-0.342598514,0.927958111,0.427765828,0.542275975,0.342206018
AT3G02070,6.286470198,4.774298823,12.66685816,17.46135519,0.37028263,0.792835069,0.361749726,0.919796702,0.496292776,0.273420864,-0.86006812
AT3G02080,20.93558486,10.92347593,135.6448506,123.087143,-0.212622693,0.575382336,-0.337275218,0.906973926,0.154341169,0.088745873,-0.798371011
AT3G02090,27.38914737,22.73397072,73.67368109,62.71643952,-0.118858265,0.841562073,-0.019421447,0.993235243,0.371762982,0.362488223,-0.036448998
AT3G02130,2.963039438,3.617762412,6.774793035,5.751731602,-0.030740594,0.991087403,0.33470981,0.906973926,0.437362355,0.628986654,0.524200355
AT3G02140,10.64593625,6.520738447,24.56853736,14.87648529,-0.328506202,0.841562073,-0.603190376,0.678006934,0.433315834,0.438325204,0.016582681
AT3G02150,7.546029747,9.28989771,21.52435845,19.35618051,-0.339347028,0.648722773,0.219364506,0.96219347,0.350580937,0.479944775,0.453120863
AT3G02170,5.009357476,4.08043695,11.66515501,5.48421955,-0.898068649,0.003736078,-0.174425615,0.968916847,0.429429139,0.744032385,0.792945328
AT3G02180,15.69353724,3.06845364,32.83251341,37.96478816,-0.228068089,0.81689884,-0.78368158,0.696737677,0.47798769,0.080823673,-2.564123635
AT3G02220,7.145213795,3.699292414,12.43989996,7.641593656,-0.505969298,0.783359698,-0.800579269,0.7169968,0.574378718,0.484099598,-0.246698401
AT3G02230,5.375426462,3.873054349,17.83235411,16.92247985,-0.119960917,0.953880993,-0.202385135,0.966592012,0.301442335,0.228870377,-0.397351298
AT3G02260,11.26776672,12.04576954,6.922192471,7.529220824,0.22846885,0.379720814,0.106457372,0.906973926,1.627774259,1.599869338,-0.024946555
AT3G02300,2.105506783,2.294606568,5.976090311,5.486957352,0.105628632,0.953604169,-0.098680975,0.987703677,0.352321781,0.418192893,0.247274875
AT3G02340,2.1913962,2.202918576,5.804595274,3.906997048,-0.382404964,0.770178732,-0.023527237,0.996883172,0.37752782,0.563839324,0.57870114
AT3G02350,12.98707713,18.35633746,25.98886431,33.73111655,0.445779721,0.242004091,0.651288187,0.197858975,0.499716993,0.544195963,0.123014976
AT3G02360,7.941081018,11.37810638,19.84798497,23.52998413,0.422819861,0.27353412,0.502915219,0.664523271,0.400095074,0.483557758,0.273345356
AT3G02450,7.306668255,3.961320142,10.45106234,10.23748361,-0.114033553,0.885889521,-0.564409548,0.652150167,0.699131631,0.386942758,-0.85344395
AT3G02470,354.3690457,267.5404016,1070.763585,1035.935233,0.066559595,0.841562073,-0.349103809,0.00256361,0.330949848,0.258259776,-0.357789646
AT3G02520,4.642900472,4.146905655,21.38813546,27.09866251,0.532931846,0.074368368,0.002309881,0.999363834,0.217078318,0.153029902,-0.504402058
AT3G02530,3.091873519,4.808606673,6.073402393,4.209647298,-0.162066049,0.920120905,0.608177237,0.755324829,0.509084253,1.142282556,1.165943215
AT3G02540,7.822924575,4.540038063,23.97295455,9.43093716,-0.861372987,0.014641832,0.072716519,0.987703677,0.326322922,0.4813984,0.560931018
AT3G02560,14.60395739,13.00899981,59.54657217,48.45607543,-0.331550075,0.426520928,0.107498644,0.982876393,0.245252697,0.268469943,0.130491579
AT3G02570,6.238960318,4.972115493,27.38456516,9.47988395,-1.465488976,2.48492E-10,0.012297693,0.997324194,0.22782762,0.524491177,1.202975843
AT3G02580,3.476658486,1.889061654,3.907310089,6.932037939,1.076131748,0.12534215,-0.659040007,0.83919782,0.889783101,0.27251173,-1.707135366
AT3G02600,2.629092764,4.539399637,10.99331401,8.21614089,-0.102100329,0.93547689,0.589583678,0.839026811,0.239153795,0.552497784,1.208029994
AT3G02660,2.170294586,1.713519171,3.262672204,4.195307862,0.366722527,0.862348251,-0.223654814,0.971959027,0.665189284,0.408437051,-0.703651181
AT3G02690,8.030621993,5.466287778,18.2896932,14.82730207,-0.272611378,0.580238479,-0.495857722,0.799626533,0.439079098,0.368663682,-0.252175557
AT3G02720,5.145682123,5.95285259,17.74267216,18.3282614,-0.014742656,0.990001729,0.279729332,0.939410539,0.290017314,0.324790904,0.163372198
AT3G02730,50.3859107,47.99963901,228.5259362,204.1772738,-0.013187753,0.983366581,0.216722456,0.893289199,0.220482242,0.235088059,0.0925388
AT3G02740,4.956145042,2.299058757,6.186033444,6.737839911,0.122485009,0.94937615,-0.945243658,0.563750746,0.801183034,0.341215996,-1.231446589
AT3G02750,5.680543293,5.56552173,16.5230615,21.70520383,0.400735488,0.180061864,0.00528677,0.998844586,0.34379484,0.256414166,-0.423071927
AT3G02760,3.055556501,2.704014314,3.942747423,2.682533639,-0.486175739,0.587354737,-0.143037222,0.976064811,0.774981548,1.008007607,0.37927266
AT3G02780,9.520482802,8.499915888,23.58666341,23.77236097,0.303230246,0.717709484,-0.186597948,0.964712122,0.403638388,0.357554552,-0.174900017
AT3G02830,5.315966927,4.886212979,26.37276799,14.10472549,-0.896641477,0.03222462,-0.308672219,0.93175614,0.201570307,0.346423827,0.78125503
AT3G02840,6.840081711,68.46647792,15.52458784,219.7801703,3.894440518,2.43963E-75,3.401610589,3.94791E-38,0.44059667,0.311522545,-0.500122019
AT3G02870,8.188902369,6.66259811,10.34056029,18.20943984,0.670770516,0.163169969,-0.236984631,0.964026953,0.791920567,0.365887044,-1.113957399
AT3G02880,21.15147969,40.02316266,52.45827257,101.5825866,1.043061959,1.10265E-26,0.803608544,0.001336755,0.403205799,0.393996294,-0.033334328
AT3G02900,3.14487016,5.724026903,30.22533378,9.54835597,-1.110776547,0.015545392,0.699849926,0.777333771,0.104047492,0.599477745,2.526464012
AT3G03000,2.921453872,4.417838808,7.974513054,16.57413975,0.868137693,0.50160811,0.465934358,0.922062997,0.366348873,0.266550112,-0.45881139
AT3G03050,6.305556916,7.28683949,13.5344616,11.54249358,-0.312276371,0.242822982,-0.031174012,0.992048294,0.46588901,0.631305483,0.438351984
AT3G03070,25.74424985,11.60871704,95.78758299,99.56798766,-0.017124738,0.991366964,0.173293776,0.96282239,0.268763957,0.116590857,-1.204885016
AT3G03100,4.977361147,5.857093613,30.31631702,33.49395133,0.23785915,0.740014696,-0.308529932,0.922062997,0.164180931,0.174870189,0.090997798
AT3G03150,21.06593978,19.70329837,219.0240986,199.8500805,-0.009813249,0.988501442,0.217484695,0.948642345,0.096180922,0.098590395,0.035696342
AT3G03160,6.059609464,7.086297444,30.2376749,26.76172507,-0.161398863,0.915899065,0.110651258,0.987703677,0.200399319,0.264792252,0.4019833
AT3G03250,5.079560657,6.386529827,18.45131593,17.1202975,-0.127642442,0.929888526,0.169504059,0.970346925,0.275295306,0.373038484,0.438344463
AT3G03340,1.728144869,2.092194051,3.502570861,2.837486825,0.305525004,0.879165112,0.237005024,0.970346925,0.493393264,0.737340534,0.57959305
AT3G03380,3.593825166,3.30872029,8.757774656,9.662318142,0.011467779,0.994562397,-0.114599001,0.977375972,0.41035826,0.342435453,-0.261051917
AT3G03470,2.201116174,2.084500074,3.091794943,4.027197471,0.346461178,0.837027067,-0.044847783,0.993889967,0.711921785,0.517605627,-0.459865446
AT3G03710,4.680791591,4.193930244,7.18360547,5.159117541,-0.422837837,0.647892022,-0.16702088,0.957926244,0.651593634,0.812916203,0.319134136
AT3G03720,2.67571801,2.21181586,4.825983245,7.47711205,0.587425467,0.335715215,-0.08419551,0.987703677,0.554439971,0.295811517,-0.906353045
AT3G03770,1.7725916,2.197530238,4.985359182,5.487326231,0.401810828,0.68647964,0.378963352,0.920810098,0.355559456,0.400473773,0.171616937
AT3G03780,18.26257706,16.12156089,35.36325444,29.94764506,0.046057308,0.961022106,-0.059759618,0.979422389,0.516428065,0.538324828,0.059909561
AT3G03790,2.280186384,3.260234702,5.76494311,7.542941421,0.310995456,0.541316418,0.444600039,0.806015015,0.395526259,0.432223256,0.12800322
AT3G03860,5.285783901,7.371639888,14.45087647,13.01946421,0.150382179,0.929967898,0.582264177,0.749189988,0.365776008,0.566201479,0.630355071
AT3G03870,4.382762417,3.761928622,15.23419905,24.49476972,0.773647571,0.138787763,-0.006168718,0.999096263,0.287692343,0.153580894,-0.905528077
AT3G03890,3.808345645,4.733716269,16.68913432,11.15247356,-0.503875025,0.69866452,0.056445967,0.992589008,0.228193121,0.424454382,0.895354208
AT3G03940,9.445446454,5.552688967,9.011622225,6.934787937,-0.417522727,0.348763641,-0.549913588,0.648739801,1.048140525,0.800700615,-0.388497334
AT3G03960,3.182349926,4.839811741,9.679659046,6.183100357,-0.663182139,0.278012998,0.44235391,0.886117349,0.328766738,0.782748372,1.251484259
AT3G03990,27.4048717,11.79429039,80.27831451,58.04511075,-0.348636363,0.277328838,-1.1299663,0.02131081,0.341373282,0.203191797,-0.748507985
AT3G04110,1.531328039,2.866647793,2.462329343,8.194981891,1.685456106,1.30951E-06,0.482280418,0.868934455,0.621902202,0.349805263,-0.83013573
AT3G04120,39.24284379,38.28010041,146.9352384,136.0983143,-0.045105427,0.93942018,-0.129288384,0.935505558,0.267075783,0.281267998,0.074696252
AT3G04210,44.78620247,58.88325176,75.02537487,112.8316941,0.555539522,1.29482E-06,0.579188753,0.006963639,0.5969474,0.521868011,-0.193918843
AT3G04240,8.480692261,10.4728531,19.58783113,26.07788155,0.454285386,0.003774726,0.390287545,0.69286726,0.432957187,0.401599075,-0.108468425
AT3G04260,4.775438255,4.031141475,5.066729232,6.015355442,0.371320642,0.49471686,-0.140499201,0.971959027,0.94250907,0.670141858,-0.492039978
AT3G04340,7.610546325,7.010049825,8.946004477,8.269791405,-0.058331637,0.943181925,-0.152173749,0.94482302,0.850720156,0.847669485,-0.005182783
AT3G04400,69.40820329,36.15733595,259.406259,284.3230406,0.208201913,0.505525414,-0.606543383,0.252221458,0.267565646,0.127169912,-1.073135524
AT3G04480,2.807860666,3.152673216,6.758095281,5.009078483,-0.385217424,0.826775841,0.287718104,0.932776132,0.415481071,0.629391859,0.599175766
AT3G04500,4.249651329,1.441211674,14.64087627,12.91536631,0.1526516,0.93547689,-0.877509097,0.704988402,0.290259357,0.111588912,-1.379148894
AT3G04550,7.423065,6.881497068,17.36119189,12.22594894,-0.408280598,0.539139231,0.041367459,0.993235243,0.427566554,0.562859955,0.396627004
AT3G04580,1.941928074,2.819032334,4.879398333,3.449525176,-0.454169354,0.509723698,0.651800782,0.725588379,0.397985149,0.817223296,1.038015732
AT3G04590,9.25576571,4.834175524,16.82081831,19.83557037,0.122272067,0.945896426,-0.578896094,0.813392438,0.550256565,0.243712454,-1.174924479
AT3G04610,3.821826257,2.114828209,8.917140966,7.46932088,-0.291887764,0.705798089,-0.367476349,0.917361643,0.428593231,0.283135273,-0.598117571
AT3G04630,3.149182075,2.993767883,12.63552142,14.16642241,0.299145207,0.712928942,-0.182903058,0.977375972,0.249232459,0.211328435,-0.238005069
AT3G04640,25.53288867,31.62230382,44.91844666,104.2136268,1.32517055,2.35129E-08,1.006322603,0.007112544,0.568427685,0.303437322,-0.905578279
AT3G04730,12.3978478,12.68963041,77.8918045,60.42084822,-0.288365804,0.275757708,0.024119941,0.995442259,0.159167551,0.210020726,0.399985456
AT3G04740,3.732233074,3.325544165,5.391829824,4.913850169,-0.057239015,0.95445,-0.198279435,0.936826375,0.692201571,0.676769549,-0.032527558
AT3G04760,6.040599609,4.437395905,11.59163449,7.409075485,-0.600200702,0.265866821,-0.385741375,0.870892269,0.521117157,0.598913578,0.200740086
AT3G04790,52.14293592,47.37567089,210.0867866,157.3620997,-0.329447867,0.002377407,-0.115588992,0.946445691,0.248197122,0.301061507,0.278571871
AT3G04840,25.20473651,20.76086375,134.5680862,141.1691174,0.022185921,0.983457157,-0.191270672,0.908309853,0.187300996,0.147063778,-0.348916614
AT3G04870,19.23472664,11.3629774,29.37237534,23.42923357,-0.313455618,0.351057002,-0.728924288,0.246904999,0.654857717,0.484991426,-0.433222237
AT3G04910,8.572907166,4.805599331,20.7084305,10.99451755,-0.687114457,0.170379803,-0.606349541,0.767854587,0.413981502,0.437090514,0.078365764
AT3G04920,6.938342114,10.4351336,34.38120876,24.6182479,-0.506434318,0.505672135,0.136140745,0.977375972,0.20180623,0.423877997,1.070678367
AT3G04930,4.447519792,4.210529347,21.11854878,7.611241071,-0.969519563,0.022363963,0.329543235,0.927958111,0.210597794,0.55319879,1.393307673
AT3G04940,4.522272048,2.469044198,9.760505717,12.96074161,0.523724671,0.641970017,-0.907399795,0.50234246,0.463323539,0.190501769,-1.282215588
AT3G05050,1.474848889,1.947843032,2.019798937,4.763697155,0.711708645,0.374953065,0.367727827,0.936826375,0.730195893,0.408893128,-0.836559738
AT3G05060,4.091904148,2.309687502,6.924999619,5.783969776,0.13136816,0.945896426,-0.678280094,0.725404157,0.590888718,0.399325652,-0.565320703
AT3G05090,3.313472241,4.255859937,5.025423515,2.74014473,-0.532867226,0.676862703,0.517948227,0.751527743,0.65934189,1.553151515,1.236099927
AT3G05100,1.730646335,1.760738598,3.365687591,4.358431645,0.784940402,0.474377538,-0.10502903,0.988906775,0.514202904,0.403984447,-0.348038008
AT3G05200,10.90906096,25.99442788,37.05072046,83.19777364,1.226721183,1.58921E-11,1.165079293,0.002929845,0.294435866,0.312441388,0.085632155
AT3G05220,9.510968777,9.38172284,10.9872517,11.31988076,0.118366558,0.913711595,-0.006730561,0.998167776,0.865636743,0.828782833,-0.062767618
AT3G05320,3.471243932,9.731394996,10.73801541,22.34486645,1.052447034,0.012472163,1.410714888,0.016530555,0.323266805,0.435509204,0.429977839
AT3G05350,7.941879031,6.621760447,14.96172223,17.94675872,0.455473012,0.094068809,0.09582836,0.978293689,0.530813158,0.368966929,-0.524712623
AT3G05420,3.902340928,3.606920621,7.838561377,6.757585077,-0.168544076,0.905437541,0.138270548,0.977375972,0.49783892,0.533758818,0.100508977
AT3G05490,13.31927998,18.09338207,53.67068288,19.26704449,-0.956715328,0.071041124,0.68805391,0.749358048,0.248166769,0.93908446,1.919944972
AT3G05500,20.87242492,25.34199951,89.77569975,122.1959762,0.557324004,0.061439644,0.494404476,0.524291232,0.232495263,0.207388167,-0.164867742
AT3G05520,2.963391709,2.726666079,5.265413188,2.408690553,-1.138364837,0.169501141,0.544549295,0.867912221,0.56280326,1.132011779,1.008186379
AT3G05530,11.42348186,10.57068648,36.8328436,38.95993037,0.032302507,0.977652208,0.13918625,0.968936277,0.310143903,0.271322007,-0.192931694
AT3G05545,5.671954866,3.867913492,17.58379544,18.11062832,0.26082572,0.600559856,0.140767505,0.977286935,0.322567155,0.213571469,-0.594880615
AT3G05560,8.362453591,10.09696737,102.5178759,92.9141451,-0.258805684,0.591967925,-0.15323684,0.971408624,0.081570687,0.108669862,0.413829179
AT3G05580,4.908407914,10.81138533,8.372368303,37.52109098,2.151877394,6.16432E-24,1.552039145,0.000486794,0.58626278,0.288141551,-1.024769752
AT3G05590,30.93237471,23.01427442,91.01721733,71.11154213,-0.350387537,0.057504075,-0.160421836,0.943661442,0.339851905,0.323636272,-0.070532899
AT3G05670,3.487063692,3.14743449,6.364077004,5.796297643,-0.063555833,0.980316181,-0.092678237,0.987703677,0.547929211,0.543007741,-0.013016753
AT3G05680,3.034172979,2.735977464,4.346594914,3.509878316,-0.323162091,0.82112545,-0.065214463,0.987703677,0.698057454,0.779507783,0.159217644
AT3G05840,9.839070731,13.6993013,27.79951148,17.49079885,-0.770356947,0.000604949,0.526408671,0.66574825,0.353929627,0.783229023,1.145971693
AT3G05880,11.82145835,7.175358153,40.33110736,41.51687658,0.350667196,0.812408985,0.353805411,0.943207839,0.293110185,0.172829913,-0.762090167
AT3G05900,7.657688315,5.609633213,10.83973896,16.97096707,0.37750016,0.275697184,-0.297381122,0.901612329,0.706445824,0.330542932,-1.095741261
AT3G05910,8.087897285,6.804113296,19.68330888,22.93588809,0.169436786,0.83713758,-0.177860575,0.963685245,0.410901304,0.296657939,-0.469991516
AT3G05970,2.093313558,1.830978501,4.920284774,4.319707607,-0.094426111,0.955018702,-0.112421703,0.987703677,0.42544561,0.423866305,-0.005365423
AT3G06010,1.860089359,2.167351105,2.975397409,4.015080257,0.269197396,0.842622026,0.311482263,0.930561985,0.625156611,0.539802685,-0.211785497
AT3G06040,3.075340521,1.842940554,4.381504803,5.097367069,0.575330852,0.734620771,-0.332636225,0.957161107,0.701891395,0.361547546,-0.957062434
AT3G06050,5.988782848,10.98112346,27.06285703,29.60984685,-0.045811607,0.970612989,0.577583819,0.768977036,0.221291597,0.370860529,0.744928059
AT3G06060,5.016795762,3.106450053,11.51651665,7.151239732,-0.476262244,0.601773347,-0.496875483,0.848372414,0.435617463,0.43439322,-0.004060204
AT3G06070,31.09752772,23.42494611,144.463795,46.25983392,-1.268579836,0.001290394,-0.516619374,0.66574825,0.215261739,0.506377653,1.234121822
AT3G06080,4.844625363,4.980271223,24.74123704,14.29529458,-0.517407662,0.029234855,-0.490913254,0.768977036,0.195811768,0.348385351,0.831216493
AT3G06150,6.527885647,3.596813804,24.95806036,11.69316458,-0.981585246,1.419E-05,-0.810544351,0.399494051,0.261554205,0.30759969,0.233944084
AT3G06170,4.386512736,2.952981526,12.57514324,14.15713688,0.448921171,0.483886621,-0.128704699,0.984337283,0.348824077,0.208586069,-0.741856819
AT3G06190,6.543609607,4.063523963,11.83280869,11.23100789,-0.21354204,0.879265843,-0.457152653,0.855952104,0.553005612,0.361812938,-0.612050123
AT3G06350,6.176663695,4.746335278,16.10302639,13.82538958,3.31808E-05,0.999963053,-0.420923695,0.846328658,0.383571606,0.343305717,-0.160002047
AT3G06380,2.64988521,1.597030733,7.015768248,9.067881706,0.305006086,0.724077124,-0.569446976,0.891574481,0.377704211,0.176119493,-1.100702268
AT3G06400,3.53908675,3.364909475,4.619509281,4.285722741,0.249562054,0.797217149,-0.10435133,0.977375972,0.766117467,0.785143995,0.035391653
AT3G06410,2.206610193,2.885507808,7.974259016,11.6568762,0.774270307,0.076969838,0.398512758,0.922062997,0.276716644,0.247536969,-0.160765415
AT3G06430,2.910472822,2.828305859,7.103237799,7.584262017,0.120561432,0.963196936,0.046756918,0.993235243,0.409738897,0.372917741,-0.135847424
AT3G06470,8.60654235,7.241928729,22.88131478,15.82895669,-0.52939925,0.255997115,-0.219445297,0.961585417,0.376138453,0.457511437,0.282544007
AT3G06480,1.896618572,1.743819045,3.830533504,3.391623348,-0.06878072,0.976630253,-0.08902672,0.988076608,0.495131702,0.514154688,0.054390149
AT3G06483,7.166365168,7.751802816,31.43012003,34.73793402,0.204741656,0.586340531,-0.086072264,0.987459256,0.228009475,0.223150945,-0.031073859
AT3G06500,22.22421177,19.84597479,50.14888647,53.44864932,0.177379752,0.421292756,-0.097811483,0.96219347,0.443164611,0.371309192,-0.255221649
AT3G06510,11.82768393,14.10857459,24.47061294,27.64461936,0.171479485,0.883616128,0.084595792,0.977375972,0.483342365,0.510355176,0.078456172
AT3G06550,6.723901765,8.937043162,10.93326734,4.564137552,-1.242650024,8.55674E-05,0.517831006,0.668084604,0.614994727,1.958101188,1.670809374
AT3G06580,2.527704514,2.298218198,5.101087479,6.476807681,0.588539955,0.312123095,0.068037443,0.991579971,0.495522675,0.35483811,-0.481790111
AT3G06650,9.393649323,7.665359531,24.21672702,26.52754523,0.111106999,0.90589739,-0.189389278,0.930561985,0.387899212,0.288958494,-0.424819563
AT3G06670,2.736038893,5.082937563,8.823597049,7.771170107,-0.025220133,0.98467125,0.498688485,0.76437457,0.310082031,0.654076219,1.076808837
AT3G06680,13.76586681,22.00881738,38.42408663,31.6294589,-0.248847708,0.858783522,0.519407383,0.875322749,0.358261393,0.695832877,0.95772826
AT3G06700,38.41394573,22.88867594,156.5107997,138.8953838,0.01802953,0.990743151,-0.537370439,0.647181691,0.245439585,0.164790761,-0.574732593
AT3G06720,8.916500457,10.69741591,14.63161581,19.29937423,0.267199407,0.738746801,0.23832485,0.923119093,0.609399575,0.554288226,-0.136752131
AT3G06750,41.5273952,26.07053521,91.93596555,56.49929276,-0.570902436,0.01750671,-0.488688862,0.646580127,0.451699125,0.461431178,0.030753368
AT3G06760,4.956769723,2.990905704,19.09460059,23.83412772,0.249143791,0.871619701,-0.199603957,0.97421589,0.259590123,0.125488364,-1.048681895
AT3G06780,5.234566109,6.901971924,33.89891646,33.49665864,-0.103100605,0.956371932,0.499699809,0.858745023,0.154416915,0.206049564,0.416160616
AT3G06810,3.919383567,2.985631635,5.094815103,4.117540818,-0.269581273,0.889993013,-0.347615377,0.906973926,0.769288676,0.725100677,-0.085343752
AT3G06850,6.312942966,3.017491488,19.86972134,13.20462207,-0.457020044,0.325170034,-0.964216343,0.441348659,0.317716734,0.228517823,-0.475434386
AT3G06880,1.919397089,1.75879937,1.691280936,2.102736134,0.370335272,0.722752574,-0.127275996,0.982744851,1.134877742,0.836433702,-0.440213788
AT3G06980,4.947176753,4.043261452,8.522790009,6.325864441,-0.349557273,0.585013458,-0.083977291,0.987703677,0.580464466,0.639163468,0.138977198
AT3G07010,2.472935788,6.739408581,6.055637349,11.41166153,1.027217683,0.053579079,0.97813572,0.346021421,0.408369201,0.590572071,0.532239066
AT3G07020,4.355224201,2.84207284,9.176859042,5.850185364,-0.648747488,0.207754845,-0.401971966,0.899651201,0.474587675,0.485809024,0.033714652
AT3G07040,10.30541821,11.35335689,11.07808529,15.03930693,0.640560325,0.014526024,0.158278248,0.945159624,0.930252651,0.75491224,-0.301313657
AT3G07050,2.696541696,3.348391786,6.802802076,3.548805938,-0.728422942,0.511304724,0.385074415,0.920101801,0.39638691,0.943526314,1.251153432
AT3G07100,9.394786507,5.251113684,12.97215751,13.1049546,-0.139914024,0.770385435,-0.669478797,0.223569813,0.724226984,0.400696824,-0.853930858
AT3G07110,11.24663494,7.004208024,45.63199262,38.8394588,-0.131378554,0.90010257,-0.558987369,0.796900776,0.246463814,0.180337426,-0.450677011
AT3G07160,7.504593485,9.600684493,8.90339081,14.50756926,0.759836894,0.010718995,0.355567312,0.641738327,0.842891618,0.661770716,-0.349015684
AT3G07170,3.334979126,4.092111825,11.53059056,6.779073088,-0.115824212,0.944507694,0.004004432,0.999363834,0.289228822,0.603638842,1.061474314
AT3G07195,10.39121923,33.00949092,46.55910749,200.179763,2.096972612,6.46414E-70,2.102057119,5.32079E-18,0.223183385,0.164899241,-0.436644875
AT3G07230,11.25377181,24.98867327,123.1612983,121.5944606,-0.14678858,0.886487199,0.740869697,0.764063421,0.091374254,0.20550832,1.169337164
AT3G07270,7.346129832,5.145311221,14.1872314,11.70734096,-0.204861353,0.893047755,-0.323811021,0.916442123,0.51779869,0.439494437,-0.236546412
AT3G07310,8.588258281,6.458745711,32.23793879,11.35105379,-1.271698908,0.01111623,-0.426418681,0.853564115,0.266402214,0.568999657,1.094821709
AT3G07320,2.049615648,3.941909938,9.242890335,25.95160436,1.354135133,3.32976E-05,0.797066958,0.653998238,0.22175051,0.151894653,-0.54586634
AT3G07330,3.017105423,4.781851693,8.513902104,12.35573385,0.638358539,0.208392062,0.66808252,0.650753872,0.354373986,0.387014786,0.127115985
AT3G07350,11.2934274,5.019887834,36.02358988,24.62345802,-0.343641633,0.4293742,-0.723957036,0.555816168,0.313500887,0.203866079,-0.620847781
AT3G07360,9.375724274,6.518527694,30.51220386,18.49073932,-0.565622478,0.204390485,-0.46927036,0.770320086,0.307277846,0.352529317,0.198199483
AT3G07390,60.37600723,49.35768801,148.6908931,214.3025979,0.599428155,0.000410358,0.041754987,0.987703677,0.406050471,0.230317731,-0.818033584
AT3G07400,3.675405239,2.540246683,8.907888464,12.49291736,0.544588406,0.277002679,-0.516731044,0.834237431,0.412601174,0.203334947,-1.020889739
AT3G07430,10.49295902,5.897185599,51.32658337,57.99376,0.365439346,0.247014829,-0.87102257,0.490657015,0.204435174,0.101686554,-1.00751452
AT3G07460,14.60876573,8.484631019,55.28632764,28.3600459,-0.745703075,0.081788228,-0.416337752,0.863137573,0.264238309,0.299175504,0.17915241
AT3G07470,7.395720147,4.30851765,55.85276396,35.74158663,-0.534371709,0.193114483,-0.054524789,0.993235243,0.132414578,0.120546345,-0.135474044
AT3G07480,11.48214922,5.877970746,100.4240569,70.5106916,-0.313915462,0.700150624,-0.377867409,0.920224397,0.11433664,0.083362829,-0.455811648
AT3G07560,5.932822281,10.76570015,35.28732382,43.06184416,0.243417089,0.720639252,0.222308144,0.935505558,0.168128995,0.250005553,0.572391592
AT3G07565,3.121252426,2.629461607,9.411232567,6.137664993,-0.555122018,0.696997294,-0.446370062,0.912852834,0.331651822,0.428414,0.369336174
AT3G07660,3.558476506,2.369284914,6.609229281,7.052439586,0.016634081,0.991366964,-0.157592033,0.97690286,0.538410207,0.335952529,-0.68044837
AT3G07670,6.339836241,2.010077676,11.06783717,13.91494625,0.40865495,0.619384474,-1.187898451,0.168639785,0.572816183,0.144454577,-1.987456334
AT3G07680,6.871371084,8.888461275,18.79562612,30.82096623,0.434656053,0.582220994,0.375884775,0.907652878,0.365583516,0.288390092,-0.342179424
AT3G07700,14.44498652,11.98219003,22.16451296,29.17611888,0.444652925,0.042333506,-0.063113066,0.985607912,0.651716848,0.410684851,-0.666213561
AT3G07780,15.06823633,20.58558155,33.53311953,47.25795355,0.624248868,0.053175303,0.438261745,0.476446681,0.449353849,0.435600359,-0.044846816
AT3G07790,10.75114251,8.797623663,28.14806158,27.27169953,-0.024313007,0.977347659,-0.053718194,0.988906775,0.381949658,0.322591691,-0.243673223
AT3G07810,4.387212326,3.959336066,6.431452033,7.473148766,0.454141786,0.693600941,0.103738178,0.985607912,0.682149583,0.529808276,-0.364617751
AT3G07880,4.237178993,5.361439581,21.35381666,33.52660557,0.724555324,0.225038982,0.401853756,0.916442123,0.198427244,0.159915968,-0.311296121
AT3G07890,4.629849755,5.693394013,9.274006302,7.988984348,0.158753022,0.948586245,0.330024506,0.920224397,0.499228662,0.712655547,0.513504173
AT3G08010,8.120065014,5.613768164,29.94041688,24.96628983,-0.244311888,0.855366222,-0.460174619,0.846328658,0.27120748,0.224853921,-0.270408927
AT3G08030,37.25674323,35.14574407,115.6480314,120.7220929,0.25175905,0.5694272,-0.091601031,0.963685245,0.322156312,0.291129347,-0.146100585
AT3G08510,7.931025077,7.582676635,16.07644776,16.87727653,0.361954736,0.43376662,-0.212623492,0.936826375,0.493331935,0.44928319,-0.134933596
AT3G08530,11.66732712,13.09619728,17.36146779,15.60437636,0.07589844,0.811861183,0.019890693,0.99102187,0.672024236,0.839264382,0.320612092
AT3G08550,2.401915417,3.231979949,7.325874281,7.838534861,0.162515283,0.860394118,0.417300405,0.921874278,0.327867409,0.412319395,0.330649825
AT3G08580,66.29373947,50.83412318,331.1793333,247.1916363,-0.216743762,0.028075058,-0.217373431,0.762678503,0.200174748,0.205646615,0.038907335
AT3G08590,9.012853644,8.581986543,20.09201948,17.93205356,-0.119629457,0.860465504,-0.015415252,0.996883172,0.448578783,0.478583588,0.093409541
AT3G08610,10.13142409,15.06926445,101.3078376,91.31563144,-0.12956829,0.913711595,0.510697883,0.876258936,0.100006321,0.165023931,0.722584067
AT3G08640,1.884702925,2.013553978,9.271381994,9.984562234,0.28280063,0.812408985,-0.155812158,0.982744851,0.203281768,0.201666726,-0.011507762
AT3G08650,5.819533354,3.288394405,15.52976041,18.16283098,0.381878224,0.222440894,-0.552767113,0.742576231,0.374734265,0.181050763,-1.049473645
AT3G08710,8.716501449,20.99171486,29.23160656,81.09653828,1.670731255,3.14773E-11,1.457216478,0.00491494,0.29818756,0.25884847,-0.204112283
AT3G08720,2.084961591,9.630399528,13.38035699,53.39892383,2.029921308,2.894E-34,2.119594121,8.33365E-07,0.155822568,0.180348195,0.210880785
AT3G08730,1.901388606,2.567709877,9.64730161,10.02972516,0.261092872,0.669993875,0.21429883,0.970346925,0.1970902,0.256009994,0.377344086
AT3G08740,5.791312305,6.847190199,63.71737124,33.44821785,-0.773084046,0.005460222,0.506026129,0.836533171,0.090890635,0.204710165,1.171379192
AT3G08760,3.670589414,2.853883858,8.82969325,15.52819138,0.902666798,0.00463506,0.04530798,0.993235243,0.415709732,0.183787267,-1.177539703
AT3G08850,5.965078513,6.874869192,8.737742058,13.65703452,0.681879529,0.05028386,0.200001868,0.913638765,0.68267963,0.503393997,-0.439520692
AT3G08920,5.313059909,2.995436356,22.34394827,19.46754673,0.02529262,0.991366964,-0.614592261,0.868380105,0.237785187,0.153868199,-0.62796375
AT3G08930,6.488872329,4.70755989,8.721830987,6.250512462,-0.200603702,0.832255121,-0.265204992,0.927733977,0.743980517,0.753147829,0.017668225
AT3G08940,515.2073867,374.4062372,1899.510388,1578.174878,-0.254013589,0.003998764,-0.335848813,0.00265775,0.271231676,0.237240019,-0.193178287
AT3G08960,2.03938007,1.37029467,2.692961647,3.759432921,0.377490953,0.738365496,-0.207042774,0.9676473,0.75730008,0.364495045,-1.05496588
AT3G09050,2.104907303,1.307021197,10.89011059,5.232127,0.006712509,0.997187451,-0.785559434,0.731956595,0.193286127,0.249806856,0.370074978
AT3G09090,4.085622385,2.572814032,5.187167959,4.857953609,-0.185621501,0.913711595,-0.508986578,0.771515916,0.787640273,0.529608604,-0.572610318
AT3G09100,3.744311827,4.100532617,5.386838154,7.660096248,0.274617388,0.848255214,0.239162064,0.953640782,0.695085265,0.535310848,-0.376813074
AT3G09200,35.79093099,32.3585807,171.1115309,193.9737975,0.182946668,0.183869252,0.014206853,0.996628465,0.209167265,0.166819339,-0.32637054
AT3G09210,6.087646423,5.517497424,17.15224745,6.99207044,-0.985328963,0.206805389,-0.155841832,0.977375972,0.354918295,0.789107815,1.152735483
AT3G09250,1.699630943,1.966412593,5.868683917,3.540013975,-0.546961016,0.712894002,0.263604251,0.970346925,0.289610238,0.55548159,0.939626498
AT3G09300,6.212130259,4.348676463,14.20341502,11.54839168,0.008185355,0.99520541,-0.295593016,0.922062997,0.437368777,0.37656122,-0.215965801
AT3G09390,19.53797254,12.11655309,154.4288088,105.2372299,-0.284657503,0.630302686,-0.110021591,0.985025614,0.126517667,0.115135614,-0.136004692
AT3G09440,34.786061,24.86943346,73.11243948,39.04111642,-0.709640632,8.4869E-09,-0.468987383,0.113243899,0.475788542,0.637006206,0.420986898
AT3G09500,30.2259089,13.20149163,190.6075636,138.6289759,-0.184301703,0.677743846,-0.646264798,0.59113677,0.15857665,0.095228949,-0.735708242
AT3G09520,2.8072454,6.146594732,2.441208717,11.83629756,2.222566263,4.38165E-06,0.947538194,0.383163772,1.149940757,0.519300457,-1.146918138
AT3G09570,3.151695602,2.875421772,11.78815354,14.2177601,0.258263191,0.841484661,0.078245181,0.989950827,0.267361262,0.202241545,-0.402711055
AT3G09580,5.689510273,2.945116068,15.76071558,19.42657498,0.389330848,0.410796729,-0.80886304,0.61383591,0.360993144,0.151602435,-1.251678514
AT3G09600,1.703439783,1.819790827,10.39249863,3.809675254,-1.03428765,0.07920564,0.221256503,0.97421589,0.163910513,0.477676103,1.543124312
AT3G09630,35.82493246,29.69519932,96.84125139,81.93020741,-0.095317689,0.746632599,-0.268259806,0.76437457,0.36993463,0.362445065,-0.029508013
AT3G09740,6.522715898,6.107189884,29.71717723,34.61348223,0.218616623,0.619756947,-0.392335746,0.871450789,0.219493118,0.176439627,-0.315001095
AT3G09770,2.63604139,1.983136624,13.12988499,11.91834969,0.174594406,0.914979914,-0.153650769,0.984419071,0.200766526,0.166393559,-0.270919153
AT3G09810,3.103165957,3.5457335,9.666457775,5.981500117,-0.206653557,0.843780853,0.098758835,0.987703677,0.321024105,0.59278332,0.884823223
AT3G09820,9.252096224,15.17275519,50.68208722,44.51044699,0.053972066,0.945557349,0.559103091,0.490657015,0.182551602,0.340880764,0.900962861
AT3G09830,11.02753982,43.09191927,25.80963087,119.0946671,2.1911812,1.3393E-78,2.037240714,3.72146E-19,0.42726453,0.361829126,-0.239821013
AT3G09840,23.93578653,17.35641559,47.50646493,31.407563,-0.307327488,0.32700449,-0.463624738,0.287253316,0.50384272,0.552618985,0.133311674
AT3G09860,6.90427226,12.44705958,64.59848514,49.8107236,-0.376105671,0.546775266,0.615931213,0.852838095,0.106879786,0.249887146,1.225287672
AT3G09920,5.163586987,6.717789785,10.59157849,11.28909493,0.250736238,0.779788616,0.260670111,0.922062997,0.487518172,0.595068943,0.287600828
AT3G09940,1.731597099,2.415440672,2.846474487,13.72256738,2.055466171,1.419E-05,0.85231583,0.668084604,0.608330448,0.176019589,-1.78911922
AT3G09980,4.503099925,2.60561258,7.418621739,2.86326616,-0.557701948,0.731850991,-0.195658161,0.975735197,0.606999532,0.910014101,0.584193496
AT3G10020,18.64251624,16.03073323,59.55966202,74.72386862,0.361065688,0.221191868,0.341156765,0.877055808,0.313005743,0.214532967,-0.544989764
AT3G10050,4.452814345,3.342096441,11.03379478,7.513909733,-0.503690619,0.442341198,-0.20461855,0.956065028,0.403561461,0.444787941,0.140329266
AT3G10060,10.06271758,8.14606591,46.41368977,71.12438675,0.517469773,0.179310763,0.294663016,0.916302539,0.216804948,0.11453267,-0.920638502
AT3G10130,2.731420568,3.491182229,10.61866478,11.14163681,0.519916263,0.640134203,0.353731536,0.936826375,0.257228251,0.313345542,0.28470537
AT3G10160,5.944333623,4.48530162,9.358568958,4.853179142,-0.796941387,0.08454022,-0.398429366,0.874526857,0.63517549,0.924198652,0.541047742
AT3G10230,11.66429628,6.698136497,26.88068876,25.05123306,-0.147111178,0.897444228,-0.419843265,0.754489831,0.433928475,0.267377517,-0.698579101
AT3G10260,3.696800374,2.607279363,11.85143255,6.696051713,0.16816779,0.926727442,-0.004051385,0.999363834,0.311928567,0.389375631,0.319946913
AT3G10300,20.8450515,27.89893166,101.7755392,160.4988125,0.731335322,0.006728541,0.48667353,0.556213412,0.204813963,0.173826405,-0.236666819
AT3G10350,3.51427106,4.834439816,12.33135251,13.85574939,0.203952344,0.846075218,0.44202885,0.901612329,0.284986668,0.348912187,0.29196956
AT3G10360,3.474695863,3.700746522,4.082228817,5.593845637,0.329174485,0.700851044,0.189805131,0.957770699,0.851176163,0.661574659,-0.363553774
AT3G10380,6.069714394,7.950072768,18.04156138,13.97279728,-0.104203946,0.90200603,0.397977794,0.7813954,0.336429551,0.568967874,0.758042763
AT3G10410,2.372209531,3.198099202,4.350016746,8.57834939,0.903939656,0.148735232,0.343856595,0.936826375,0.545333425,0.372810556,-0.548695877
AT3G10420,18.03978921,18.16993871,37.14859457,44.32315574,0.334744661,0.077860513,-0.00988608,0.996883172,0.485611621,0.409942352,-0.2443819
AT3G10520,4.234218357,4.539503159,21.60250231,20.51896666,0.360427328,0.766554004,0.341603031,0.929232007,0.196005921,0.221234492,0.174679093
AT3G10572,3.16725149,1.296794197,4.825532262,1.592681054,-1.229382967,0.20609012,-0.909723893,0.678345037,0.656352775,0.814220897,0.31094881
AT3G10640,7.444845169,17.353232,18.40501392,28.18574247,1.054659945,0.019741687,0.855885578,0.32811329,0.404500926,0.615674113,0.606023906
AT3G10650,4.370770011,4.030170317,5.870826947,5.622393576,0.102968531,0.93949253,-0.061445404,0.987703677,0.744489669,0.716806866,-0.054667373
AT3G10670,10.74541884,7.718477718,27.30801215,23.87925203,-0.208536211,0.79776471,-0.383620132,0.893289199,0.393489602,0.323229459,-0.283766822
AT3G10720,53.46639551,123.0169316,117.7146302,310.2052174,1.477882614,1.97635E-85,1.327784377,1.59763E-16,0.454203487,0.396566288,-0.195776742
AT3G10740,6.944516662,6.764094979,10.25361073,12.00681121,0.38760516,0.609974968,-0.217393567,0.938422258,0.67727524,0.563354821,-0.265698384
AT3G10770,4.878299645,5.982627293,27.19889896,19.83757125,-0.123449547,0.853532183,-0.007902126,0.998437669,0.179356512,0.301580633,0.749713657
AT3G10800,3.427530404,5.330077361,12.21690964,11.32562493,-0.116563904,0.903530151,0.65724016,0.653128427,0.280556254,0.470621038,0.746275742
AT3G10810,3.163303121,3.19375484,7.140188122,9.772444599,0.417072313,0.711493969,-0.055108999,0.992589008,0.44302798,0.326812274,-0.438935651
AT3G10840,3.78825575,3.023289035,11.09062948,8.603847966,-0.260511899,0.786855874,-0.232522068,0.964026953,0.341572654,0.351388012,0.040872495
AT3G10850,6.259241678,2.970281168,13.8328635,17.58135704,0.135518211,0.917991752,-0.485585591,0.890848031,0.45249067,0.168944932,-1.421334974
AT3G10920,13.47712875,17.00171193,73.70054626,66.62190437,-0.095829323,0.891654636,0.378148066,0.872376563,0.18286335,0.255197027,0.480845571
AT3G10970,7.850183834,6.266063046,26.36621608,13.92706017,-0.477133807,0.630992402,-0.251824903,0.936826375,0.29773646,0.44992001,0.595632631
AT3G10980,3.468482512,7.781892911,5.931017045,10.34484839,0.712637609,0.160158659,1.013262447,0.149489059,0.584804003,0.752248135,0.363255438
AT3G10985,61.85880493,67.67926596,468.2226234,909.6223463,0.915860159,2.1063E-25,0.135082875,0.940600751,0.132114088,0.074403698,-0.828338094
AT3G11130,15.29323197,17.93792171,23.51983739,24.11098033,0.094653399,0.642052369,0.203138819,0.749215808,0.650226943,0.743973139,0.194307196
AT3G11170,44.16667081,30.85799625,109.6697286,96.26974764,-0.148847655,0.370600988,-0.400628379,0.416667687,0.402724356,0.320536794,-0.329302755
AT3G11250,4.012436287,1.662628411,6.200692838,6.417440266,0.068311954,0.975573111,-0.585510963,0.868934455,0.647094831,0.259079686,-1.320581251
AT3G11280,12.53199966,8.046861269,55.76497976,53.0081422,-0.007669649,0.99191237,-0.495057883,0.764063421,0.224728848,0.15180425,-0.565973151
AT3G11400,8.457450222,6.351014057,31.71091306,32.50367403,0.246558366,0.598132091,-0.211149187,0.964026953,0.266704721,0.195393728,-0.448859201
AT3G11410,9.896889536,3.298913617,14.05147961,11.44997257,0.163769366,0.891951865,-1.302108121,0.09829769,0.704330776,0.288115416,-1.289606265
AT3G11420,8.542512715,6.493470367,25.28063363,32.52801628,0.477985656,0.053175303,-0.348760822,0.875322749,0.337907382,0.199627002,-0.759320991
AT3G11450,3.315656082,2.638476295,8.705076263,8.46658949,0.182122632,0.846884504,-0.66752395,0.664848496,0.380887655,0.311633899,-0.289513352
AT3G11510,20.47903159,22.55936122,120.4105954,148.9444293,0.205597362,0.58061909,0.026489827,0.993889967,0.170076658,0.151461598,-0.167233097
AT3G11540,2.652018199,1.902692718,4.95077258,2.975203986,-0.500465356,0.504351385,-0.355183917,0.916442123,0.535677646,0.639516728,0.255617004
AT3G11560,8.220756849,8.354633601,18.37056535,15.06284115,-0.16687822,0.722691226,0.03339823,0.993235243,0.447496127,0.554651909,0.309707446
AT3G11630,118.7666342,87.64586963,509.4492696,509.8842681,0.06818688,0.799502693,-0.408094701,0.060049043,0.233127499,0.171893653,-0.439602913
AT3G11650,3.424523339,4.37955362,14.82665461,12.58498275,0.039936079,0.989069263,0.508951943,0.906326092,0.230970737,0.347998381,0.591370514
AT3G11660,7.331005221,4.136097694,16.56825565,8.925091928,-0.365011305,0.805625602,-0.641935552,0.777333771,0.442472966,0.46342354,0.066742015
AT3G11670,7.76185919,3.766642741,11.41294974,8.201219338,-0.417729354,0.425825635,-1.106578356,0.070199314,0.680092296,0.459278381,-0.566361673
AT3G11700,20.89930877,18.16206828,91.95148091,71.32594317,-0.298460285,0.128603479,-0.139509897,0.959670996,0.227286266,0.254634814,0.163919168
AT3G11710,8.878561481,8.367837203,23.17207089,23.71579461,0.044610249,0.975009112,-0.03581146,0.992589008,0.383157877,0.352838154,-0.118932387
AT3G11730,2.061817103,2.940219096,11.37576101,16.90806506,0.392001645,0.618266205,1.176035551,0.400931384,0.181246521,0.173894475,-0.059741205
AT3G11770,4.250822869,5.334668501,10.36295092,7.658590668,-0.517863667,0.739798775,-0.052639452,0.993235243,0.410194249,0.696560076,0.763940522
AT3G11780,7.278793886,8.963983764,45.47553972,41.50647748,0.291987806,0.68647964,0.430615149,0.899651201,0.160059538,0.2159659,0.432194884
AT3G11800,5.587437478,4.578721668,19.71838501,17.39527387,-0.121836172,0.931194938,-0.234362075,0.96893317,0.283361821,0.263216417,-0.106395912
AT3G11820,37.05968235,77.14345452,122.6684756,375.1502795,1.632103835,1.35539E-28,1.231591523,9.61263E-09,0.302112521,0.205633472,-0.555010856
AT3G11830,4.334705762,8.070201723,13.64441086,12.60832203,0.043207045,0.980299344,0.742721463,0.678006934,0.317690944,0.640069448,1.010604484
AT3G11840,5.153753605,19.48132717,9.932099097,56.66295362,2.580866048,3.9223E-46,1.897556247,9.64379E-06,0.51889873,0.343810655,-0.59383875
AT3G11900,4.594186157,3.412869856,16.86375474,11.27334821,-0.510033435,0.233887059,-0.049914112,0.992589008,0.272429612,0.302737908,0.152185813
AT3G11910,3.871076662,2.594409896,5.489525505,2.964851429,-0.474470022,0.361273749,-0.713454836,0.533186382,0.705175094,0.875055617,0.311393194
AT3G11930,33.81818026,23.75744008,131.8967899,127.5825226,0.160387019,0.4784183,0.056154899,0.987703677,0.256398812,0.18621234,-0.461440898
AT3G11940,32.77562512,38.10182843,178.641485,160.9233808,-0.119534868,0.851052069,-0.36967564,0.646580127,0.183471522,0.236769997,0.367930131
AT3G11945,14.46883235,12.22800297,26.61875621,29.6188396,0.225245926,0.82885049,-0.12882211,0.969425022,0.543557792,0.412845444,-0.39683165
AT3G11960,3.813710707,3.364692414,3.55802537,3.208697608,-0.016175169,0.991366964,-0.196226224,0.95584419,1.071861584,1.048616238,-0.031631822
AT3G12010,5.524945626,5.009522427,5.992729368,4.429190516,-0.249319053,0.843193948,-0.089826934,0.987459256,0.921941454,1.131024373,0.294882976
AT3G12030,2.267892683,2.779258389,3.834031378,17.29432798,1.696279523,0.002865409,0.209454124,0.977375972,0.591516464,0.160703463,-1.88001731
AT3G12080,5.59685794,3.678306906,15.35578968,13.64022704,-0.048564339,0.968249298,-0.502164016,0.781471705,0.364478679,0.269666106,-0.434660223
AT3G12110,3.203476794,5.529964023,13.5724466,10.32488942,-0.22061556,0.808906732,0.662798802,0.737099472,0.236027953,0.535595472,1.182186032
AT3G12120,32.46813949,31.27754005,119.7532912,106.6669612,-0.087036372,0.875394703,0.108569587,0.957926244,0.271125237,0.293226128,0.113054252
AT3G12140,1.325325918,2.003376348,6.076157778,7.198073338,0.365804059,0.841484661,0.434399966,0.927958111,0.218119076,0.278321191,0.351634813
AT3G12200,2.986422907,2.408778783,6.507324352,6.713564368,-0.123317684,0.935926433,0.005266205,0.999096263,0.458932542,0.358792833,-0.355131035
AT3G12280,5.983942499,4.014961036,4.416062722,4.749979269,0.265975515,0.899923516,-0.480921484,0.773822539,1.355040196,0.845258644,-0.680870879
AT3G12290,8.075090132,7.78290864,24.52178347,37.73006933,0.619870609,0.025605547,0.11889251,0.981413902,0.329302726,0.206278673,-0.674819782
AT3G12300,3.653261391,4.186374767,17.05612002,8.6461425,-0.879810915,0.087312976,0.019736491,0.996883172,0.214190648,0.484189888,1.176677462
AT3G12320,22.72814869,14.89359542,74.4073943,28.81665426,-0.966858749,2.95268E-09,-0.542687234,0.352058851,0.305455512,0.516839855,0.758755053
AT3G12345,24.42522307,25.76658538,146.2730132,127.7526949,-0.076897454,0.876616658,0.152569136,0.956206514,0.166983796,0.20169113,0.272439522
AT3G12360,7.255515077,6.031407068,21.57459451,25.80599831,0.331060884,0.265124763,-0.106211261,0.981413902,0.336299024,0.233721129,-0.524956427
AT3G12390,16.1269194,5.113520336,27.70814959,21.64942117,-0.269089447,0.856024579,-1.02274155,0.155213064,0.582028018,0.236196631,-1.30110022
AT3G12400,7.027373459,8.156951046,36.66709015,25.17801761,-0.330827374,0.296294642,0.25790146,0.924053495,0.191653426,0.323971139,0.757365506
AT3G12480,5.465258255,2.485201508,7.620050844,8.753473748,0.346668064,0.830790688,-0.450274617,0.909347084,0.717220707,0.283910317,-1.336981865
AT3G12490,4.083200954,3.237122681,35.884474,41.72050744,0.200448481,0.823965534,-0.23736947,0.971959027,0.113787399,0.077590683,-0.552385461
AT3G12560,2.335372664,1.420483517,2.500654362,5.030888083,0.688059306,0.639258146,-0.631761422,0.841911044,0.933904621,0.282352438,-1.725778126
AT3G12570,2.424892355,3.007690463,10.62736517,12.51953544,0.532324029,0.257385396,0.011078722,0.997980555,0.22817437,0.240239782,0.074338321
AT3G12590,1.961448778,1.73982188,3.711680509,3.217967059,-0.083220004,0.965644773,-0.277821558,0.936826375,0.528453021,0.540658698,0.032942927
AT3G12610,3.019229974,1.654429407,6.902224147,4.015816343,-0.470941929,0.770024838,-1.204077322,0.291526199,0.437428561,0.411978354,-0.086478882
AT3G12620,3.586546302,3.190330917,14.67707233,8.848320483,-0.284644036,0.770110016,-0.160561828,0.977375972,0.244363877,0.360557794,0.561199493
AT3G12630,14.86180269,14.83858239,130.5779345,108.9066729,-0.114243528,0.92932035,0.142984258,0.977375972,0.113815575,0.136250443,0.259562921
AT3G12640,1.768418147,1.480940017,2.694193407,6.391616489,1.010343376,0.038536786,-0.125021923,0.987703677,0.656381291,0.231700388,-1.502273661
AT3G12670,3.354105583,3.682919309,8.430349841,10.52451241,0.331774005,0.697944685,0.624185373,0.728844317,0.397860782,0.349937286,-0.185167305
AT3G12680,1.694307301,1.234581063,2.89324949,4.15677924,0.805266124,0.302390126,-0.115351371,0.987703677,0.585607051,0.297004241,-0.979449392
AT3G12740,16.03824811,43.70900546,52.47932665,142.3244686,1.601781048,2.80465E-34,1.37500344,4.90645E-09,0.305610783,0.307108158,0.007051391
AT3G12780,215.2880754,154.270656,684.5816267,631.5184223,-0.074361309,0.674711352,-0.32754286,0.11801139,0.314481235,0.244285282,-0.364406988
AT3G12800,4.218048894,3.325898713,18.18751252,17.51452632,-0.188511747,0.870223384,-0.102059594,0.987703677,0.231920054,0.189893729,-0.288435315
AT3G12930,5.384485534,3.663319556,18.24477081,8.543294865,-0.712177779,0.077756195,-0.524436605,0.796900776,0.295124866,0.4287947,0.538961593
AT3G12980,2.224988097,1.792275503,2.733271105,3.545038293,0.219253632,0.91429777,-0.19634829,0.957926244,0.814038568,0.50557296,-0.687177845
AT3G13040,4.9828007,3.019437639,18.6777961,13.99542179,-0.18023268,0.841562073,-0.112584672,0.986150942,0.266776694,0.215744669,-0.306307727
AT3G13050,3.120843735,7.624188682,8.89074608,22.44744257,1.351804523,3.72022E-05,1.158123457,0.063469007,0.35102158,0.339646205,-0.047526991
AT3G13062,11.68181518,8.899541278,11.68204528,15.60516763,0.538236529,0.352689396,-0.013777391,0.996883172,0.999980304,0.5702945,-0.810192559
AT3G13070,2.99467934,2.578356321,6.69208683,8.676786749,0.428006293,0.807871917,-0.197285177,0.964026953,0.447495589,0.297155663,-0.590654587
AT3G13080,3.249917946,5.42734302,5.174121119,5.994134807,0.283854139,0.68474835,0.780906018,0.169570945,0.628110141,0.905442269,0.527605096
AT3G13110,12.14101586,8.707754158,22.40559489,20.84703919,0.032056777,0.978097258,-0.29395836,0.906973926,0.541874292,0.417697404,-0.375500024
AT3G13120,57.26930978,59.76713529,252.3805899,224.9773947,-0.104514642,0.74093476,0.271140552,0.694972648,0.226916459,0.265658403,0.227411088
AT3G13235,3.260066811,1.409630777,8.812845422,5.854926619,0.194243305,0.874760581,-0.664196882,0.784808883,0.36992216,0.240759768,-0.619627392
AT3G13300,5.677598024,3.688427423,7.611081637,7.075220155,0.07317835,0.937988427,-0.57827237,0.441523036,0.745964673,0.521316276,-0.516948406
AT3G13310,5.255809788,2.951778187,33.9594194,33.96880007,-0.041636024,0.981376755,-0.384992351,0.944643059,0.154767363,0.086896746,-0.832727214
AT3G13320,2.85967041,2.8672845,9.331551497,5.280619778,-0.404988277,0.708706386,-0.176507842,0.973843233,0.306451763,0.54298257,0.825245883
AT3G13330,4.590691257,5.270412659,7.485836909,6.876667269,-0.001191859,0.998866977,0.274905152,0.841911044,0.613250237,0.766419612,0.321658593
AT3G13360,1.840833261,1.453177849,4.408056679,3.270412459,0.065411006,0.98467125,-0.468138409,0.912852834,0.417606532,0.444340849,0.0895225
AT3G13410,13.03482146,13.50502704,39.38624447,31.66515448,-0.180210903,0.697063737,0.20420064,0.935505558,0.330948575,0.426494905,0.365921449
AT3G13430,4.228951083,5.099029501,10.25629077,25.55365242,1.190513395,0.000179861,0.458823543,0.879698359,0.412327534,0.199542101,-1.047097631
AT3G13450,4.026308499,3.389904582,8.721684192,14.32233091,0.398895954,0.49710241,-0.134679934,0.978459479,0.461643464,0.236686654,-0.9638007
AT3G13460,18.72367478,12.45901564,54.98476194,62.17689997,0.16229841,0.560924995,-0.452413375,0.404289332,0.340524795,0.200380136,-0.765020354
AT3G13470,5.671454812,2.79397291,13.42840226,8.250817431,-0.661269328,0.315278835,-0.948605742,0.192434541,0.4223477,0.338629831,-0.318722126
AT3G13490,4.880793467,2.247668017,10.42749785,7.668492929,-0.247406213,0.838982095,-0.730842284,0.598051705,0.468069477,0.293104269,-0.675308708
AT3G13520,7.194934841,15.92410184,199.8775298,111.9212111,-0.602657428,0.019945968,0.494891142,0.908380112,0.035996717,0.14227957,1.982791291
AT3G13530,3.570639033,2.808791855,4.370061557,3.860344197,-0.149803453,0.850964103,-0.281381244,0.901612329,0.817068361,0.727601403,-0.167308462
AT3G13580,3.306168534,4.866841964,22.61782796,19.58426561,0.021492238,0.989261203,0.592051508,0.861446701,0.146175333,0.248507759,0.765591021
AT3G13670,4.606409119,3.93704421,11.71789261,9.563717715,-0.393280059,0.351238992,-0.151859207,0.970346925,0.393109006,0.411664619,0.066540044
AT3G13720,13.80241537,8.979030846,46.51032423,35.7344713,-0.446851845,0.292173458,-0.492492411,0.844904665,0.296760248,0.251270846,-0.240054561
AT3G13740,5.823822736,4.929349602,23.31691674,7.899290578,-0.741389113,0.092867187,0.005899108,0.998984146,0.249768132,0.624024342,1.321012892
AT3G13750,88.24941157,100.631247,154.1353102,120.1071,-0.278526465,0.000271687,0.319500606,0.023161558,0.572545068,0.837845948,0.549295745
AT3G13772,1.946774814,3.308693522,7.84310276,4.348237838,-1.002099224,0.039772229,0.364299329,0.920224397,0.248214881,0.760927448,1.616169296
AT3G13790,6.878669075,8.066212163,15.09190177,18.17103089,0.417756021,0.151727409,0.237822541,0.93175614,0.455785439,0.443905038,-0.038103752
AT3G13800,2.592364865,1.627053279,3.438188406,6.205114556,0.75154434,0.483782994,-0.450840325,0.922062997,0.753991509,0.262211642,-1.523816534
AT3G13870,6.097800197,5.805782955,9.888427749,8.499620762,-0.385565328,0.390499862,-0.111881471,0.97421589,0.616660237,0.683063764,0.147544439
AT3G13920,77.48367597,64.49477859,185.1476086,215.1411634,0.15454054,0.639181473,-0.175244272,0.793908256,0.418496769,0.299778887,-0.481317702
AT3G13930,5.763821578,4.829162192,16.1806849,14.10470845,-0.113647025,0.92932035,-0.160362477,0.970346925,0.356216168,0.342379441,-0.057156927
AT3G13990,4.045758404,2.581777397,6.208071289,7.000203826,0.143237928,0.92794566,-0.69050947,0.585486469,0.65169329,0.368814603,-0.82129736
AT3G14010,3.672732384,2.408477757,8.298821373,11.70373778,0.392115722,0.435628393,-0.126912781,0.981413902,0.442560723,0.205787057,-1.104723169
AT3G14050,46.17494165,81.16861328,81.18585663,182.3810398,1.232733457,2.28102E-53,0.879372318,1.07661E-08,0.568755982,0.445049624,-0.353843605
AT3G14067,27.27795061,19.259376,45.31741125,41.5053606,-0.092740376,0.916061117,-0.264829817,0.679302642,0.60193091,0.464021411,-0.375406527
AT3G14075,2.614953712,4.015058653,6.187308551,10.12536009,0.616900204,0.351023295,0.401020414,0.901612329,0.422631859,0.3965349,-0.091953676
AT3G14090,5.225902841,5.863405161,8.601339183,14.48818751,0.984362149,0.000128983,0.147832025,0.97421589,0.607568511,0.404702462,-0.586185473
AT3G14100,5.777482038,5.715148299,16.65161453,16.89387285,-0.035874369,0.983840685,0.164839017,0.971959027,0.346962274,0.338297106,-0.036487966
AT3G14110,10.67437263,7.054469128,43.48192796,49.72302568,0.280123683,0.374115134,-0.329461946,0.913758882,0.245489865,0.141875299,-0.791040033
AT3G14205,3.697394169,3.629862856,8.188997714,2.280584413,-1.085466521,0.115859466,0.066274364,0.989001094,0.451507535,1.591637142,1.817689502
AT3G14210,91.50861303,78.48536942,255.0670592,203.2483369,-0.180611827,0.105770453,-0.090194454,0.936826375,0.35876296,0.386155039,0.10614925
AT3G14230,11.82154694,7.2368757,38.38900743,29.69826305,-0.253932401,0.642273214,-0.466994741,0.746977286,0.307940938,0.2436801,-0.337665235
AT3G14240,8.920552757,5.366019278,14.05737815,9.280733111,-0.437937339,0.647892022,-0.668874503,0.343332056,0.634581546,0.57818916,-0.134264007
AT3G14270,2.601313991,3.474784095,4.549113467,4.777933358,0.194296883,0.835335576,0.403249574,0.812854533,0.571828777,0.72725671,0.346881477
AT3G14290,3.853898128,2.075931448,9.868028453,8.285652173,-0.105740111,0.956311975,-0.720511503,0.823006316,0.390543881,0.250545329,-0.640413016
AT3G14310,28.21928172,27.66802541,45.22088761,37.27285783,-0.148684678,0.832807417,0.01231384,0.996883172,0.624032017,0.742310277,0.250402291
AT3G14350,12.74859851,9.479058997,25.59029696,14.96247926,-0.702847933,0.001531186,-0.252893435,0.878842945,0.498180952,0.633521947,0.346724738
AT3G14415,109.9077275,82.03221055,294.7884482,275.6013218,-0.10684749,0.5800939,-0.088515847,0.916509151,0.372835938,0.297648103,-0.32493323
AT3G14420,205.111539,169.8795584,549.8387973,531.5166402,-0.061564362,0.677743846,-0.176034367,0.466227634,0.373039407,0.319612869,-0.223002543
AT3G14600,11.21165349,10.10395099,40.71173294,47.78083553,0.262764603,0.611609118,-0.333628582,0.92462256,0.275391212,0.21146451,-0.381066964
AT3G14660,4.095800679,3.443132997,7.314390746,5.021882964,-0.825947179,0.17008709,-0.332129247,0.908380112,0.559964708,0.685625894,0.292085693
AT3G14690,3.107791202,3.024701841,8.959494756,8.471708597,-0.133851202,0.955568816,0.047737875,0.992589008,0.346871256,0.357035633,0.04166777
AT3G14720,3.580426887,2.120101162,5.646165257,3.65457719,-0.211600168,0.852774466,-0.568718238,0.782479952,0.634134271,0.580122146,-0.128431652
AT3G14770,9.785542364,7.34419556,25.39381485,11.61857758,-0.655388605,0.155875092,-0.3625023,0.891379841,0.38535141,0.632107976,0.713996349
AT3G14790,6.035007225,3.823372275,8.332288374,10.82735379,0.49954424,0.316524366,-0.264851226,0.922062997,0.72429169,0.35312158,-1.036405834
AT3G14810,3.062581323,1.317631844,3.306696589,1.869175652,-0.696963903,0.343340592,-1.119158823,0.268778783,0.926175487,0.704926711,-0.393812301
AT3G14840,2.873929845,8.664442083,10.91649863,29.88603312,1.291258552,0.077250627,0.507631775,0.906973926,0.263264802,0.289916097,0.139120793
AT3G14870,3.41420955,5.7182115,9.74794699,7.394066104,-0.241015301,0.866266634,0.680344908,0.711985386,0.350249089,0.773351417,1.142742838
AT3G14930,18.53105428,10.39692544,44.29230923,20.99565647,-0.839528161,1.17405E-06,-0.466743736,0.602258064,0.418380857,0.495194111,0.243177315
AT3G14940,2.469514874,2.412779042,4.901721422,5.823971801,0.278791366,0.786311537,0.139775862,0.97690286,0.503805635,0.414284122,-0.282246732
AT3G14990,9.67079766,13.25857962,37.33487409,57.4592003,0.75085098,7.57925E-07,0.748050725,0.231554572,0.259028533,0.230747723,-0.166794615
AT3G15000,8.761086153,7.137237698,26.31905883,20.43415925,-0.282575572,0.790782594,-0.206507176,0.953728363,0.332879918,0.349279733,0.069381095
AT3G15030,4.429934862,2.484203303,11.35364156,14.20985942,0.172318333,0.818540526,-0.666839694,0.755915679,0.390177446,0.174822511,-1.15823942
AT3G15060,7.30087975,9.632867781,23.27524834,24.98093976,0.281505997,0.591967925,0.397292966,0.906973926,0.313675697,0.385608703,0.297863856
AT3G15070,4.253950067,1.76319357,6.638814685,6.639520152,0.060923625,0.974983219,-1.012943953,0.503717319,0.640769515,0.265560391,-1.27076553
AT3G15110,4.776481487,7.063891401,22.75984556,30.8067689,0.431424224,0.706088633,0.410733363,0.915554809,0.209864407,0.229296731,0.127758282
AT3G15190,56.63205123,43.64826398,259.0777511,180.3268104,-0.448738003,0.00038162,0.002698782,0.998984146,0.218590948,0.242050885,0.147076707
AT3G15210,50.39878591,47.36482801,230.1062774,396.6737889,0.882537949,1.15598E-13,0.278057717,0.685652346,0.21902395,0.119404985,-0.875225564
AT3G15260,5.191759742,6.982568264,12.06470596,9.330626098,-0.229905143,0.904348301,0.478172593,0.889332759,0.430326256,0.748349381,0.798281109
AT3G15350,4.552471009,4.417684268,9.640008706,8.584496174,0.30500538,0.730949137,0.130638338,0.980313733,0.472247603,0.514611944,0.123941468
AT3G15353,170.3222086,128.7520402,1835.713961,2099.390582,0.241034947,0.075771502,-0.282260811,0.755324829,0.092782543,0.061328293,-0.597300592
AT3G15354,5.131461537,3.332935487,10.67482616,6.002657384,-0.762234969,0.392341311,-0.36418102,0.896539194,0.480706801,0.555243332,0.207962947
AT3G15356,49.62872499,142.2708241,189.1909271,489.9068426,1.511198977,4.6884E-109,1.433812967,2.16332E-21,0.262320851,0.290403831,0.146728001
AT3G15360,63.97969957,53.14484662,338.9575521,304.7585276,-0.086209414,0.711636028,-0.335532741,0.69286726,0.188754312,0.17438346,-0.114246391
AT3G15450,177.7417175,138.0042989,715.8515308,574.8162615,-0.234545701,0.002468708,-0.291601177,0.383584368,0.248294108,0.240084194,-0.048509602
AT3G15480,8.395747762,11.75249265,31.81759386,24.92346991,-0.441282907,0.468875716,0.614624154,0.721999568,0.263871234,0.471543196,0.83755585
AT3G15500,5.891232592,7.301242493,16.29511156,22.79622716,0.533240831,0.368380412,0.846398946,0.358319015,0.361533738,0.320282933,-0.174783362
AT3G15520,9.837641234,13.42459927,24.56926479,26.22824504,0.191954371,0.832160537,0.431278209,0.735155717,0.40040438,0.511837496,0.354228085
AT3G15530,12.99012634,7.535489953,27.50354781,24.96165024,-0.202291333,0.708528969,-0.290642802,0.906973926,0.472307298,0.301882683,-0.645737824
AT3G15610,2.90819828,1.338761469,5.539717703,3.996119914,0.310590821,0.803605686,0.122196296,0.987703677,0.524972288,0.335015339,-0.648014116
AT3G15630,22.66837892,18.20041954,245.5248779,150.8986925,-0.530904875,0.064712506,-0.243887427,0.919796702,0.0923262,0.120613501,0.385579391
AT3G15640,8.656839796,6.616019665,47.15201091,63.15870067,0.383722327,0.179310763,0.088027574,0.987703677,0.183594286,0.104752308,-0.809539131
AT3G15660,3.602083408,4.85488002,13.41388134,20.646315,0.489970306,0.492217209,0.582333369,0.876460377,0.268534015,0.23514511,-0.191553509
AT3G15690,8.23462962,12.46411365,23.41468108,16.13344152,-0.043665738,0.981376755,0.589215769,0.654617086,0.351686602,0.772563847,1.135363794
AT3G15710,3.881744032,4.344167562,13.07004927,9.563067932,0.114419214,0.955342697,-0.039985862,0.993889967,0.296995363,0.454265053,0.613093914
AT3G15730,38.51439552,34.13714037,87.45693015,66.40621585,-0.252796098,0.356764519,-0.102879858,0.927958111,0.440381288,0.514065437,0.223198848
AT3G15810,12.587857,11.69015154,54.98568973,51.4572915,0.013949688,0.991366964,0.033662048,0.993235243,0.228929692,0.227181634,-0.011058384
AT3G15840,16.65129052,22.43477853,94.67764393,79.50413374,-0.192170735,0.543576351,0.47858973,0.721276521,0.17587352,0.282183799,0.682096879
AT3G15850,42.76142486,29.46213285,126.5210815,129.4023293,0.095907963,0.907027316,-0.489120904,0.243602829,0.337978654,0.227678536,-0.569933845
AT3G15880,5.663374177,5.225471888,7.724957823,6.695391204,-0.02917132,0.98467125,-0.125536598,0.970346925,0.733126874,0.780458039,0.090258178
AT3G15970,1.605699748,1.527942082,3.090171267,2.874504777,0.253985719,0.885725753,-0.01308918,0.997971886,0.519615131,0.531549676,0.032761082
AT3G15980,3.994963016,3.475275083,5.111854391,4.049540697,-0.299984424,0.839877405,-0.221656737,0.949450398,0.781509548,0.858189939,0.135033488
AT3G16000,12.02075823,10.61571307,22.40559355,13.64682884,-0.553253027,0.232317401,-0.135049461,0.956206514,0.53650702,0.777888636,0.535966581
AT3G16060,2.891313155,2.598622002,5.733821424,6.173233224,0.040602294,0.981376755,-0.024916805,0.996883172,0.504255878,0.420949915,-0.260507405
AT3G16080,6.52037947,8.852006305,75.93991918,89.76390299,0.313611761,0.902775503,0.324677837,0.953813161,0.085862344,0.098614321,0.199771608
AT3G16140,211.9092094,189.1040026,1115.39931,1322.829965,0.331492248,1.97782E-07,0.041639914,0.977375972,0.189985064,0.142954127,-0.410333735
AT3G16220,4.231945284,2.11267172,8.620090032,15.35398417,0.722183263,0.306576961,-0.874178718,0.658186115,0.490939801,0.137597623,-1.835090588
AT3G16240,385.7523481,311.8115853,1346.607205,1371.819244,0.081452026,0.824582091,-0.218022137,0.431036917,0.286462412,0.227297865,-0.333761716
AT3G16250,7.848512937,8.198798118,47.04292085,40.50728285,-0.177622237,0.883421889,-0.065079991,0.991004798,0.16683728,0.202403063,0.278789429
AT3G16260,2.40036593,1.965387937,2.993122654,2.886850301,0.030359857,0.989721267,-0.233211234,0.957926244,0.80196043,0.680807015,-0.23628515
AT3G16270,5.262299486,4.969987984,7.779388473,10.69345343,0.521634356,0.272917986,0.093707586,0.985025614,0.676441279,0.464769218,-0.54145018
AT3G16290,3.965311193,2.219909048,5.768775608,3.336416756,-0.566965431,0.460948828,-0.674182987,0.687577765,0.687374837,0.665357241,-0.046967884
AT3G16350,3.603627603,2.537824472,8.606125123,7.120526423,-0.195938305,0.865868378,-0.638720322,0.804946008,0.418728237,0.35640967,-0.232477731
AT3G16370,79.60577797,67.24187558,142.2362565,127.5745908,-0.078871753,0.839877405,-0.204246517,0.76437457,0.559672899,0.527078905,-0.086564937
AT3G16480,4.957832808,3.59660198,8.737246061,6.884094058,-0.401705245,0.782154576,-0.204191187,0.96168669,0.567436555,0.522451023,-0.119163297
AT3G16510,7.018135203,12.44170611,10.8154456,44.26831264,1.997267513,4.09563E-13,0.838665521,0.282434517,0.648899312,0.281052188,-1.207156591
AT3G16520,19.17490063,9.195015425,41.01221528,26.90167104,-0.499424915,0.012588983,-0.980445584,0.098528049,0.467541207,0.341800902,-0.45193732
AT3G16530,32.40067517,94.90980767,96.52491514,347.6856335,2.058677927,1.68E-167,1.84857827,3.80724E-25,0.335671626,0.272975926,-0.298276868
AT3G16570,14.98187703,10.87982049,58.99749295,68.82893365,0.5882142,0.06252597,-0.080662799,0.987703677,0.25394091,0.15807045,-0.683925142
AT3G16630,8.062347776,8.554938616,13.20387373,14.97719924,0.263279021,0.602266342,0.180687866,0.941714442,0.610604731,0.57119749,-0.096249128
AT3G16640,80.44418276,87.25139258,541.3691833,572.1414106,0.168203745,0.439979775,0.031061863,0.987703677,0.148593945,0.152499698,0.037431059
AT3G16670,8.526635849,18.60541742,64.38009598,64.99692173,0.220991267,0.713551125,1.001833299,0.312154344,0.132442111,0.286250747,1.111917543
AT3G16720,5.208634592,22.44375445,16.46006369,81.65375087,2.324235271,1.49972E-38,2.070569757,1.95576E-11,0.316440731,0.274864954,-0.203212342
AT3G16760,2.900365732,2.559856224,13.65817294,10.28284886,-0.344141488,0.736183132,-0.326060218,0.936826375,0.212353859,0.248944262,0.229352437
AT3G16770,4.065390516,2.501341478,32.97993196,22.82320362,-0.092429638,0.916490981,-1.105688517,0.362573924,0.123268614,0.109596423,-0.169604808
AT3G16780,5.963341726,7.320320143,20.04135542,19.00659063,-0.121814183,0.913683319,0.311944919,0.937980091,0.297551817,0.38514641,0.372266048
AT3G16830,6.427770597,5.022638369,9.032207407,12.25819117,0.513372855,0.037201341,-0.267969966,0.898851552,0.711650022,0.409737318,-0.796468626
AT3G16840,2.280190401,1.443089528,2.584315139,3.606720659,0.579328773,0.50160811,-0.248337281,0.96219347,0.88231902,0.400111255,-1.140899175
AT3G16850,4.591296713,6.215529608,22.92121356,23.96781159,0.229377926,0.693600941,0.405416676,0.908380112,0.20030775,0.259328207,0.372560896
AT3G16857,3.993411769,2.133610908,10.59951375,6.467487584,-0.593539911,0.098676288,-0.391969498,0.915554809,0.376754242,0.329897952,-0.191603935
AT3G16860,9.742439553,22.76508255,13.70532044,37.02564678,1.538882638,5.5766E-16,1.099289746,0.000134609,0.710850914,0.614846317,-0.209321168
AT3G16910,3.578759442,6.130874838,9.833436965,15.8612914,0.975608658,0.013036565,0.753897132,0.575746887,0.363937803,0.386530622,0.086890801
AT3G16940,2.182450493,3.544419128,5.885036967,4.744907039,-0.282462296,0.786855874,0.700998824,0.570541547,0.370847372,0.74699443,1.01027194
AT3G16950,3.650366383,2.73045679,5.863959434,4.692438403,-0.066772943,0.972848672,-0.362913771,0.916562482,0.622508806,0.581884418,-0.097361631
AT3G17020,8.873280919,8.062637902,38.65463202,46.61121394,0.188205239,0.822593302,0.060742878,0.991004798,0.229552849,0.172976355,-0.408251495
AT3G17040,7.382405764,6.449618196,16.6513194,10.50485131,-0.398382897,0.739798775,-0.081707922,0.987459256,0.443352601,0.613965682,0.469703477
AT3G17090,2.842205569,2.989529881,11.7721652,10.77572252,0.035817615,0.983280974,0.077074173,0.991004798,0.241434394,0.277431966,0.200502812
AT3G17205,3.225225655,5.514587347,6.009635621,5.383349116,0.035248336,0.980638389,0.846089197,0.332407228,0.536675742,1.024378547,0.932626362
AT3G17240,3.072310049,3.246387999,15.72936042,11.1518767,-0.361741321,0.569763706,0.242957911,0.9676473,0.195323266,0.291106877,0.575685115
AT3G17330,4.485549835,4.41015948,8.193510961,12.14577376,0.561951732,0.375527738,0.271653942,0.932776132,0.547451496,0.36310239,-0.592354723
AT3G17390,122.9386409,110.1132402,340.6997577,394.3795756,0.320373528,0.005623552,-0.052762079,0.964811001,0.360841586,0.279206244,-0.370034407
AT3G17410,9.604168613,15.04191253,33.56984883,73.31372002,1.162653018,1.23505E-09,0.692450544,0.283537328,0.286095081,0.205171863,-0.479661796
AT3G17440,1.521755878,3.452875388,7.379614706,3.961505236,-1.023820382,0.074368368,0.84178298,0.751606844,0.206210749,0.871606923,2.079558116
AT3G17510,4.320528956,5.64212304,12.86618668,16.27243343,0.515718432,0.170864817,0.689986529,0.652615479,0.335804933,0.346728906,0.046184692
AT3G17609,6.770689245,3.9509238,27.33748156,27.97843035,-0.033448209,0.989721267,-0.303467115,0.95845772,0.247670556,0.141213204,-0.810547368
AT3G17650,5.523670118,7.216691444,14.97161193,7.763571702,-0.750857834,0.146008666,0.288950242,0.905313311,0.368942913,0.929558162,1.333147534
AT3G17700,2.354029687,10.7377397,4.608741419,27.71710465,2.534607135,2.4343E-26,2.247592234,2.90235E-11,0.510774954,0.387404811,-0.398845913
AT3G17750,2.084254422,2.194683877,3.724438365,2.839767101,-0.124318636,0.932395763,0.357943466,0.906973926,0.559615764,0.772839391,0.465732026
AT3G17770,4.775088328,4.924113051,13.76796112,17.09265491,0.416372168,0.152939742,0.274142301,0.906973926,0.346826105,0.28808357,-0.267725108
AT3G17780,2.967796715,3.281165561,15.36544454,26.05716045,0.568364053,0.51706976,0.366307564,0.946445691,0.193147469,0.125921839,-0.617174255
AT3G17800,57.03222059,47.66485327,178.2654595,119.441184,-0.504150469,0.000642905,-0.079078822,0.953728363,0.31992861,0.399065479,0.318875472
AT3G17810,9.962714285,8.039171393,21.75846109,24.43944795,0.33558501,0.31452634,-0.243345344,0.936826375,0.457877708,0.32894243,-0.477127215
AT3G17820,2.09251071,1.360370167,2.162596315,4.72782443,0.78282034,0.554484424,-0.579417363,0.890531664,0.967591915,0.287737031,-1.749647808
AT3G17850,4.929583821,5.1907854,7.303431712,5.62999202,-0.38158289,0.421696153,0.11431507,0.970346925,0.674968154,0.921988056,0.449928626
AT3G17860,4.860956846,3.206844748,20.14861071,16.82393632,-0.40999067,0.660114282,-0.140051295,0.977375972,0.241255187,0.190612036,-0.339920744
AT3G17920,2.218046096,3.113895042,3.589306822,5.5402541,0.613411348,0.22990452,0.442417437,0.86876,0.617959457,0.562049138,-0.136815924
AT3G17930,5.243038257,4.821176488,24.31586615,24.16091641,-0.413607975,0.811861051,0.09300494,0.988906775,0.215622106,0.199544438,-0.111795023
AT3G17970,3.108275429,2.841543619,6.372513,5.665734837,-0.185289615,0.864141849,-0.1482938,0.979422389,0.487762901,0.501531346,0.040159841
AT3G18035,4.889320096,4.203103076,17.6842631,9.788440014,-0.83878485,0.044655727,-0.063043806,0.989950827,0.276478588,0.429394579,0.635136221
AT3G18040,3.268294437,2.349599688,9.161516808,9.096140663,-0.166738165,0.948769329,-0.068741481,0.99028252,0.35674163,0.258307317,-0.46579107
AT3G18050,9.448397638,7.852025558,15.90953929,22.94488437,0.272170073,0.883739504,-0.125573684,0.98134829,0.593882542,0.34221247,-0.795285291
AT3G18060,9.242744005,6.111487291,13.73740379,18.85363111,0.384746517,0.54488933,-0.319148134,0.869605019,0.672815922,0.32415439,-1.053530737
AT3G18080,2.355201046,2.344726164,4.26450067,2.224477666,-0.511975289,0.727841389,0.031045027,0.996883172,0.552280613,1.054056959,0.932479439
AT3G18130,7.721726219,4.655997105,22.29288472,21.61359054,0.117520601,0.93547689,-0.795428559,0.538203091,0.346376268,0.215419881,-0.685188686
AT3G18140,3.132240503,7.111604061,16.82156226,11.64312993,-0.480298676,0.317483927,0.889562931,0.536641217,0.1862039,0.610798308,1.713812772
AT3G18190,4.801796369,2.637055135,10.65134135,11.72527853,0.159453984,0.898625843,-0.504192413,0.811572355,0.450816119,0.224903411,-1.00323356
AT3G18290,8.134859089,10.5149858,12.39014007,12.72103098,0.088639185,0.881080612,0.413039496,0.735155717,0.65655909,0.826582832,0.33223454
AT3G18370,4.690100382,8.482825441,9.471908652,16.3672438,0.667911999,0.25291994,0.863841548,0.171773562,0.495158954,0.518280631,0.06584175
AT3G18390,11.15603485,9.591134563,16.85445513,12.33111728,-0.396621368,0.093847021,-0.187236022,0.920224397,0.661904212,0.777799314,0.23277551
AT3G18440,2.711633114,2.016839571,4.262230476,5.003880567,0.462948108,0.81191187,-0.310311362,0.952744437,0.636200489,0.403055098,-0.658504413
AT3G18490,33.39939534,19.30718395,47.89969239,57.63504411,0.367098195,0.027979285,-0.649130286,0.087193561,0.697277867,0.334990356,-1.057614125
AT3G18520,3.020804341,2.371888073,3.799243398,4.478380653,-0.11953257,0.953880993,-0.144627122,0.978293689,0.795106821,0.529630743,-0.586161829
AT3G18535,4.943244731,5.375942133,4.582466744,5.420986551,-0.349751015,0.857511431,0.100928528,0.987703677,1.078730083,0.991690734,-0.121371741
AT3G18560,2.810224243,8.756675994,13.56010636,33.10724852,1.307135651,0.001293419,1.314510684,0.248399545,0.20724205,0.264494224,0.351919454
AT3G18680,4.66781154,6.379174008,16.4386114,16.60636023,0.263416622,0.758966982,0.286715073,0.945986157,0.283954126,0.384140409,0.435975856
AT3G18690,6.237056093,18.06177641,21.97994204,106.8971971,2.379930917,8.72652E-43,1.609278609,0.002811867,0.283761262,0.168963985,-0.747961886
AT3G18740,16.09238933,9.1348812,131.2459431,97.12599353,-0.367261268,0.350273725,-0.304723983,0.927958111,0.122612471,0.094051869,-0.382577203
AT3G18773,3.384263529,3.488043661,7.978663882,7.930326564,0.167420613,0.95445,-0.284427074,0.958977185,0.424164193,0.439836069,0.05234308
AT3G18780,81.08628005,71.71823057,349.5630344,379.9289513,0.230796534,0.212922193,-0.053976609,0.971959027,0.231964688,0.18876748,-0.297294955
AT3G18820,7.559708298,4.754422589,29.33876642,22.02598554,-0.473206259,0.492217209,-0.217301924,0.95845772,0.257669603,0.215855158,-0.255458787
AT3G18830,3.06786113,5.401557592,17.13207456,14.95951697,0.027537222,0.982356477,0.85193152,0.569415295,0.179071199,0.361078342,1.011778572
AT3G18860,3.480729327,3.216514546,6.000493683,4.68262027,-0.296409505,0.760102422,-0.027112329,0.996057284,0.580073826,0.686904844,0.243873735
AT3G18890,20.02285038,18.26373116,42.19795569,33.44230093,-0.190906962,0.423935217,-0.071991783,0.978408005,0.474498114,0.546126632,0.202833159
AT3G18980,5.860642667,2.445328742,20.27167181,16.21949539,-0.111523468,0.876616658,-0.877226975,0.524291232,0.289105049,0.150764785,-0.939294311
AT3G18990,1.781571027,1.262469986,5.995767702,3.044131352,-0.695315983,0.548747102,-1.014615423,0.601983213,0.297138101,0.414722573,0.481012966
AT3G19010,25.89262052,65.32091808,70.44274854,237.544716,1.842082855,4.92287E-51,1.524860262,4.93301E-08,0.367569708,0.274983671,-0.418671925
AT3G19030,20.81115702,39.71755467,188.4216913,412.3494613,1.114915011,0.000128983,0.735214042,0.40958386,0.1104499,0.096320132,-0.197482838
AT3G19130,18.45807242,17.09575055,28.18879062,43.98205768,0.545960723,0.175682441,0.105065884,0.969931478,0.654801856,0.388698289,-0.752407656
AT3G19170,23.30481627,20.85746801,43.75489762,42.4759297,0.073682632,0.900005789,-0.100283659,0.936826375,0.53262189,0.49104206,-0.117265121
AT3G19190,4.016141667,2.815117778,4.282315549,5.645110214,0.370698794,0.445460018,-0.465445512,0.675203124,0.937843468,0.498682518,-0.911225519
AT3G19240,10.16298294,10.91183126,19.12267604,13.06925714,-0.204976972,0.742492135,0.182170975,0.931991587,0.531462381,0.834923602,0.651676617
AT3G19260,2.119179227,2.216815034,4.910813075,8.633498105,0.75194898,0.298361192,-0.163517682,0.984337283,0.43153327,0.256769042,-0.749000525
AT3G19340,3.23916472,3.922063245,8.312426209,6.649701629,-0.214780477,0.863700295,0.281418952,0.943661442,0.38967741,0.58981041,0.597970985
AT3G19420,4.543984966,5.466879762,14.56560232,12.88355906,-0.14298129,0.844747327,0.389176193,0.871450789,0.311966843,0.424329934,0.443793754
AT3G19450,16.52118899,17.22141518,62.69388272,67.73155557,0.171921445,0.57868007,0.103455619,0.971910818,0.263521547,0.25425985,-0.051617265
AT3G19480,6.097901491,6.018212857,16.95874362,16.9695452,0.039410742,0.981376755,0.054679704,0.991004798,0.359572715,0.354647858,-0.019896318
AT3G19490,2.62259283,2.208484833,5.87308655,6.103180118,0.109595088,0.967018989,-0.170956626,0.977375972,0.446544216,0.361858046,-0.303379184
AT3G19553,2.295004424,9.02466584,15.28649648,25.0005151,0.822072554,0.002603886,1.79892255,0.005871988,0.150132794,0.360979196,1.265676551
AT3G19580,4.587550802,14.52364801,11.15797705,34.31644108,1.544466137,2.65158E-06,1.732208358,0.000973023,0.411145388,0.423227105,0.04178338
AT3G19680,7.268147555,5.361886669,29.1985949,17.89901001,-0.591918809,0.19709926,-0.260339809,0.933860181,0.248921141,0.299563309,0.267172168
AT3G19710,3.733353487,3.32517323,10.77353584,14.1552051,0.456083651,0.435963245,0.28845653,0.941363014,0.346530011,0.234908163,-0.560883451
AT3G19720,9.261516352,9.825155247,23.67720979,23.20152788,-0.007305218,0.994871386,0.012795776,0.996883172,0.391157422,0.423470183,0.114511049
AT3G19760,9.335468251,6.972830698,22.82932271,20.21960101,-0.30758773,0.536672845,-0.038229179,0.991579971,0.408924451,0.344855009,-0.245844405
AT3G19800,7.968190294,4.831350424,33.32939446,35.88113587,0.415977799,0.505672135,-0.703491696,0.749215808,0.239073959,0.134648759,-0.82825606
AT3G19810,2.733818837,4.47307043,8.819268556,6.136209071,-0.234796484,0.833711758,0.751198248,0.740843633,0.309982491,0.728963172,1.233659201
AT3G19820,16.82213241,14.55388817,31.78628294,27.66987935,-0.023913846,0.981376755,-0.121999102,0.964026953,0.529226158,0.525983073,-0.008868001
AT3G19850,2.790829993,2.600095303,4.167748869,3.819232564,0.11629351,0.955465313,0.012900886,0.997778221,0.669625278,0.680789991,0.023855838
AT3G19870,1.896869605,2.370723566,6.283055398,3.751365748,-0.595521318,0.481646366,0.23978294,0.957926244,0.301902416,0.63196279,1.065757313
AT3G19900,2.835058608,3.376490817,11.83160926,6.34897973,-0.020297406,0.991366964,0.168715468,0.981413902,0.239617329,0.531816286,1.150195711
AT3G19910,3.880505993,3.947773241,13.03837419,13.05621731,0.324880776,0.704530207,-0.025237891,0.996883172,0.297621923,0.302367305,0.022821351
AT3G19930,28.92854439,28.34099272,64.66846173,61.95757693,-0.013200944,0.987503385,0.112579116,0.950970119,0.447336207,0.457425776,0.032178131
AT3G19950,2.452288084,2.542884469,8.529056445,6.892576129,-0.211738268,0.92932035,0.166830476,0.982744851,0.287521615,0.368930922,0.359680297
AT3G19970,6.258337374,14.41670599,15.50832085,48.17931808,1.724484879,2.43487E-18,1.081737195,0.029734301,0.403547066,0.299230179,-0.431481257
AT3G20000,4.3621139,1.800393476,8.044568866,7.704192544,0.099621603,0.957919572,-0.150668762,0.979577318,0.542243341,0.233690093,-1.214343854
AT3G20050,5.731412309,3.477827873,15.49433121,14.76004442,-0.076121097,0.92539105,-0.023074887,0.996875712,0.369903821,0.235624486,-0.650660733
AT3G20060,9.090093017,10.04197151,35.86546832,23.67940901,-0.584021728,0.238112598,0.53505866,0.785777025,0.253449723,0.424080327,0.742637968
AT3G20230,6.274024811,4.440530927,34.65505023,25.20672994,-0.14877918,0.866039986,-0.357546406,0.936826375,0.18104215,0.176164498,-0.039402414
AT3G20290,3.461747762,4.738230728,8.102221084,10.25499741,0.279149837,0.833097811,0.160435829,0.971910818,0.427259109,0.462041143,0.112910074
AT3G20300,4.576632974,3.352733377,7.985376196,11.30896683,0.403005972,0.681738719,-0.135468175,0.982744851,0.573126783,0.296466815,-0.950983692
AT3G20310,8.542566338,4.49794728,49.52507047,61.34447277,0.432349248,0.205445421,-0.651673318,0.69357343,0.172489736,0.07332278,-1.234177128
AT3G20320,4.011958495,3.974019921,15.60548058,22.94720654,0.67916482,0.034741593,0.051481153,0.993235243,0.257086507,0.173180989,-0.569973328
AT3G20330,1.308090879,1.906631131,4.615410636,10.58946548,0.840942665,0.34197256,0.551415567,0.896539194,0.283418093,0.180049799,-0.65453587
AT3G20390,17.40002502,13.61477679,93.33656319,121.2619477,0.515845228,0.010718995,0.471358372,0.625930048,0.186422388,0.112275756,-0.731528699
AT3G20410,5.84593908,19.78093531,11.58000198,38.84921803,1.737674317,1.1525E-21,1.652245858,1.56678E-08,0.504830577,0.509172033,0.012353883
AT3G20500,9.261838176,10.16373738,23.23754033,22.52100739,0.08025714,0.931194938,0.169699837,0.968936277,0.398572226,0.451300299,0.179246554
AT3G20510,18.17200574,38.26301082,20.90152527,106.7975285,2.035638077,5.80114E-14,1.428818398,0.003489125,0.86941051,0.358276183,-1.278965396
AT3G20570,3.348090365,5.469438034,13.93230441,12.87598537,0.045391857,0.98467125,0.452961231,0.915554809,0.240311313,0.424778211,0.821805199
AT3G20600,3.523262838,11.16542969,13.3262196,30.25164308,1.185801883,1.45997E-05,1.199504648,0.221890493,0.264385771,0.369085066,0.481308833
AT3G20630,1.713268101,1.781764019,6.29817482,5.078981046,-0.20847678,0.876321818,0.06050481,0.992589008,0.272026127,0.350811315,0.36695006
AT3G20770,14.73340307,13.93569214,33.20979226,25.54652868,-0.069579703,0.937734607,-0.044688042,0.987703677,0.443646349,0.545502378,0.298175391
AT3G20820,14.13480513,9.374573365,25.40618111,19.871129,-0.209100838,0.808203855,-0.552169871,0.61650008,0.556353002,0.471768532,-0.237921362
AT3G20870,2.584271511,1.705922519,5.867426107,9.794627872,0.268701798,0.890915466,-0.039313323,0.996057284,0.44044381,0.174169202,-1.338468442
AT3G21055,348.474886,276.1639385,2525.053697,2715.713311,0.134974098,0.455194616,0.111191978,0.899651201,0.138006921,0.101691124,-0.440546861
AT3G21070,13.01864094,60.44324011,30.53992653,146.9900742,2.317647852,1.1451E-118,2.167852311,1.33773E-31,0.426282654,0.41120627,-0.05194809
AT3G21110,2.024493161,2.075162365,4.830253275,7.594012935,0.341730319,0.774339263,0.477959329,0.906973926,0.419127745,0.273262948,-0.617100167
AT3G21200,16.39032149,15.24170117,26.92565691,18.4397826,-0.468201936,0.292056111,-0.053754422,0.989950827,0.608725037,0.826566208,0.441339679
AT3G21220,2.581565615,2.539003181,13.30688087,15.17346032,0.231581258,0.719837286,0.184818799,0.979050203,0.194002309,0.16733185,-0.213361752
AT3G21630,3.98104949,10.59211863,8.159875636,19.27280892,1.242519048,5.04395E-05,1.301108152,0.006497024,0.487881148,0.549588733,0.17182269
AT3G21670,8.141747751,10.16800576,15.01432903,17.94010517,0.386178661,0.559876274,0.383622166,0.834237431,0.542265174,0.566775148,0.063777981
AT3G21690,9.648379644,5.30885796,12.39749844,11.1523204,-0.098821775,0.956311975,-0.782541313,0.464754435,0.778252136,0.476031693,-0.709180004
AT3G21760,1.787026158,1.771324093,6.405022405,3.351875777,-0.821065399,0.277328838,-0.034091215,0.996883172,0.279003889,0.52845756,0.921502383
AT3G21780,2.071800209,3.798883802,2.808592854,8.361043543,1.734667411,0.000749478,0.570043374,0.863857279,0.737664844,0.454355223,-0.699144818
AT3G21790,2.219885846,3.589050004,4.74109457,3.757894344,-0.182655633,0.93198509,0.643059841,0.789698208,0.468222224,0.955069429,1.028412199
AT3G21865,5.418436285,4.55877053,15.61528716,12.28188344,-0.44779267,0.579742014,0.202800798,0.968916847,0.346995622,0.371178456,0.097195513
AT3G22060,23.8561175,61.31819004,109.7837873,266.0348512,1.332289531,4.8918E-23,1.485034694,2.34047E-08,0.217300916,0.230489313,0.085005605
AT3G22110,21.37483932,16.6590131,55.69393896,40.74230746,-0.367912794,0.491417729,-0.322076936,0.871450789,0.383791122,0.408887325,0.091382002
AT3G22120,29.33712125,20.3372151,51.06494556,48.05936449,0.054943549,0.949184126,-0.354914257,0.652150167,0.574506071,0.423168623,-0.44108948
AT3G22142,4.819009553,3.134833003,3.839380067,2.799592843,-0.197154854,0.908492735,-0.786882021,0.176240474,1.255153037,1.119746041,-0.164691713
AT3G22170,4.525562987,3.831919622,6.4658821,8.294825183,0.424699069,0.607248859,0.047112918,0.991004798,0.699914245,0.461965085,-0.599394352
AT3G22200,6.501124851,7.04873173,16.39982703,21.16506644,0.469265759,0.213270732,0.15042312,0.969223621,0.396414233,0.333036126,-0.251330081
AT3G22230,12.8569058,10.67329985,101.2418304,75.25887037,-0.352638512,0.37253081,-0.30758099,0.943207839,0.126992032,0.141821154,0.159334759
AT3G22231,27.07543384,10.59219412,140.1402654,88.2586657,-0.377653778,0.252265643,-1.344984613,0.00726061,0.193202387,0.120013078,-0.686921295
AT3G22270,3.115680846,1.760657761,6.950062706,6.739203472,0.005342397,0.998015115,-0.448725073,0.871450789,0.448295358,0.261256062,-0.778985046
AT3G22290,4.387509728,4.202594602,9.678148305,4.448284734,-1.006049693,0.19443028,0.18308943,0.973429971,0.453341857,0.944767445,1.05935988
AT3G22320,3.616432901,3.110474016,16.02463251,9.250392041,-0.394888056,0.590182277,-0.032812748,0.996883172,0.225679615,0.33625321,0.575271928
AT3G22370,6.788332062,18.4315027,20.47661354,55.53749859,1.439227479,0.000227882,1.163931845,0.002887018,0.331516344,0.331874916,0.001559594
AT3G22380,17.69750334,9.915826926,22.75032079,13.73776752,-0.588436949,7.40578E-05,-0.768019126,0.004544134,0.777901266,0.721793181,-0.10800154
AT3G22420,3.276975264,3.656980118,6.583750008,1.770439213,-1.323381152,0.017726859,0.272960959,0.944643059,0.497736892,2.065577904,2.053090246
AT3G22440,8.440234379,7.157072057,27.95301453,36.48474627,0.502615904,0.08284261,-0.093071025,0.982744851,0.301943619,0.196166146,-0.622203103
AT3G22630,2.709478945,4.631811323,25.9903401,23.31369509,-0.06948625,0.972097878,0.042892412,0.994887233,0.104249461,0.198673411,0.930358881
AT3G22680,2.505831796,6.151992455,13.413251,7.99352059,-0.63794584,0.610098954,0.429595156,0.927873246,0.186817633,0.769622394,2.042520151
AT3G22750,1.208495165,1.936062269,3.267032883,5.478183289,0.363505027,0.824582091,0.761388498,0.786434957,0.36990603,0.353413197,-0.065802908
AT3G22845,4.377622555,5.523804278,17.23712279,15.3381998,-0.299100941,0.882723349,-0.129803981,0.984477763,0.253964807,0.360133807,0.503904447
AT3G22890,72.43434579,73.08047568,205.1310405,312.4147338,0.68952484,3.47693E-24,0.056536072,0.971959027,0.353112555,0.233921348,-0.594104587
AT3G22950,9.105389887,8.733574303,18.54928551,19.21516989,0.324127908,0.74093476,0.213030024,0.967951052,0.490875505,0.45451455,-0.111030696
AT3G22960,16.09152927,13.75675971,45.09068553,40.26119288,-0.129968001,0.777074368,-0.008980047,0.996883172,0.356870362,0.341687832,-0.062721219
AT3G22980,1.855980373,1.249034177,2.05048994,2.744012537,0.388094593,0.802876234,-0.490808188,0.881484854,0.905139955,0.455185303,-0.991686908
AT3G22990,1.721411078,2.01728586,5.991458746,7.39365835,0.227722181,0.892972006,0.319185633,0.953728363,0.287310846,0.272840016,-0.074557203
AT3G23000,6.135465334,4.607744582,24.47538507,20.47433013,-0.102796435,0.916510717,-0.016940328,0.996883172,0.250679011,0.225049833,-0.155596713
AT3G23030,13.84293987,26.3754366,58.1768232,87.77918656,0.612750359,9.15644E-05,0.715324137,0.288162175,0.237945957,0.300474835,0.336610228
AT3G23050,23.73883701,23.12142371,67.29237467,63.64040389,0.180791152,0.562995401,0.167860244,0.939410539,0.352771575,0.363313592,0.042481019
AT3G23080,6.304087949,2.658060578,14.5573505,8.008513432,-1.049813443,0.017592128,-0.681077802,0.742487354,0.433051876,0.331904367,-0.383772249
AT3G23230,4.228547476,21.97538307,16.96822377,158.3831676,3.267727351,1.53357E-62,1.864650618,0.01421755,0.249203896,0.138748223,-0.84485733
AT3G23250,3.292472302,16.01141713,7.793767577,46.76017909,2.304100424,7.9953E-10,2.767757773,7.33801E-17,0.422449383,0.34241565,-0.303029847
AT3G23280,4.838106943,7.945483459,12.92366201,11.82210039,0.048122386,0.991087403,0.842361377,0.347301053,0.374360374,0.672087294,0.844220895
AT3G23300,2.881923558,2.40707418,6.265442257,2.881596732,-1.036741955,0.132652911,0.1638643,0.970346925,0.45997129,0.835326523,0.860796431
AT3G23310,1.938916869,2.040128911,6.325496423,5.07641482,-0.32666377,0.862348251,-0.135192252,0.982744851,0.306524064,0.401883806,0.390778109
AT3G23390,15.56228843,10.10514104,62.73036078,36.85162457,-0.688595064,0.033277614,-0.448299456,0.893289199,0.24808224,0.274211548,0.144470873
AT3G23400,31.45018837,30.44285892,154.692453,126.2991472,-0.13594591,0.751891252,-0.055998869,0.986063809,0.203307839,0.241037723,0.245593108
AT3G23490,12.21455544,6.180954998,41.1338038,29.41052771,-0.41190633,0.729594053,-0.252260885,0.957161107,0.296946898,0.210161309,-0.498707871
AT3G23530,5.290429556,6.020126043,6.19170143,7.200084839,0.086085745,0.937624419,-0.11713406,0.970346925,0.854438738,0.836118765,-0.031269175
AT3G23550,6.052070825,13.27871351,13.95237734,24.22522711,0.922279118,0.007273968,1.128320564,0.004874177,0.433766281,0.54813577,0.337615376
AT3G23590,4.940245906,3.226874144,7.890152413,3.765192036,-0.981970447,0.001544888,-0.688303461,0.333995349,0.62612807,0.857027772,0.452884175
AT3G23600,8.421458617,10.17143995,34.27305155,37.67537335,0.207355073,0.699078505,0.207512942,0.95807376,0.245716627,0.269975824,0.135834737
AT3G23620,2.265513162,2.177574601,9.016814857,4.110520528,-0.950146818,0.294423179,-0.569536625,0.884952175,0.251254262,0.529756411,1.076181073
AT3G23640,2.398975839,2.543978787,5.567797037,3.910424005,-0.375865722,0.514163036,0.072607058,0.988076608,0.430866252,0.650563413,0.594449588
AT3G23690,2.591300652,2.481971052,4.859873491,5.810606623,0.294275878,0.83713758,0.164928656,0.980146033,0.533203314,0.427144912,-0.319960152
AT3G23700,17.03988647,22.65920077,48.78574272,46.11507698,0.011770791,0.992146229,0.422836988,0.565100576,0.349280046,0.491362093,0.492402338
AT3G23750,12.47172775,9.440856699,17.41304145,16.13532265,0.051534857,0.949753939,-0.401463116,0.640807688,0.716229143,0.585104922,-0.291725869
AT3G23805,2.305837132,2.654845293,15.65681336,9.917455921,-0.640513996,0.586645579,0.017478465,NA,0.147273719,0.267694186,0.862085803
AT3G23810,20.33324728,12.66957658,52.90011286,44.48541934,-0.202848605,0.388469033,-0.579059681,0.314698285,0.384370584,0.284802903,-0.432534078
AT3G23820,51.31066747,30.91534982,144.5647002,97.46264773,-0.526712516,3.03373E-05,-0.495521486,0.0560234,0.354932203,0.317202031,-0.162141465
AT3G23900,3.534439605,2.090955067,5.485042149,4.233867356,-0.204301552,0.849179297,-0.562734986,0.762937016,0.644377839,0.493864094,-0.383792794
AT3G23920,45.07804083,41.06968728,105.7971634,101.5597804,-0.000711237,0.998866977,-0.071862421,0.964026953,0.426079862,0.404389288,-0.075379086
AT3G23940,2.921967935,5.422859021,8.617030513,5.565571337,-0.314811417,0.669472127,0.776776359,0.525653921,0.339092212,0.974358012,1.522774315
AT3G24040,2.633896615,3.687467883,6.508578416,6.784727798,-0.060257662,0.981376755,0.517163033,0.875322749,0.404680784,0.543495331,0.425483298
AT3G24050,6.654341237,10.44518243,33.01563911,47.74992723,0.543934539,0.04443149,0.566976672,0.767121696,0.201551187,0.218747609,0.118120974
AT3G24160,17.89222702,15.83404847,32.92121036,38.690264,0.177242005,0.612249394,-0.062502447,0.987121396,0.543486306,0.409251497,-0.409255991
AT3G24170,10.07400284,12.47701788,25.14053454,15.85352868,-0.514635351,0.099438263,0.252964976,0.901612329,0.400707583,0.787018343,0.973847449
AT3G24180,8.214714603,6.772246042,12.32505896,14.08979341,0.215513144,0.738029668,-0.298228062,0.831990072,0.666505096,0.480649066,-0.471631976
AT3G24190,16.03367619,11.88509672,35.80255742,27.91478496,-0.307317299,0.12687491,-0.379801652,0.648739801,0.447836058,0.425763506,-0.072918397
AT3G24200,2.198476608,1.808171446,6.236826065,4.879226867,-0.389524401,0.770385435,-0.214526684,0.970346925,0.352499266,0.370585647,0.072186754
AT3G24350,4.508872032,4.105604918,18.99062357,6.263299984,-1.47117344,0.000179861,0.038271894,0.993889967,0.237426223,0.655501881,1.465120633
AT3G24420,13.56393666,17.0332071,48.45043546,49.44130751,0.020029831,0.991477585,0.327278875,0.899651201,0.279954897,0.344513686,0.299366881
AT3G24430,9.738004597,10.09209348,41.61509684,37.34218096,-0.143020574,0.850964103,0.060896612,0.988076608,0.234001729,0.270259884,0.207828193
AT3G24480,29.80929678,21.85317698,23.54066214,21.38556786,-0.135520893,0.857511431,-0.446414734,0.434524017,1.266289648,1.02186564,-0.309401926
AT3G24503,8.85558643,10.57784593,17.87765552,22.82770326,0.470574015,0.338407906,0.222304476,0.936826375,0.495343834,0.463377582,-0.096242046
AT3G24520,1.764973407,2.313433315,6.46542635,3.569021811,-0.695252484,0.531934724,0.262987423,0.969732935,0.272986391,0.648198144,1.247605858
AT3G24530,5.591843162,5.981989726,11.06683301,13.83016168,0.207486965,0.815936721,0.179876084,0.964026953,0.505279438,0.432532161,-0.224274061
AT3G24550,22.21505167,23.22819007,38.55163013,43.50431693,0.317039302,0.054982269,0.158922877,0.926930596,0.576241565,0.533928394,-0.110027454
AT3G24570,4.471744714,4.448925268,11.51126034,23.11205062,0.904969534,0.137117742,-0.255819408,0.961585417,0.388466995,0.192493749,-1.012980434
AT3G24830,16.86001823,13.95539393,88.41100653,86.041592,-0.015166591,0.988352156,0.107944472,0.977375972,0.190700444,0.162193581,-0.23359148
AT3G25070,3.797845987,3.431828229,11.71948275,14.09468201,0.525783587,0.697063737,0.450496162,0.906973926,0.324062595,0.243483906,-0.41244609
AT3G25140,6.775777064,5.746442015,20.17831118,15.90006861,-0.180634851,0.728026115,-0.239536137,0.943661442,0.335795053,0.361409888,0.106055004
AT3G25150,2.613953098,1.625335931,6.015248613,4.057886705,-0.540470686,0.487030677,-0.641060803,0.796413879,0.434554458,0.400537533,-0.117599544
AT3G25230,4.446652216,3.134333539,5.623292804,4.154723323,-0.413372743,0.685251906,-0.500989949,0.836533171,0.790755945,0.75440247,-0.067898097
AT3G25470,5.065127665,7.154607488,20.88210897,9.992012775,-0.860630744,0.176943057,0.403792599,0.901612329,0.242558243,0.71603266,1.561694185
AT3G25480,2.619688459,3.247464496,11.20499612,5.644724344,-0.660199338,0.253211348,0.085372016,0.988909536,0.233796463,0.575309669,1.299085614
AT3G25500,4.709157752,4.104254714,6.488492884,5.893358418,-0.06740034,0.95445,-0.16421794,0.95807376,0.725770658,0.696420347,-0.059555378
AT3G25520,18.39719287,14.28320456,78.62506669,83.6809639,-0.061312578,0.905164439,-0.080236858,0.97421589,0.233986356,0.170686425,-0.455076087
AT3G25530,6.755775894,7.472516699,40.45816945,26.7455765,-0.337220321,0.330522751,0.036820345,0.993235243,0.166981749,0.27939262,0.742603489
AT3G25570,3.192738074,2.186656057,6.324156723,6.2640972,-0.223235049,0.886566202,-0.375328998,0.936826375,0.504848032,0.349077606,-0.532301366
AT3G25585,1.907611112,2.181342378,5.864079474,6.562337441,0.075385358,0.970907841,-0.113422801,0.987703677,0.325304444,0.332403263,0.031144014
AT3G25600,4.141096636,13.15847332,23.11583915,64.40808935,1.358777405,0.000896714,1.613215968,0.027388564,0.179145417,0.204298458,0.189547179
AT3G25610,3.733092409,16.72043703,8.766354563,32.89360476,1.955824409,1.02711E-55,2.138239414,1.70858E-17,0.425843192,0.50831878,0.255411246
AT3G25660,7.189043854,5.534236954,30.46484763,27.73154529,0.074603135,0.951490821,-0.257932911,0.920224397,0.23597833,0.19956468,-0.241797974
AT3G25690,33.70023461,29.57523026,69.52832623,58.32479942,-0.218322193,0.05423073,-0.158773572,0.841911044,0.484697913,0.507078131,0.065122185
AT3G25740,1.434485316,2.122545146,3.200105458,6.449427504,0.862067706,0.356837202,0.327067401,0.957926244,0.448261888,0.329105978,-0.445789613
AT3G25760,30.66645704,48.78578737,138.3870782,186.9040407,0.464705865,0.001604033,0.654161478,0.118657607,0.221599137,0.261020507,0.236210893
AT3G25770,36.64257922,20.1279669,109.3999871,74.55374063,-0.443100392,0.107864617,-0.677077917,0.18165401,0.334941349,0.269979303,-0.311059678
AT3G25780,19.10799289,41.66260313,59.80390563,120.4311362,1.04126641,8.12372E-11,1.489821716,2.99842E-08,0.319510786,0.345945446,0.114679916
AT3G25800,3.803063534,3.361283296,10.27738112,12.22871938,0.225143597,0.843780853,-0.128862602,0.980146033,0.370042085,0.274867972,-0.428950545
AT3G25860,11.18450655,9.215194389,29.10360917,25.38927143,-0.222068006,0.660114282,-0.214862056,0.922491402,0.384299641,0.362956236,-0.082436026
AT3G25920,85.11044779,68.68941311,246.5536841,178.4518292,-0.424475426,0.000334859,-0.193711983,0.855093314,0.345200471,0.384918515,0.157118637
AT3G26000,2.915210112,5.499155898,8.792721439,15.72563851,0.698493297,0.247729408,0.645247218,0.645349961,0.331548103,0.349693648,0.076873391
AT3G26020,4.146073837,7.760241699,8.604031475,15.07357269,0.925749562,0.003771281,0.963288276,0.175245577,0.481875717,0.514824312,0.095419084
AT3G26030,7.595462533,4.064234839,20.27989204,12.55361009,-0.688042828,0.029461494,-0.543481972,0.694972648,0.374531705,0.323750284,-0.210206389
AT3G26060,55.94303,41.12289831,176.1875701,167.9238195,-0.051805092,0.914979914,-0.38615726,0.547448623,0.317519732,0.244890203,-0.374711187
AT3G26070,10.81865813,11.38653315,48.35830035,70.8855787,0.265719562,0.268788426,0.105332796,0.982876393,0.223718742,0.160632577,-0.477921621
AT3G26080,1.921243746,2.778354477,11.83390958,29.67948572,0.828819871,0.348099248,0.39505475,0.936826375,0.16235072,0.093611948,-0.794349202
AT3G26100,3.428660671,1.81958359,4.737893381,2.742750456,-0.611345185,0.551966815,-0.747115602,0.744977645,0.723667756,0.663415655,-0.125414435
AT3G26200,3.311707405,2.110916362,3.966519597,6.569276766,0.871742322,0.098703118,-0.302489402,0.943661442,0.834915175,0.321331623,-1.377566667
AT3G26210,2.06731183,2.519509495,4.487712312,5.437623569,0.565731889,0.592134703,0.191795964,0.97690286,0.460660507,0.463347538,0.008390787
AT3G26400,2.00139018,1.778349326,3.369914804,3.893439648,0.157827146,0.953880993,-0.026570845,0.996883172,0.593899341,0.456755334,-0.378796855
AT3G26420,14.13948357,9.916553794,39.94499856,44.22415515,NA,NA,NA,NA,0.353973816,0.224233878,-0.658638386
AT3G26500,2.35212781,5.481309558,3.468038802,22.04466567,2.763599933,7.21099E-21,1.288313717,0.115811432,0.678229958,0.24864562,-1.447683494
AT3G26520,283.2167625,217.8121963,1072.830499,964.7360895,-0.110044623,0.39629661,-0.446175684,0.016589998,0.263990223,0.225773866,-0.225606001
AT3G26560,3.323674329,2.130564868,5.309907595,4.308183294,-0.074001719,0.9709843,-0.291772465,0.92462256,0.625938262,0.494539049,-0.339935926
AT3G26570,60.78193635,49.32099815,128.1286904,111.3380256,-0.107998203,0.534782377,-0.265636219,0.498532498,0.474381937,0.442984307,-0.098793485
AT3G26580,8.796197197,10.83064706,18.26466593,23.57035664,0.418746854,0.511547455,0.297912336,0.927958111,0.481596391,0.459502893,-0.067750637
AT3G26618,2.519407383,1.043580703,4.615238591,5.740982163,0.044086167,0.989208264,-0.270083528,0.961585417,0.545888871,0.181777381,-1.58643459
AT3G26650,524.9183721,430.2146165,1607.2848,1337.319371,-0.151347199,0.028392412,-0.213937806,0.214190572,0.326587032,0.321699234,-0.021755006
AT3G26670,2.694892167,2.945054079,5.337062127,4.691947911,0.043086253,0.983034817,-0.14592281,0.982876393,0.504939254,0.627682603,0.313925388
AT3G26710,8.089594925,10.49684964,39.01529523,29.05021154,-0.381487098,0.641903162,0.539921594,0.786434957,0.207344194,0.361334706,0.801308185
AT3G26720,2.593947945,3.333902563,3.329184573,4.296440484,0.355182823,0.822774047,0.43809418,0.83889341,0.779154141,0.77596852,-0.005910641
AT3G26730,7.855262712,6.473963714,15.55431663,17.6616524,0.245828598,0.68971385,-0.288013415,0.889246564,0.505021397,0.366554814,-0.46231556
AT3G26740,8.214688698,8.600882637,64.01962395,74.71325423,0.381020429,0.238166882,0.271075905,0.949357573,0.128315166,0.115118565,-0.156571184
AT3G26744,3.718169589,3.129245083,7.800765176,6.804916636,0.166757137,0.897215974,-0.155271434,0.977375972,0.476641651,0.459850612,-0.051739763
AT3G26780,2.517943294,2.8714436,10.21594053,9.7330725,-0.129524776,0.960313888,0.251979663,0.963703963,0.246472,0.295019235,0.259385257
AT3G26810,3.975507099,1.876112657,6.520132666,5.472647444,-0.481272575,0.729490525,-0.929432727,0.490260891,0.609727946,0.342816283,-0.830730034
AT3G26900,5.83152239,5.809176035,35.42571234,34.14022111,0.093347717,0.95038564,-0.334447286,0.929043955,0.164612707,0.170156368,0.047785444
AT3G26910,6.075501639,9.230564669,14.59066838,42.02976593,1.559581296,3.2844E-20,0.737830624,0.252221458,0.41639639,0.219619702,-0.922950077
AT3G26950,1.904668212,2.521118651,9.310883049,2.995350932,-1.419078514,0.025782141,0.108630134,0.987703677,0.204563649,0.841677222,2.040717274
AT3G26980,15.62421256,13.45240616,66.03561947,147.1252689,0.989325735,8.71644E-10,0.266184351,0.939410539,0.236602801,0.091435049,-1.371647963
AT3G27020,6.735349511,7.040719669,14.23926863,13.97396727,0.007653927,0.996592681,0.037503714,0.991758891,0.473012322,0.503845439,0.09110347
AT3G27050,7.727599132,4.714980429,21.07106387,10.01989542,-1.067428582,0.249110098,-0.574710066,0.871161675,0.366739866,0.470561841,0.359627233
AT3G27090,28.55554267,43.10404154,65.76730043,81.22176639,0.265141265,0.334088834,0.561778208,0.222186516,0.434190585,0.530695692,0.289556394
AT3G27160,50.83722794,40.94491099,118.8505315,125.3119745,0.00308679,0.996823316,-0.261853957,0.897280897,0.427740855,0.326743802,-0.38857714
AT3G27170,5.396568419,1.579046317,7.631272701,3.985566745,-0.835330292,0.047130123,-1.580671866,0.014757226,0.707164929,0.396191161,-0.835850032
AT3G27180,1.353613708,2.407248346,4.330022714,2.776155464,-0.440913753,0.751390171,0.546969787,0.896539194,0.312611226,0.867115829,1.471855134
AT3G27210,4.20858927,2.927799879,15.54086698,13.86631949,-0.084524633,0.972678506,-0.370913637,0.93175614,0.270807882,0.211144701,-0.35903769
AT3G27240,8.613353203,13.56669977,42.05316983,41.70365118,0.116919976,0.751390171,0.224823763,0.920692272,0.204820546,0.325312038,0.667463769
AT3G27260,3.924436508,5.663378605,7.147153965,7.296953105,0.191124997,0.911839887,0.522405927,0.694972648,0.549090803,0.776129231,0.499252146
AT3G27380,4.089332389,4.925358089,17.93375042,13.97590292,-0.115795512,0.919052567,0.246813677,0.966506055,0.228024384,0.352417881,0.628099016
AT3G27390,2.965395269,1.984383867,4.819251237,4.546312106,-0.051843139,0.983396337,-0.498495351,0.889332759,0.615322822,0.436482103,-0.495421002
AT3G27430,7.08542642,7.111173965,18.62308105,17.75534332,0.195785348,0.831880297,-0.123273261,0.978174374,0.380464779,0.400508953,0.074071588
AT3G27530,2.838490333,2.388849699,3.950298713,7.056430205,0.651622805,0.306967647,-0.199715722,0.964026953,0.718550808,0.338535156,-1.085784511
AT3G27560,2.275439837,5.651344861,4.929538924,10.52530832,1.004962677,0.157015943,1.150061839,0.32185367,0.461592833,0.536929151,0.21811091
AT3G27670,1.751195584,1.553059553,2.091109194,1.660008625,-0.19295991,0.845795752,-0.171960606,0.970346925,0.837448178,0.935573183,0.159850592
AT3G27690,457.7728026,372.9817344,1550.843261,1417.453387,-0.060771384,0.796172437,-0.184017807,0.543327996,0.295176704,0.263135097,-0.165775179
AT3G27740,8.331136931,6.739122199,16.52800615,12.31891787,-0.363555045,0.741246049,-0.329034638,0.906973926,0.504061824,0.547054723,0.118084461
AT3G27770,11.38930432,9.095556563,39.00401603,22.22411762,-0.589673161,0.422315237,-0.125004572,0.98470705,0.292003375,0.409265138,0.487050736
AT3G27820,9.326374765,8.949496168,24.92573899,27.68426943,0.105652891,0.95038564,-0.094166554,0.982744851,0.37416643,0.323270086,-0.210940111
AT3G27830,21.40851393,21.15251602,214.0252088,184.8970301,-0.165891147,0.436279247,0.082655454,0.978661922,0.100028002,0.1144016,0.193703304
AT3G27850,26.97499592,23.1506134,179.7845781,175.9933195,0.050236147,0.886566202,-0.163690011,0.943661442,0.150040655,0.131542569,-0.189823716
AT3G27890,4.457306258,4.732722736,26.58028315,23.92704202,-0.047565992,0.972678506,-0.132230781,0.987121396,0.167692204,0.19779807,0.238212733
AT3G27925,21.84261664,15.76059571,55.16859596,46.5130261,-0.072666277,0.90200603,-0.454226227,0.647181691,0.395924824,0.338842622,-0.224611168
AT3G28040,4.905882309,4.78368694,9.451447516,5.319733361,-0.674540573,0.038320503,0.080446042,0.987703677,0.519061477,0.899234344,0.792791717
AT3G28180,15.65119895,20.28672493,32.59470714,38.16283209,0.26933634,0.344298152,0.36822944,0.66574825,0.480176088,0.531583319,0.146732272
AT3G28200,7.587620748,5.945842962,19.54045581,11.61568205,-0.573548586,0.124896173,0.145277228,0.977375972,0.38830316,0.511880657,0.398624041
AT3G28220,3.281089492,4.471027101,18.45317846,12.26507244,-0.443765395,0.750623528,0.435945524,0.899651201,0.177806197,0.364533281,1.035744926
AT3G28270,7.963745333,7.059983741,16.51076759,10.10174345,-0.293255548,0.801517302,-0.092794133,0.987703677,0.482336469,0.69888765,0.535020659
AT3G28340,7.824791516,25.67879805,17.30812776,44.36587898,1.383924159,1.89576E-10,1.714956516,2.97873E-06,0.452087691,0.578796107,0.35645258
AT3G28430,1.609433075,2.008675993,2.241677577,2.685917388,0.088549806,0.972472329,0.073562908,0.989950827,0.717959215,0.747854719,0.058856141
AT3G28450,3.985484064,9.971824537,9.652501749,11.61074138,0.409432113,0.372943148,1.161545768,0.013017465,0.412896487,0.858844773,1.056617258
AT3G28460,2.834687835,2.265175448,10.46353621,2.814165183,-1.113006016,0.261925878,0.09197528,0.989462947,0.270911074,0.80491915,1.571024511
AT3G28715,3.53342774,3.316550503,6.499401096,13.10819548,0.042395042,0.988083363,-0.001911007,0.999363834,0.543654359,0.253013507,-1.103475315
AT3G28720,1.777204931,1.755900325,2.723350397,1.723883462,-0.555613722,0.699078505,-0.049566398,0.993235243,0.652580341,1.018572522,0.642321271
AT3G28860,10.04565512,17.0230281,12.89397854,17.75909549,0.615452373,0.000184836,0.755918775,0.002262391,0.779096622,0.958552653,0.299055421
AT3G28930,3.797434485,7.100668642,12.46734901,16.70397945,0.254701541,0.844501797,0.736059659,0.687525564,0.304590373,0.425088445,0.480892698
AT3G28940,10.47496055,16.56250783,61.45536016,79.85655583,0.577862521,0.005979577,0.120862029,0.977375972,0.170448282,0.207403233,0.283104323
AT3G29000,3.926208998,41.6137717,7.136284841,61.9501137,2.944461378,8.35158E-11,3.099232438,4.99713E-13,0.550175488,0.671730352,0.287990353
AT3G29075,6.382530263,3.683776276,14.20369479,10.54495762,-0.37068795,0.805429942,-0.270488954,0.952358219,0.449357041,0.349340074,-0.363230059
AT3G29160,3.931036531,3.015230009,11.38663872,12.81984731,-0.047766949,0.970907841,-0.139927303,0.978408005,0.345232393,0.23520015,-0.553678857
AT3G29185,3.802597544,5.164008276,16.38675865,14.66376047,-0.116525661,0.95445,0.380826086,0.922062997,0.232053063,0.352161254,0.601781445
AT3G29200,4.224140165,3.9636133,11.88632793,10.64810119,-0.058017351,0.981304994,-0.171096161,0.97690286,0.35537806,0.37223663,0.066865413
AT3G29240,35.24044289,26.73776906,129.6376703,119.9051575,0.019934802,0.967018989,-0.279087227,0.834237431,0.271837984,0.222990984,-0.285761677
AT3G29320,5.126904307,5.800797768,6.270789393,5.047037624,-0.214381593,0.778887704,0.188727594,0.944612982,0.817585153,1.149347043,0.491373579
AT3G29360,25.14262637,26.40781046,65.5293588,68.17968305,0.196225024,0.648203804,0.209263531,0.831678637,0.383684914,0.387326683,0.013628851
AT3G29400,4.76311492,5.179743355,6.120984046,14.69225065,1.243082617,0.000612533,0.119393665,0.982876393,0.77816163,0.352549346,-1.14224464
AT3G30390,22.43926484,23.73796387,49.78255463,51.5724387,0.104372409,0.840319859,0.111547303,0.96219347,0.450745547,0.460283913,0.03021078
AT3G30775,119.7098984,73.9091952,452.5131662,277.4911131,-0.597206089,5.45548E-12,-0.632191565,1.03675E-05,0.264544564,0.266347972,0.009801521
AT3G32930,5.086411622,4.786968304,30.71498652,23.4165522,-0.393493575,0.323362874,0.261123716,0.95807376,0.165600321,0.204426692,0.303878113
AT3G33530,3.610191396,2.751476835,7.243425409,6.404110505,-0.03232727,0.975009112,-0.355415223,0.86876,0.498409412,0.429642311,-0.214195236
AT3G42050,20.68096345,20.5296318,52.82661816,46.98858979,-0.055781648,0.931860502,0.055348541,0.985607912,0.391487552,0.436906745,0.15835894
AT3G42170,3.602375706,3.539434699,8.593636987,6.528727877,-0.363479473,0.603934382,0.403550171,0.871161675,0.419191049,0.542132367,0.371037231
AT3G42790,3.828287106,5.764451293,21.81593156,22.44112688,0.204123482,0.737740389,0.174914264,0.973510542,0.175481258,0.256869957,0.549721214
AT3G43220,2.904900656,2.549977921,5.76960595,4.652722198,-0.046101735,0.975009112,-0.11224431,0.982876393,0.503483372,0.548061503,0.122393669
AT3G43300,4.743183102,5.988344868,9.514996524,6.769180895,-0.283438093,0.770385435,0.356450767,0.802581424,0.498495516,0.884648373,0.827523605
AT3G43520,7.662346155,7.635273818,35.12517947,20.27978847,-0.466402395,0.241348867,-0.05617107,0.991579971,0.218143972,0.376496719,0.787356686
AT3G43540,8.628015144,9.047152649,25.28899746,18.68676214,-0.481444461,0.114565933,0.321343015,0.906973926,0.341176638,0.484147686,0.504928335
AT3G43610,2.872826387,2.079511868,2.507378457,3.110562946,0.318711933,0.87055444,-0.353136692,0.906973926,1.145749011,0.668532322,-0.777221823
AT3G43720,11.82622327,12.9766327,79.94860556,63.39788475,-0.304556513,0.640343768,0.120944894,0.985025614,0.147922821,0.204685578,0.468564813
AT3G43810,7.245702767,6.726566033,28.92403686,32.44031422,-0.138295323,0.932676259,-0.047079688,0.992735144,0.250508005,0.207352062,-0.272774313
AT3G44010,5.154690721,5.820473648,53.73496664,41.18404081,-0.532931752,0.208552868,-0.291017729,0.953728363,0.095928053,0.141328377,0.559026492
AT3G44100,9.717382024,7.067084281,18.75445064,14.84740543,0.053702471,0.975009112,-0.190845451,0.971959027,0.518137386,0.475981094,-0.122430412
AT3G44110,15.05226309,15.25132589,55.239083,33.20436246,-0.476927947,0.031948613,-0.183265402,0.929043955,0.272492994,0.459316932,0.753270831
AT3G44190,5.069471028,5.103554194,17.71674094,15.0692916,-0.332267867,0.465701978,0.262677279,0.936826375,0.286140157,0.338672469,0.243168736
AT3G44200,2.317229744,2.297869793,4.451550812,6.19600615,0.594458072,0.178081093,-0.240914357,0.945159624,0.520544377,0.370863059,-0.48913459
AT3G44260,20.43760358,48.43208085,61.82395623,127.5516858,1.135298127,3.87855E-15,1.138533294,0.00073248,0.330577414,0.379705533,0.199892863
AT3G44310,26.07449175,23.69677559,80.38995953,68.83926954,-0.202095414,0.590182277,0.089888143,0.970346925,0.324350104,0.344233397,0.085835169
AT3G44330,2.447051764,1.315038944,7.99924101,5.113778804,-0.236068002,0.823831823,-0.708997592,0.779495479,0.305910493,0.257156008,-0.250465734
AT3G44340,4.004714367,4.442548862,7.609552398,8.085790514,0.033358911,0.973750932,0.237361886,0.922062997,0.526274629,0.549426658,0.062111065
AT3G44430,4.783032658,3.88572221,11.44203576,15.46147471,-0.052830611,0.982095317,-0.105324151,0.988329964,0.418022873,0.251316403,-0.734077047
AT3G44480,3.774675694,4.430740303,4.998940115,8.099411758,0.419382043,0.091290118,0.158423132,0.949357573,0.755095202,0.547044703,-0.464999817
AT3G44600,2.464391032,2.150745842,3.756579339,4.481111768,0.084469813,0.975637162,-0.050537028,0.993235243,0.656019961,0.479958089,-0.45083128
AT3G44610,3.512501409,3.450344719,3.716750851,10.37617912,1.484844591,0.022799563,-0.011790387,0.997778221,0.945046238,0.332525555,-1.506919701
AT3G44620,9.819655289,8.529590925,19.24197348,12.6223826,0.034299945,0.981376755,-0.306475988,0.916302539,0.510324749,0.675751258,0.405076683
AT3G44630,5.560326657,9.498059095,11.42783069,17.0665445,0.697701441,0.00030695,0.883152617,0.000548107,0.486560119,0.556530884,0.193843677
AT3G44720,9.222360606,27.13192295,29.02598385,138.1197625,2.351947389,2.3992E-62,1.565048211,3.20273E-08,0.317727752,0.19643766,-0.693719567
AT3G44860,10.86089451,24.98036765,38.85004488,77.73148429,0.790026503,1.86817E-05,1.153476652,2.796E-05,0.279559381,0.321367434,0.201068981
AT3G44880,6.739640924,4.898050377,15.70266935,11.29448152,-0.453748108,0.550869377,-0.187884378,0.963685245,0.429203518,0.433667572,0.014927668
AT3G44890,22.17011929,22.09239255,131.437779,116.0066171,-0.123294208,0.756507375,0.069680385,0.987703677,0.168673873,0.190440797,0.175106043
AT3G45010,3.648389672,3.145927136,9.320740851,4.83512833,-0.753472309,0.178330111,-0.151858476,0.977375972,0.391427005,0.650639843,0.733115879
AT3G45030,5.860018443,3.685171079,50.78018824,40.01391402,0.082204194,0.890144451,-0.034865843,0.993885949,0.115399699,0.092097241,-0.325409621
AT3G45040,5.273314836,6.367932763,16.0592239,13.01069777,-0.105259738,0.934623098,0.294059567,0.920224397,0.32836673,0.489438221,0.575818806
AT3G45050,7.05292878,3.243851694,27.92377026,30.09613507,-0.045414218,0.980687957,-0.149001085,0.985607912,0.252577955,0.107782999,-1.228599091
AT3G45140,22.42674992,20.49560151,54.12203491,27.94084547,-0.631869426,0.596302574,-0.11355844,0.938422258,0.414373738,0.733535481,0.823934178
AT3G45190,4.218776152,2.951183021,8.499515699,7.2245744,-0.170190759,0.865386394,-0.304019225,0.922062997,0.496354887,0.408492301,-0.281063108
AT3G45260,2.767606217,2.242439007,7.738122717,4.164273344,-0.895035805,0.31887751,-0.669545585,0.762937016,0.35765861,0.538494672,0.590348896
AT3G45600,2.120449093,2.137655283,9.504511465,10.25638158,0.24843635,0.844438018,-0.023548413,0.996883172,0.22309922,0.208421973,-0.098178088
AT3G45620,2.089416711,1.898709951,7.618855835,5.626662238,-0.235740434,0.825947775,-0.090201847,0.989950827,0.274242846,0.337448716,0.299214278
AT3G45640,61.13523924,176.0879677,133.6521829,411.4580782,1.71793443,1.37915E-64,1.612714469,1.1331E-32,0.457420432,0.427960896,-0.09604183
AT3G45730,8.005149761,12.13984614,47.84390388,120.4406944,1.534084651,8.05003E-07,1.037478881,0.373269755,0.167318072,0.100795219,-0.731166074
AT3G45770,1.855730641,1.484845725,11.26052221,8.756812874,-0.125080021,0.953880993,0.046949772,0.993889967,0.164799696,0.169564629,0.04112167
AT3G45780,15.5394808,15.29234589,25.83173984,35.36624726,0.530376904,0.000453502,-0.007604374,0.996883172,0.601565396,0.432399451,-0.47635689
AT3G45850,1.683898774,2.176800277,3.505781916,4.244166147,0.22269397,0.906019898,0.416668671,0.901612329,0.480320458,0.512892333,0.094658749
AT3G45860,5.504098082,3.120060531,16.47939183,10.92733771,-0.634739892,0.074049267,-0.745997543,0.478349899,0.33399886,0.285527968,-0.226211111
AT3G45970,38.10160973,26.61908623,81.3743083,56.59792693,-0.314754024,0.199559107,-0.472851125,0.388254494,0.468226527,0.470319103,0.006433262
AT3G45980,7.926196035,4.169826466,34.32480822,22.51081801,-0.565480353,0.333347558,-0.369269341,0.922062997,0.230917416,0.185236559,-0.318008128
AT3G46000,9.43122311,7.21070699,38.79021838,29.26567056,-0.179074732,0.81527405,-0.068285278,0.989950827,0.243134056,0.246387896,0.019179399
AT3G46010,13.42325346,13.27653227,46.84145314,60.06365076,0.170203598,0.858128988,-0.083169463,0.987703677,0.286567827,0.221041047,-0.374562346
AT3G46060,6.451499548,5.031636863,23.86076593,25.14104283,0.048844765,0.967018989,-0.310131151,0.928927481,0.270381075,0.200136363,-0.434010864
AT3G46090,5.362748225,9.545396692,16.13496595,22.14388727,1.179529062,0.000173555,1.150011623,0.18024977,0.332368116,0.431062377,0.375114662
AT3G46100,5.146210142,4.824485991,9.438038832,4.470995466,-0.768010884,0.154450397,-0.019305698,0.996883172,0.545262658,1.079063047,0.984755898
AT3G46110,2.543932968,3.779958786,8.48214763,4.659018798,-0.292901933,0.905437541,0.449022232,0.916442123,0.299916139,0.811320785,1.43571329
AT3G46290,4.099771659,5.784681071,4.441713333,7.975148004,0.62397579,0.302886585,0.605702571,0.536641217,0.923015817,0.725338397,-0.347701147
AT3G46510,8.577792344,8.042802835,17.48314611,16.90056452,0.120250503,0.810849568,-0.01614183,0.996883172,0.49063208,0.475889597,-0.044014651
AT3G46530,6.007754564,8.738229999,11.94029193,8.335223134,-0.436008088,0.414354524,0.495642268,0.668084604,0.503149722,1.048349859,1.059060588
AT3G46540,2.707839781,2.149875552,3.607124784,3.98963501,0.222721557,0.916036097,0.090163155,0.989950827,0.750692017,0.538865221,-0.478296665
AT3G46550,4.009179936,4.71144673,9.770527423,3.765421069,-1.217537901,0.104447092,0.307510646,0.940145924,0.410334034,1.251240338,1.608488202
AT3G46590,5.621977661,4.508051376,18.59676812,14.391561,-0.119349108,0.844109682,-0.151621117,0.972259272,0.302309392,0.313242697,0.051255073
AT3G46600,9.461012882,13.91696672,23.52870131,26.86825206,0.329328192,0.537781464,0.715170476,0.231777713,0.402105189,0.517970677,0.365297476
AT3G46620,15.33336255,50.91245305,29.25299251,98.74624358,1.970060221,3.95821E-39,1.911967874,2.59898E-20,0.524163897,0.515588758,-0.023797181
AT3G46630,19.68036251,15.89886152,46.96447139,51.84756242,0.08055577,0.93547689,-0.450601368,0.799037822,0.419047887,0.306646268,-0.450539726
AT3G46740,10.76484651,9.667826823,22.41754335,14.27071557,-0.474270666,0.104183654,-0.184350662,0.940987069,0.480197421,0.677459149,0.496506297
AT3G46780,135.0515135,92.31521696,355.4834748,320.3982969,-0.060752775,0.707985071,-0.384314054,0.013796685,0.3799094,0.288126428,-0.39895341
AT3G46820,6.379991991,3.952772788,13.32925722,7.475508593,-0.446366465,0.584614626,-0.895135985,0.520922173,0.478645725,0.528763059,0.143663163
AT3G46930,2.409514336,11.34748589,5.510520329,21.12473317,1.846441777,8.46942E-11,2.085173307,4.8531E-07,0.437257136,0.537165881,0.296885743
AT3G46970,2.291582848,3.599134432,3.418291196,6.672101158,0.985143701,0.017686554,0.779686224,0.521533068,0.670388424,0.539430435,-0.313560315
AT3G46980,1.939162038,2.257324238,4.78739263,3.186226932,-0.580578326,0.60585562,0.116989403,0.987703677,0.405055985,0.708463109,0.806571406
AT3G47000,4.397298008,4.151475466,9.541161485,12.89190388,0.473477841,0.334475937,-0.042182863,0.993235243,0.460876594,0.322021907,-0.517221666
AT3G47070,70.02945769,63.27494641,878.1044008,653.6383947,-0.255688866,0.29568375,-0.018668444,0.993889967,0.079750719,0.096804207,0.279572212
AT3G47080,3.640763167,3.62291187,14.52153232,6.914587518,-0.683002066,0.360424467,0.086545452,0.987703677,0.250714806,0.523951987,1.063387415
AT3G47250,9.394185325,8.327613785,32.26860637,28.19202812,0.027066382,0.983953622,-0.064181032,0.987703677,0.291124606,0.295388957,0.02097911
AT3G47290,4.147185704,2.52742287,6.955960517,4.151313284,-0.281832975,0.862482733,-0.407443557,0.906973926,0.596206044,0.608824894,0.030216348
AT3G47295,9.246513191,5.220969779,57.86955203,24.03186248,-0.576462027,0.327327633,-0.566303592,0.906973926,0.159782007,0.217251983,0.443264386
AT3G47340,67.82628933,62.09376665,193.5050501,157.6907506,-0.210211665,0.343764961,-0.015598744,0.991579971,0.350514311,0.393769238,0.167877059
AT3G47370,4.998933616,4.307328965,47.15697535,48.92328087,0.205675454,0.85287545,-0.53016994,0.836101519,0.106006239,0.088042521,-0.267876827
AT3G47420,12.10575621,6.513004208,15.06259572,6.334871257,-1.055240432,0.030452192,-0.681508184,0.500866127,0.803696549,1.028119427,0.355285066
AT3G47450,5.038103035,2.302386847,8.829110662,9.954184153,0.098477652,0.970907841,-0.999807447,0.357439369,0.570624067,0.231298398,-1.302785323
AT3G47470,778.2217281,658.9399611,4269.86429,3774.909789,-0.112901734,0.435628393,-0.076630982,0.906973926,0.182259125,0.174557803,-0.062286191
AT3G47500,8.033037294,2.59382381,19.11580471,9.39603922,-0.893907743,0.058152051,-1.385127246,0.087193561,0.42023014,0.276055022,-0.606223796
AT3G47520,11.51909608,9.594535528,29.28371656,23.86482919,-0.246880446,0.642052369,-0.170336626,0.957572781,0.393361821,0.402036631,0.031470017
AT3G47540,2.351859041,3.243882173,6.882584171,18.54486374,1.833103184,7.78811E-06,0.633754881,0.852838095,0.341711628,0.174920788,-0.966077591
AT3G47550,4.441784218,14.96488173,22.88172657,73.75758872,1.584040682,5.67792E-25,1.881861265,1.08152E-05,0.194119277,0.202892773,0.063774088
AT3G47560,2.192907038,4.108550341,13.470529,5.993829442,-0.479959405,0.781646235,0.640511932,0.853331369,0.162792941,0.685463339,2.07404136
AT3G47570,3.922905552,5.953567284,5.302498906,11.6265749,1.140083086,0.000291552,0.564782559,0.590792158,0.739822039,0.512065448,-0.530850063
AT3G47620,6.588115541,3.316220529,17.90226047,14.28100613,-0.273606901,0.598132091,-0.715405117,0.560353965,0.368004675,0.232211967,-0.664281767
AT3G47650,18.45308979,19.35182945,124.7150252,99.79832896,-0.011724273,0.991366964,-0.478955319,0.762678503,0.147962042,0.193909354,0.39015528
AT3G47670,4.346116737,4.510233952,12.72852206,8.023756482,-0.350489629,0.854469801,0.167176695,0.977375972,0.341447084,0.562110024,0.719190532
AT3G47730,2.183569869,2.384062558,4.901400688,8.047925425,0.726384375,0.138399007,0.083756956,0.987703677,0.445499156,0.296233182,-0.588689447
AT3G47800,6.407366888,4.847490611,13.48436867,10.25034378,-0.25178083,0.806782691,-0.329628334,0.927958111,0.475169957,0.472910052,-0.006877817
AT3G47820,2.812621079,8.016834257,5.892381271,20.30474341,1.844242161,6.35415E-08,1.382994133,0.024317353,0.477331821,0.394825687,-0.273776663
AT3G47860,5.867004809,3.163215535,7.861176694,7.439907858,0.022835687,0.992891584,-0.671940475,0.773822539,0.746326541,0.425168644,-0.81177179
AT3G47910,1.984235316,1.819881194,2.923641746,3.51310883,0.131173205,0.876230777,0.266918116,0.927958111,0.678686203,0.518025852,-0.389720589
AT3G47930,2.954761826,3.007143121,5.616146373,5.891481339,0.263298506,0.826833092,0.012868395,0.997778221,0.526119091,0.510422243,-0.043698202
AT3G47960,42.91154406,40.57561534,75.70791732,78.88837855,0.084207211,0.765130721,0.091809462,0.943661442,0.566803917,0.514342113,-0.140121444
AT3G48000,9.262607167,15.38597199,30.01555832,33.05587028,0.21341873,0.703514477,0.66795384,0.429232958,0.308593532,0.465453545,0.592929359
AT3G48090,5.574582223,19.17391008,15.89921288,40.38772175,1.506135531,4.57983E-12,1.804537959,1.3595E-08,0.350620013,0.474746018,0.437247555
AT3G48110,7.146935451,6.608359791,9.77532996,12.11249916,0.218954499,0.822192862,0.040663933,0.989950827,0.731119612,0.545581858,-0.422311782
AT3G48140,48.11714824,32.80086073,450.2391799,350.1945449,-0.21517996,0.609974968,0.064205238,0.986063809,0.106870193,0.093664682,-0.190282473
AT3G48200,8.077841294,6.211063519,11.52042067,6.339877229,-0.76417288,0.020453361,-0.297146677,0.842364701,0.701175897,0.979681987,0.48253711
AT3G48320,1.999684019,4.270269452,3.386112032,8.349189489,1.216715657,0.006744287,0.612808792,0.737099472,0.590554595,0.511459161,-0.207451389
AT3G48360,16.93785992,15.33086231,77.84752982,73.67831342,0.010328461,0.991087403,-0.018759384,0.995454298,0.217577359,0.208078356,-0.064401532
AT3G48420,28.36317899,27.02051084,83.63428497,67.58571533,-0.124364305,0.955568816,-0.07970044,0.985769092,0.339133395,0.39979618,0.237411834
AT3G48460,5.052252558,3.527089249,8.839172386,11.96332314,0.489129576,0.491417729,-0.446374953,0.901612329,0.571575294,0.294825209,-0.95508367
AT3G48520,23.75557769,17.48416746,53.30567211,47.2613537,-0.100262913,0.88111317,-0.369810777,0.750805659,0.445648216,0.369946396,-0.268589087
AT3G48530,15.37274972,7.410520494,21.48819411,17.81146961,-0.197425892,0.829169633,-0.955727568,0.288162175,0.715404452,0.416053288,-0.781990776
AT3G48560,44.44470598,37.69284996,100.6692781,80.65119691,-0.236651866,0.114200659,-0.127368558,0.906973926,0.441492249,0.467356362,0.082134923
AT3G48590,5.024631603,3.006078133,13.28589834,12.32880024,-0.453523881,0.482552903,-0.599113898,0.799037822,0.378192838,0.243825682,-0.63327195
AT3G48680,6.589299691,4.817366038,22.15725264,26.07032198,-0.036475283,0.987742729,-0.665205778,0.738715541,0.297387939,0.184783527,-0.686509989
AT3G48690,13.52261784,8.30046082,39.10707881,42.11924874,0.205725128,0.704583738,-0.59371649,0.692803458,0.345784402,0.197070486,-0.811161061
AT3G48720,10.26796968,6.013553117,17.61784576,8.45711662,-1.04346804,0.001216684,-0.653090072,0.565100576,0.582816413,0.71106423,0.286938377
AT3G48730,16.6502685,15.24095308,39.72286367,30.30653093,-0.206506412,0.667671451,-0.038455222,0.989950827,0.41916083,0.502893357,0.262748591
AT3G48740,16.13521912,14.4395258,53.7522074,42.46499087,-0.211746004,0.596815999,-0.270172604,0.910154017,0.300177795,0.340033649,0.179860256
AT3G48750,7.357681006,5.748341767,14.39373161,25.22336902,0.658978934,0.060986583,-0.496533798,0.863857279,0.511172586,0.227897461,-1.165425613
AT3G48760,5.878494669,14.85797571,17.44583573,26.4558852,0.876143254,0.000110832,1.316742439,0.003157689,0.336956897,0.561613252,0.737012923
AT3G48780,4.435718742,7.967807684,12.88044554,23.50935243,0.978071404,0.000233183,0.631767683,0.521257388,0.344376189,0.338920764,-0.023037367
AT3G48860,1.368047496,1.507892731,6.173627395,4.492599122,-0.046686308,0.981964984,0.276537048,0.964026953,0.22159541,0.335639279,0.59898356
AT3G48870,4.517848156,4.834764306,7.174077802,8.782531422,0.326768352,0.615073915,0.049605685,0.989950827,0.629746189,0.550497809,-0.194033665
AT3G48890,3.359914676,5.015581451,13.65807288,11.05595025,-0.175366573,0.934566454,0.280987139,0.957926244,0.246002105,0.453654488,0.882923272
AT3G48930,17.18509533,9.072453988,69.02260796,45.35038989,-0.638721727,0.003742013,-0.269156012,0.916442123,0.248977775,0.200052392,-0.315639083
AT3G48990,27.3614855,23.7577485,72.34386989,85.4187043,0.268952763,0.229859133,-0.086835421,0.968936277,0.378214292,0.27813286,-0.443429679
AT3G49010,15.31657454,20.23358928,126.2959229,99.15349917,-0.15091583,0.800691161,0.389912658,0.878842945,0.121275289,0.20406329,0.750731056
AT3G49060,2.505000704,2.568666516,2.48723514,1.65192463,-0.367998258,0.811861051,0.11617814,0.986150942,1.007142696,1.554953821,0.626603631
AT3G49120,25.29226617,32.62080769,51.94425332,80.66361476,0.525456782,0.092088991,0.464475298,0.323839508,0.486911728,0.404405478,-0.267857712
AT3G49140,2.70970714,4.881944668,7.62043734,5.602197376,-0.512314957,0.528615545,0.218317555,0.957770699,0.355584203,0.871433893,1.293199991
AT3G49220,20.37899884,12.30973062,38.67794882,31.04458145,-0.263578631,0.283470041,-0.531671524,0.352058851,0.526889338,0.396517848,-0.41011418
AT3G49260,5.959125421,4.214195433,18.50932965,10.05120228,-0.834326211,0.041156688,-0.348302007,0.909680539,0.321952525,0.419272771,0.381041174
AT3G49350,5.321784017,8.055238022,11.68789174,16.97221222,0.657825709,0.038087013,0.56657095,0.556213412,0.455324548,0.474613322,0.059857356
AT3G49430,7.999657591,6.383507945,18.00686037,18.73349418,0.219032392,0.739793722,-0.205609403,0.964026953,0.444256102,0.340753726,-0.382662159
AT3G49470,15.45637502,8.927003601,39.45418213,28.07689397,-0.409717637,0.209548297,-0.455645985,0.790099943,0.391755048,0.317948403,-0.301159202
AT3G49490,4.24773171,3.631811945,7.058464154,5.611117406,-0.299934745,0.747298305,-0.153608963,0.970346925,0.60179263,0.647252888,0.105063058
AT3G49530,10.57200315,28.96332784,22.26040833,33.97230084,0.861374195,0.012755479,1.368162875,3.04302E-07,0.474924044,0.852557146,0.844099741
AT3G49560,9.632402614,5.457215012,24.52818865,25.05241241,0.093531301,0.95445,-0.348147172,0.916442123,0.392707458,0.217831917,-0.850239644
AT3G49590,1.927984751,2.18499851,4.24756646,6.008603699,0.583077253,0.413418596,0.185353684,0.975755314,0.453903375,0.36364497,-0.319854595
AT3G49600,2.384373502,3.529224125,2.2210571,2.918661714,0.295812624,0.804611397,0.310579613,0.927958111,1.073530934,1.209192593,0.171680284
AT3G49601,4.183944548,2.854290261,8.200589006,4.464439425,-0.763549797,0.427001012,-0.296893512,0.936826375,0.510200492,0.639339005,0.325516823
AT3G49670,5.36842296,4.971285009,7.23145989,8.150080208,0.061727966,0.978518019,-0.071184928,0.987703677,0.742370564,0.609967618,-0.283406853
AT3G49680,4.95220821,5.627425799,19.22883928,18.93309673,0.209534341,0.808203855,0.388737552,0.889291286,0.257540673,0.297226908,0.206764436
AT3G49720,21.1938053,26.86089921,85.68048109,86.75191774,0.157852793,0.742228351,0.53331325,0.313692438,0.247358617,0.309628881,0.323935889
AT3G49780,12.97862319,19.02782713,29.20513302,110.0041433,1.836612765,5.75498E-09,0.43149379,0.915417593,0.444395278,0.172973731,-1.361290525
AT3G49790,3.606180324,9.008629346,11.06140907,22.43252185,1.148252998,0.000691948,0.881428794,0.281437555,0.326014552,0.4015879,0.300779439
AT3G49870,6.284046567,3.61270272,31.86085743,21.32551345,-0.822618075,0.024871151,-0.469190047,0.901612329,0.197234069,0.169407538,-0.219410712
AT3G49910,17.24309683,15.28521317,111.1146545,95.88283872,-0.263984223,0.404318584,-0.554423809,0.668084604,0.155182923,0.159415526,0.038822343
AT3G49940,5.31744877,6.106813546,42.44749296,27.95759347,-0.307627705,0.677743846,0.27635816,0.94482302,0.125271209,0.218431302,0.802124734
AT3G49990,4.418362587,3.891870755,8.626193801,9.042048894,0.019258261,0.991059403,-0.201727742,0.966638407,0.512203028,0.430419123,-0.250973606
AT3G50000,4.996051484,4.938082732,22.84432827,18.12785381,-0.141938677,0.820976245,-0.015250042,0.997324194,0.218699864,0.272403053,0.316790552
AT3G50060,7.208773844,5.701101424,21.42132448,18.22296475,-0.002494906,0.998866977,-0.284903021,0.943714309,0.336523255,0.312852574,-0.105223232
AT3G50260,9.324795313,7.762425015,51.04497884,58.51750198,0.481263727,0.243877076,-0.023713068,0.996883172,0.182678013,0.132651339,-0.461663761
AT3G50360,3.785236005,2.598243818,7.846814969,4.698049182,-0.843346503,0.428238341,0.853241914,0.671062587,0.482391393,0.553047386,0.197198931
AT3G50370,5.980806854,5.080851431,6.375396015,5.548743795,-0.128154739,0.796721762,-0.223287485,0.867912221,0.938107506,0.915675983,-0.034916079
AT3G50440,1.715934395,2.248041362,5.178038527,4.140921034,0.109108546,0.964492767,0.178516341,0.982744851,0.33138695,0.542884383,0.712128193
AT3G50470,3.026472362,8.414684764,11.34438029,24.23580427,1.11498403,0.005271032,1.114604137,0.309085439,0.266781639,0.347200558,0.380109891
AT3G50480,28.72093835,36.35623104,120.9437269,205.5068708,1.058522627,1.54029E-11,0.844101336,4.13075E-06,0.237473568,0.176910051,-0.424750925
AT3G50500,3.562402728,2.380144912,9.38927854,8.212827505,-0.119651123,0.964219283,-0.577794896,0.858745023,0.379411763,0.289808219,-0.388665899
AT3G50590,4.332309366,4.688030441,6.919062481,7.914642583,0.275513175,0.60302702,0.203179211,0.922062997,0.626141096,0.592323708,-0.080101963
AT3G50670,2.784863444,4.301383292,11.29693912,8.119355551,-0.344619005,0.635100066,0.516216517,0.871450789,0.246514867,0.529769052,1.10368891
AT3G50685,19.10054003,9.793825688,95.14813878,52.96869814,-0.686443882,0.103672342,-0.634721312,0.75044202,0.200745283,0.184898365,-0.118633619
AT3G50760,6.054943199,5.965987931,12.95176382,20.83124507,0.777239019,0.053560303,0.110779387,0.987121396,0.467499507,0.286396128,-0.706952855
AT3G50790,3.053766609,4.953242516,13.71068925,24.92832136,0.838620593,0.010010058,0.565454732,0.836101519,0.222728891,0.198699401,-0.164701185
AT3G50820,209.2468245,152.7539026,936.856492,810.957323,-0.118940917,0.270841392,-0.343530126,0.054664475,0.223349922,0.188362443,-0.245794412
AT3G50830,17.21855673,15.10452729,53.6856953,59.78315383,0.235152727,0.423421705,-0.007167025,0.997778221,0.320728951,0.252655244,-0.344184464
AT3G50910,3.216496884,5.38013069,15.0850537,34.86953326,1.278692717,1.9017E-12,0.122821344,0.982744851,0.213224092,0.154293166,-0.466696294
AT3G50930,18.66864357,72.47686957,29.39678966,128.5580093,2.225565632,5.5734E-118,1.980467711,1.78804E-26,0.635057222,0.563767827,-0.171785442
AT3G50950,54.39398367,92.91905357,137.9297714,198.6454974,0.630048749,3.44548E-16,0.773845871,5.91207E-07,0.394359993,0.4677632,0.246265166
AT3G50970,14.01378747,10.45653374,50.51514868,51.45657241,0.112321954,0.877852331,-0.342490858,0.922062997,0.277417524,0.203210848,-0.4490815
AT3G51000,2.62357555,3.161975917,7.997840451,9.871957861,0.357330661,0.841726251,0.298205559,0.959589247,0.328035495,0.320298766,-0.034433691
AT3G51010,4.318681032,3.677514472,18.42587535,26.61225204,0.405494792,0.787157671,-0.099128683,0.987703677,0.234381322,0.138188774,-0.762217191
AT3G51050,2.546363738,2.227820842,4.187158897,8.94070857,1.172414549,0.035000513,-0.191866272,0.971959027,0.6081364,0.249177213,-1.287222804
AT3G51100,4.486788085,5.284018354,5.98823545,6.523049927,0.059441712,0.983034817,0.369876598,0.936826375,0.749267146,0.810053336,0.112536709
AT3G51120,2.788802256,1.894627678,4.434226983,4.546901685,0.153216859,0.90589739,-0.442640645,0.837118066,0.628926365,0.416685429,-0.593932464
AT3G51130,3.294664684,3.387511591,5.497175437,11.58657238,0.705703809,0.252342989,0.121526352,0.987437048,0.599337737,0.29236529,-1.035597173
AT3G51140,7.634187071,6.170670838,26.60945646,33.00922151,0.234428581,0.653542394,-0.27534558,0.939534869,0.28689752,0.186937788,-0.617977273
AT3G51160,10.074402,19.37787528,42.84360638,88.91169295,1.127984584,2.90265E-19,1.002528358,0.01503866,0.23514365,0.217945184,-0.10957705
AT3G51250,3.486196873,2.213267181,6.79844531,5.67066772,-0.027640505,0.993625042,-0.489762543,0.898806444,0.512793251,0.390300982,-0.393790181
AT3G51260,5.720405283,5.346310086,22.40831862,26.17292322,0.156199494,0.841186431,-0.185160094,0.971959027,0.255280433,0.204268741,-0.321614511
AT3G51270,5.195945175,2.939900227,7.468827251,7.112592461,0.164484099,0.92539105,-0.729764699,0.671062587,0.695684209,0.413337365,-0.751112786
AT3G51310,3.513814692,3.211770137,5.912377738,2.038866099,-1.397946849,0.011034801,-0.465230553,0.863790614,0.594314986,1.575272716,1.406301949
AT3G51370,9.336782019,7.765651555,21.50539698,30.62487361,0.77697451,0.017887115,-0.383396522,0.878842945,0.434159947,0.253573342,-0.775823554
AT3G51420,3.36282596,5.770755115,14.03794,8.167722051,-0.470445013,0.476057014,0.344739929,0.91649376,0.239552667,0.70653177,1.560411561
AT3G51450,10.29300677,15.33657061,35.10693169,53.59909596,0.750171388,1.54065E-05,0.757331771,0.13218734,0.293190156,0.286134875,-0.035141316
AT3G51460,2.036269669,2.403761485,3.851715277,9.016556682,1.023538808,0.067431945,0.122119526,0.987703677,0.528665678,0.266594174,-0.987710413
AT3G51510,21.85043736,22.69195856,77.14690996,61.5366142,-0.232189072,0.455076477,0.233957309,0.927958111,0.28323153,0.368755396,0.380682282
AT3G51550,41.48459622,41.30109035,70.05817134,70.00574631,0.069163484,0.922241502,0.002314507,0.998844586,0.592145005,0.589967146,-0.005315892
AT3G51580,1.836939538,1.325696821,5.772728311,5.883365031,-0.09462821,0.975009112,0.447682569,0.91649376,0.318209942,0.22532969,-0.497941487
AT3G51600,78.02439082,73.38883696,634.2621247,516.2864042,-0.036840227,0.96321555,0.586781655,0.036133383,0.123016002,0.14214753,0.208543032
AT3G51620,2.781977811,2.206149913,4.438184411,4.736353534,0.545663324,0.371740238,-0.192753419,0.970346925,0.626827899,0.465790802,-0.428387241
AT3G51630,2.265800471,1.780022566,5.956373604,4.99226785,-0.357315559,0.738874368,-0.494214387,0.899651201,0.38039932,0.356555902,-0.093386384
AT3G51660,8.093839361,14.46830512,30.13977905,78.10539848,1.276150192,7.03362E-06,0.643203446,0.788384684,0.268543421,0.185240782,-0.53575362
AT3G51730,14.73559244,16.54874155,74.08290396,53.94237531,-0.209621771,0.566857808,0.269690779,0.913758882,0.198906788,0.306785555,0.625138047
AT3G51770,3.388687221,2.272338621,6.239774753,3.980233682,-0.307227459,0.611931956,-0.555928774,0.766398879,0.543078453,0.570905832,0.072092175
AT3G51780,2.402111685,2.396183046,8.918670536,7.34926188,-0.177973534,0.907027316,-0.008558154,0.998844586,0.269335174,0.326044042,0.2756642
AT3G51800,10.50412825,8.420650576,38.17253454,34.5247566,-0.09603234,0.879265843,-0.477262128,0.764063421,0.275175028,0.243901809,-0.174049094
AT3G51820,18.75175891,20.64131487,71.36744318,64.29790749,-0.059547633,0.912682269,0.122420545,0.953728363,0.262749485,0.32102623,0.289003248
AT3G51840,16.57814988,15.63734164,34.79729482,44.23260732,0.382899606,0.065039453,0.121014171,0.961585417,0.476420652,0.353525207,-0.430422869
AT3G51850,3.660769231,6.584224766,6.495720291,12.51102976,0.718837656,0.207754845,0.591964845,0.721999568,0.563566328,0.526273608,-0.09877237
AT3G51890,4.65903228,8.038315081,15.60514181,22.65797622,0.860075701,0.062926823,1.035810712,0.344880979,0.29855751,0.354767566,0.248865262
AT3G51895,1.733046497,2.795587266,4.861736741,4.203648592,0.004880394,0.998275698,0.46162684,0.902924607,0.356466545,0.665038289,0.899670723
AT3G51920,41.39888515,70.84153846,143.1107189,290.9805458,1.106631985,0.000153256,0.840390113,0.033467525,0.289278717,0.243457989,-0.248787342
AT3G51950,4.600156241,5.097153417,13.10392315,10.16277818,-0.425127503,0.316524366,0.293672602,0.906973926,0.351051833,0.501551183,0.514712873
AT3G51970,1.851080557,1.575038286,2.915010779,2.581054654,-0.05898222,0.988861467,-0.187274576,0.979577318,0.635016711,0.610230506,-0.057440256
AT3G52050,3.165006413,4.411255591,5.562823273,5.19412233,-0.134781984,0.964140458,0.415708991,0.915554809,0.568956851,0.84927834,0.577918212
AT3G52060,8.009401714,7.60381987,25.58639137,10.4061756,-1.248983111,7.63856E-05,-0.477807151,0.794281405,0.313033659,0.730702629,1.222966606
AT3G52120,3.315047954,4.964064355,13.59060163,13.4715315,0.129681099,0.862348251,0.29079358,0.928784347,0.24392209,0.368485525,0.59518753
AT3G52140,7.422892348,7.522731906,11.28449992,8.648121813,-0.224889143,0.645712795,0.053947579,0.987703677,0.657795419,0.869868865,0.403158967
AT3G52150,31.53633415,26.88481226,113.3396883,89.40191196,-0.369029748,0.020763515,-0.513240504,0.359592995,0.27824617,0.300718538,0.112051978
AT3G52155,7.595972921,3.579626426,24.27217204,16.56936346,-0.482666284,0.361398299,-0.842584668,0.648739801,0.312949863,0.216038862,-0.534640692
AT3G52200,2.259843578,2.083937743,6.710342647,6.300783324,0.309877021,0.741131983,0.121394273,0.986150942,0.336770221,0.330742645,-0.026055499
AT3G52220,3.693769954,5.081159458,10.40904247,10.42160749,-0.075611033,0.961948014,-0.389516816,0.922062997,0.354861647,0.487560049,0.458323257
AT3G52230,22.10348527,16.01691087,106.5086061,83.34067818,-0.26363346,0.631115469,-0.419762644,0.86876,0.207527693,0.192185992,-0.110800683
AT3G52240,2.001841605,2.595845777,6.05060155,6.057828828,0.000736254,0.999820374,0.261955567,0.957926244,0.330850014,0.428510916,0.373154616
AT3G52250,4.366551485,3.290492855,5.354080428,6.055456986,0.277459115,0.74873555,-0.273055326,0.901612329,0.815555826,0.543392986,-0.58578769
AT3G52300,13.66484503,7.326792079,74.08395206,71.90002163,0.017632773,0.991366964,0.116535968,0.976794187,0.184450811,0.101902502,-0.856046661
AT3G52340,2.095979778,1.478225121,7.703569698,4.345391589,-0.409016866,0.849395877,-0.131279645,0.987703677,0.272079031,0.340182258,0.322282126
AT3G52380,18.74685385,12.4615618,69.80334893,55.46357607,-0.323968785,0.245881025,-0.423476404,0.762678503,0.268566683,0.2246801,-0.257407993
AT3G52400,52.02215165,113.6472725,177.7287295,607.341737,1.932440361,1.0848E-164,1.548963571,2.40773E-22,0.292705359,0.187122448,-0.645466522
AT3G52430,3.201745711,8.883994366,12.21168878,21.33461207,0.962926081,0.000219007,1.186718021,0.046260117,0.262186973,0.416412276,0.667416596
AT3G52450,7.215772703,35.69256966,25.92512894,99.85304474,2.018315311,9.54814E-51,2.358892146,7.00148E-12,0.278331218,0.35745099,0.360942716
AT3G52470,12.10845789,14.46234946,51.0757438,30.48217796,-0.388181629,0.312361468,-0.171949529,0.957926244,0.237068655,0.474452629,1.000959125
AT3G52500,18.92295814,7.764423772,42.31548875,22.34183368,-0.822193962,0.00859246,-0.939851079,0.032543095,0.447187512,0.347528492,-0.363748638
AT3G52590,23.87244353,18.84055754,174.2296813,122.4537549,-0.242509209,0.659694086,-0.118095024,0.977375972,0.137017088,0.153858553,0.167248819
AT3G52640,2.705576917,4.298434815,8.073303962,11.51659799,0.64448691,0.243886081,0.506508209,0.834237431,0.335126353,0.373238245,0.155391681
AT3G52710,3.117579202,7.503286177,8.252732959,18.01960347,1.408298394,0.007633232,1.682857598,0.009073258,0.377763247,0.416395743,0.140472971
AT3G52720,5.605073414,9.273443842,15.01929922,13.01389871,-0.091979054,0.953604169,0.521026496,0.844904665,0.373191407,0.712579992,0.933136207
AT3G52730,6.222048514,10.58413101,48.86479794,12.39081952,-1.433227356,0.084465564,0.369485235,0.895361484,0.127331919,0.854191362,2.745965192
AT3G52750,7.266627136,5.495504841,10.95282175,7.761579289,-0.236818731,0.892972006,-0.305471214,0.931884744,0.66344795,0.708039516,0.093846595
AT3G52800,59.10788678,67.39754163,313.5248298,486.7661007,0.777585742,4.85909E-28,0.664967681,0.001514218,0.188526972,0.13845981,-0.44530367
AT3G52840,10.95062762,12.07083301,18.42411652,21.25294489,0.284487655,0.285589554,0.089854197,0.971959027,0.594363785,0.567960491,-0.065555639
AT3G52850,4.702488784,5.459523705,13.99689901,12.34011844,0.061701222,0.970907841,0.298972004,0.917987537,0.335966472,0.442420689,0.397101586
AT3G52860,5.246700748,1.966947342,12.39366811,8.862991835,-0.320149913,0.893162655,-0.89002241,0.751930968,0.423337199,0.221928146,-0.931714621
AT3G52870,3.629447411,5.88591016,14.12627676,17.53348142,0.466683646,0.240932621,0.797598062,0.502719861,0.256928805,0.335695463,0.385784393
AT3G52880,15.82068572,14.79106478,51.33038243,47.38703432,-0.060796776,0.903193172,0.152122784,0.943845246,0.308212894,0.31213316,0.018234416
AT3G52930,46.2345135,30.48889374,168.3070784,163.4229537,0.051590822,0.883739504,-0.417459078,0.259450658,0.274703322,0.186564329,-0.558201184
AT3G52950,3.986115077,3.642454429,7.556307483,7.428005898,0.088999576,0.945350366,-0.243181828,0.952264185,0.527521555,0.490367735,-0.105365989
AT3G52960,37.19073093,28.5253816,144.672696,129.1483832,-0.099024635,0.838201512,-0.246953594,0.879110863,0.257068071,0.220872928,-0.21893383
AT3G52990,7.973939128,7.744475901,20.12574669,17.1969451,-0.360710718,0.726403463,0.064466969,0.987703677,0.396205878,0.450340212,0.184765023
AT3G53020,19.79759998,13.50648106,65.71524452,86.42458111,0.386127605,0.153417066,-0.623702138,0.651955603,0.30126343,0.15628055,-0.946887321
AT3G53030,1.43189609,1.858814575,4.854138187,4.117477593,-0.13221739,0.946070988,-0.020634378,0.996883172,0.294984616,0.451444976,0.613910439
AT3G53110,5.343604324,7.204075782,12.9482209,15.53759339,0.091016118,0.915784563,0.38458654,0.87038897,0.412690235,0.463654544,0.167990994
AT3G53130,5.970836533,4.463900587,11.31750818,10.31361511,-0.015893263,0.992980458,-0.120881021,0.978293689,0.52757519,0.432816286,-0.285621936
AT3G53180,12.07939285,15.5530878,24.08053963,43.40448347,0.937491324,3.75103E-07,0.344219479,0.777333771,0.501624674,0.358329061,-0.485323262
AT3G53260,29.82511409,44.53096059,71.59385895,111.1293092,0.803492511,2.30995E-12,0.631060145,0.001055732,0.416587603,0.400713015,-0.056050538
AT3G53280,1.701049305,13.12810652,4.049231599,24.5769208,2.51432042,1.02774E-16,2.086649199,2.24993E-05,0.420091877,0.534164008,0.34657788
AT3G53420,117.3562298,119.0185725,335.4493169,339.6671079,0.017188841,0.959145928,0.102459508,0.921376925,0.349847872,0.350397697,0.002265577
AT3G53430,17.16949346,16.63209243,157.55906,98.99358615,-0.463565875,0.101118781,-0.000869434,0.999535574,0.108971794,0.168011819,0.624607959
AT3G53460,9.171530201,6.947932986,91.71755172,79.05464537,-0.038218751,0.955568816,-0.473762579,0.678006934,0.099997547,0.087887726,-0.186231013
AT3G53470,5.595847035,4.252311941,27.73902534,38.37266929,0.230111527,0.836004868,0.297017089,0.958216631,0.201731927,0.110816162,-0.864271121
AT3G53500,9.166067503,5.51576739,37.20935436,38.1280978,0.056545014,0.966755059,-0.195179359,0.944511851,0.24633772,0.144664111,-0.767930493
AT3G53520,3.445716769,2.359071273,12.59677361,8.184946902,-0.66987106,0.324069167,0.182824116,0.971959027,0.273539628,0.288220718,0.07542419
AT3G53560,3.571696976,3.565940092,7.953409685,4.913655913,-0.50271129,0.643399275,0.253196646,0.95807376,0.449077455,0.725720351,0.692449432
AT3G53580,8.516634103,9.851360758,26.40954205,22.87677831,-0.081213338,0.946521028,0.332933344,0.906973926,0.322483218,0.430627102,0.417215037
AT3G53620,14.35192321,10.07072267,39.02750807,38.0067738,-0.244061207,0.841562073,-0.200367316,0.953728363,0.367738652,0.264971784,-0.47284208
AT3G53710,5.553007626,3.943223386,12.2470491,3.897486309,-1.417881618,0.012846091,-0.614423327,0.711620147,0.453415968,1.011735019,1.157924382
AT3G53730,7.96507825,10.75932995,48.74249516,53.70571069,0.157601934,0.874440158,0.327131203,0.94482302,0.163411377,0.200338657,0.293932398
AT3G53740,12.36971204,14.45293219,73.93726645,61.20185205,-0.246646878,0.741448675,0.13017266,0.974548467,0.1673001,0.236151876,0.497276694
AT3G53750,3.808439762,3.943601679,8.912393385,9.564850755,0.090033708,0.959145928,0.002625701,0.999363834,0.427319531,0.412301434,-0.051615781
AT3G53870,12.02166772,10.23711596,89.66450823,88.25099667,-0.057768927,0.910440499,-0.18716473,0.948653946,0.134073871,0.116000004,-0.208903252
AT3G53890,9.44315495,13.51097425,98.34304877,68.35865822,-0.550104821,0.05417999,0.246692008,0.935505558,0.096022597,0.197648324,1.041489862
AT3G53900,12.38421319,5.100310985,13.34269389,11.49632223,-0.335993457,0.864597345,-0.997991446,0.484674152,0.928164379,0.443647184,-1.064967519
AT3G53920,2.605870165,2.398799467,5.233371822,3.15874519,-0.652037522,0.611931956,-0.001426591,0.999535574,0.497933312,0.759415313,0.608936554
AT3G53960,5.382146339,4.675490108,8.567208986,6.554318935,-0.004846006,0.996823316,-0.198058377,0.96219347,0.628226339,0.713344919,0.18331539
AT3G53970,2.865073498,3.073742756,7.872214848,6.015606139,-0.140331792,0.948586245,0.401128143,0.932776132,0.363947574,0.510961437,0.489483764
AT3G53990,12.98134803,22.01691041,95.32219818,80.04292188,-0.17087272,0.775678126,0.649071958,0.534364635,0.136183893,0.275063802,1.014210215
AT3G54020,13.8420435,8.472128394,38.47735955,31.51320897,-0.093376058,0.872585277,-0.124842738,0.97421589,0.35974515,0.268843722,-0.420207456
AT3G54030,2.483566829,3.225604907,8.543327824,10.57706198,0.181258631,0.878110782,0.007965093,0.998710502,0.290702508,0.304962277,0.069087277
AT3G54050,81.60249287,67.08524025,278.1397864,216.8529067,-0.244809979,0.084581727,-0.141286454,0.862498781,0.293386624,0.309358271,0.076475509
AT3G54090,3.617974163,2.215129998,3.707652498,4.680899204,0.325954396,0.840319859,-0.176543297,0.977375972,0.975812638,0.473227451,-1.044070404
AT3G54100,2.832741346,3.98035016,5.139179365,12.11452544,1.383805993,0.000184664,0.210639653,0.957926244,0.551204997,0.328560139,-0.746431505
AT3G54110,3.591197151,3.714054464,17.18647937,16.21584324,0.190383592,0.891717731,-0.096428122,0.987703677,0.208954788,0.229038626,0.132400108
AT3G54140,5.92375278,5.483901627,11.64320881,4.72639821,-1.032407707,0.003009404,-0.095491977,0.987703677,0.508773215,1.160270757,1.189366881
AT3G54200,6.823916248,8.92432669,21.49895692,19.67495023,-0.041932896,0.979545203,0.392860172,0.915554809,0.317406852,0.453588273,0.515050066
AT3G54210,75.52497444,61.22856959,467.5062663,358.4833795,-0.16499033,0.434744856,-0.409962876,0.355670242,0.161548582,0.170798908,0.080330659
AT3G54300,3.901999496,3.528017299,9.747554547,14.82656908,0.474942465,0.740063313,-0.052005061,0.993235243,0.400305479,0.237952373,-0.750428521
AT3G54360,9.532811543,10.33831109,33.41027622,33.1663247,0.132118923,0.881080612,-0.08533229,0.984477763,0.285325733,0.311711086,0.127599599
AT3G54400,8.061981464,4.470487796,18.87851241,5.499157036,-1.653226058,6.89741E-06,-0.702591401,0.652150167,0.427045378,0.812940559,0.92876049
AT3G54420,3.288549811,31.42983886,12.90035223,97.11157375,2.996732542,3.12119E-63,3.024023942,5.88459E-13,0.254919381,0.323646684,0.344378659
AT3G54440,4.433412042,4.876575263,7.8568795,4.576249781,-0.547542222,0.280934861,0.114219477,0.976064811,0.564271355,1.065626986,0.917241504
AT3G54460,4.270453719,4.041941863,7.328879988,3.820862786,-0.625342188,0.589190102,-0.044545551,0.989950827,0.58268845,1.057861035,0.860353503
AT3G54470,4.055403426,3.453305742,14.6172124,11.1903478,-0.385628601,0.680905397,0.106855626,0.987703677,0.277440275,0.30859682,0.153545961
AT3G54480,2.401602495,2.37361985,8.715432875,9.705281644,0.023108734,0.994562397,-0.149417171,0.987437048,0.275557454,0.244569909,-0.172106242
AT3G54500,38.91342007,31.58890353,130.2188018,110.2430748,-0.164954464,0.255374184,-0.261162812,0.739202001,0.298831041,0.286538665,-0.060600186
AT3G54540,4.00329463,4.826477928,7.585059953,7.513256616,0.082571639,0.942674273,0.259269816,0.936826375,0.527786814,0.642394926,0.283505189
AT3G54600,4.757579274,2.366318407,8.340766819,4.405694393,-0.657509398,0.576885522,-0.662616121,0.777333771,0.570400705,0.537104528,-0.086772881
AT3G54620,13.70605533,13.43393146,33.75735025,43.30062006,0.44414711,0.230781212,-0.020795336,0.996628465,0.406016919,0.310248016,-0.388117861
AT3G54640,3.084839347,4.301789239,14.84147323,25.98357161,0.777145659,0.099438263,0.506761198,0.843937539,0.207852637,0.165558042,-0.328223959
AT3G54660,27.64151632,25.74134984,84.8968472,80.73226606,0.02285034,0.965564457,0.039520153,0.987703677,0.325589433,0.31884835,-0.03018346
AT3G54690,8.442912734,5.724563357,20.03940603,18.20779332,-0.118307474,0.92509632,-0.416437948,0.889291286,0.421315518,0.31440182,-0.422291486
AT3G54720,2.246828721,2.867164179,3.834250318,6.397400566,0.743071426,0.173287644,0.397211897,0.915554809,0.585989055,0.448176435,-0.386806925
AT3G54760,2.777063315,2.207435533,4.35616613,4.677788031,0.302489312,0.745931583,-0.328262541,0.932868832,0.6375017,0.471897298,-0.433956279
AT3G54810,4.364881703,15.91560126,14.1775464,34.86971937,1.512971909,1.66123E-09,1.714147338,0.004352718,0.307872856,0.456430437,0.568060326
AT3G54840,4.680595037,2.750626004,13.33484942,33.325696,0.972449265,0.215878803,0.111355544,0.987703677,0.351004716,0.082537691,-2.088365429
AT3G54850,2.311485381,2.732524425,4.205271786,10.20343366,1.221933908,0.003777316,0.144763874,0.979544858,0.549663731,0.2678044,-1.037369626
AT3G54890,747.5654357,573.208526,3932.763212,3570.455827,-0.071472026,0.762245172,-0.248522153,0.128724555,0.190086561,0.160542114,-0.243704742
AT3G54900,24.01418507,18.09661543,115.0638851,94.86297379,-0.271955602,0.7802236,-0.330491664,0.899651201,0.208703061,0.190765846,-0.129648865
AT3G54920,3.326019911,2.550363711,19.58227649,12.22796066,-0.587007979,0.067459635,-0.303756806,0.937980091,0.169848481,0.208568197,0.296270877
AT3G55020,3.209241759,3.801230399,8.397628324,4.712333538,-0.790403426,0.031342453,0.163250334,0.970346925,0.382160491,0.806655634,1.077774277
AT3G55030,2.690775759,3.700551918,9.287499169,2.277610717,-0.748030703,0.605074252,0.416336742,0.936826375,0.289720161,1.624751715,2.487487281
AT3G55040,5.580418923,4.221334871,36.67081328,56.49558425,0.706193032,0.000160569,-0.140651082,0.985182478,0.152176034,0.074719731,-1.026179997
AT3G55050,1.885105277,3.88834198,8.341415197,6.769616335,-0.102442362,0.965327504,0.971106139,0.553709817,0.225993459,0.57438144,1.345728112
AT3G55070,1.724113208,1.500354451,5.508115135,5.009569876,-0.0844682,0.981376755,0.008983679,0.998844586,0.313013284,0.299497659,-0.063679159
AT3G55140,3.424619154,1.520438553,5.767776131,8.152702083,0.831690423,0.382190547,-0.177645216,0.978174374,0.59375036,0.186495046,-1.670719172
AT3G55250,6.186977674,6.235216838,34.00851019,26.31673172,-0.19253625,0.826128346,0.268004246,0.956206514,0.181924396,0.236929757,0.38112038
AT3G55260,3.884129483,2.115149045,6.326389627,5.208396389,-0.371145042,0.726403463,-0.519794867,0.855093314,0.613956729,0.4061037,-0.596288808
AT3G55270,2.736654132,4.650490802,7.218665903,8.306308395,0.270877265,0.757463193,0.667396152,0.648739801,0.379108019,0.559874565,0.562494667
AT3G55280,7.497170897,8.013382113,36.21794879,19.00229111,-0.372074039,0.842622026,0.210730483,0.970346925,0.207001532,0.421706102,1.02659645
AT3G55330,26.32634659,23.5022278,81.82399544,73.0327383,-0.064640243,0.934623098,-0.135230684,0.970346925,0.321743597,0.321804007,0.000270852
AT3G55360,8.055911309,8.691481313,30.60244804,19.06334809,-0.376917563,0.545190393,-0.224767086,0.953728363,0.263244016,0.455926277,0.792399825
AT3G55400,6.676455513,4.624704199,12.14885577,7.587769814,-0.516912082,0.214146034,-0.424169161,0.847531205,0.549554266,0.60949453,0.149351327
AT3G55410,10.25112275,17.68587791,20.01826511,33.39275204,0.761432348,0.003856366,0.782983436,0.005812521,0.51208847,0.529632235,0.048597857
AT3G55430,61.57148838,76.49697326,205.2180184,288.7052409,0.55759668,7.51606E-09,0.486900765,0.016530555,0.300029641,0.264965655,-0.179299668
AT3G55440,58.30366698,48.36384691,148.845524,136.8896651,-0.036354721,0.932185692,-0.009279214,0.996883172,0.39170588,0.35330532,-0.148855313
AT3G55450,1.89654528,1.959337416,4.317487892,5.706496741,0.394293447,0.700851044,0.393020922,0.936826375,0.43927055,0.343352061,-0.355421156
AT3G55460,3.592936627,3.881989226,16.80758706,17.00561419,-0.069100142,0.960313888,0.604852361,0.841911044,0.213768735,0.22827692,0.094734135
AT3G55480,2.437622406,2.266671476,4.983951999,2.744339605,-0.799757917,0.114565933,-0.284060639,0.935505558,0.489094278,0.825944235,0.755931793
AT3G55610,19.03491109,20.09747116,31.99973232,28.01611289,-0.124339087,0.677117626,0.047139584,0.987703677,0.594845947,0.717354018,0.270169184
AT3G55620,5.269683413,4.803858945,37.8790189,27.8809892,-0.224871677,0.63420577,0.022650179,0.996883172,0.139118794,0.172298727,0.308594715
AT3G55630,3.569269509,1.672718537,4.470267911,3.478430223,-0.464605398,0.708920711,-0.748026336,0.754489831,0.798446442,0.480883166,-0.731509216
AT3G55770,11.13590222,6.880721322,44.39109181,42.68143045,0.057039943,0.96824408,0.033587077,0.993885949,0.25085894,0.161211123,-0.637925066
AT3G55800,209.35516,168.3989592,611.0595072,535.1213317,-0.086556216,0.544779346,-0.236552143,0.243602829,0.342610102,0.314693041,-0.122622414
AT3G55830,4.254052634,8.225079149,6.161072476,6.26626418,-0.369137413,0.658304671,0.750737322,0.521257388,0.690472747,1.312596934,0.926767592
AT3G55840,35.80645257,144.5088108,65.56117905,421.2918923,2.774538822,1.721E-196,2.108593554,1.04575E-33,0.546153274,0.34301351,-0.671040489
AT3G55880,7.56398515,4.583513993,20.95065284,18.43661977,-0.106290502,0.951280603,-0.524097992,0.906973926,0.36103816,0.248609238,-0.538271425
AT3G55950,1.437920113,3.284320772,4.35831476,10.36720466,1.339980646,0.01020094,1.07170393,0.27177165,0.329925715,0.316799068,-0.058573138
AT3G55960,16.33529747,16.91340748,32.51764419,63.24541838,1.07526744,2.61036E-07,0.195926796,0.940145924,0.502351812,0.267425023,-0.909563614
AT3G55980,81.24753608,261.0777529,144.5711236,477.5778439,1.792657749,4.0127E-191,1.791800351,2.47956E-54,0.561990071,0.546670572,-0.039872928
AT3G56010,8.84557002,14.22377103,36.54561589,21.87106019,-0.826035492,0.013164902,-0.147806403,0.9724313,0.242041892,0.650346664,1.425952176
AT3G56040,3.687927179,4.726828983,10.35678995,12.08212803,0.218936715,0.726403463,0.361603941,0.906973926,0.356087861,0.391224871,0.135764834
AT3G56050,20.53823162,25.70958371,38.42445823,26.49360701,-0.222582693,0.72588092,0.552238832,0.142351092,0.534509335,0.970407076,0.860374925
AT3G56060,2.759968299,4.14586519,6.242083252,3.168261874,-0.34098733,0.804611397,0.56200027,0.784808883,0.442154997,1.308561399,1.565357521
AT3G56070,4.575680033,2.142790457,10.56829318,9.923341617,0.121273111,0.955957574,-1.077070015,0.532224008,0.432963011,0.215934364,-1.003650926
AT3G56090,12.36801707,12.46588739,42.40044321,37.30722377,-0.043782451,0.971224214,-0.107028127,0.981413902,0.291695467,0.334141384,0.195995709
AT3G56130,9.587656847,5.181163038,17.79967418,15.81959309,-0.452719515,0.498464953,-0.594577989,0.769598235,0.538642267,0.327515569,-0.71776395
AT3G56140,7.006860207,4.400942324,13.99514759,15.08283715,0.024144929,0.981376755,-0.640659042,0.594074448,0.500663545,0.29178478,-0.778936779
AT3G56150,21.68161584,18.82451132,34.47893497,24.48130364,-0.401403439,0.00996312,-0.20775935,0.884952175,0.628836589,0.768934187,0.290174962
AT3G56160,2.643820979,1.888210315,9.585101955,13.89461419,0.395946762,0.611931956,-0.308478861,0.954670522,0.275826068,0.135895124,-1.021265118
AT3G56190,6.139243997,4.696718884,26.76864648,24.41997086,-0.388041829,0.332588766,0.252389103,0.922062997,0.22934458,0.19233106,-0.253925049
AT3G56240,7.394540412,6.645292617,91.68909722,152.9842746,0.702441907,1.11491E-05,0.375669112,0.922062997,0.080647979,0.04343775,-0.892689022
AT3G56290,20.7244007,13.80650433,65.02035434,51.1291689,-0.320046861,0.677117626,-0.429117373,0.856795714,0.318737123,0.270031855,-0.23923745
AT3G56310,3.844771375,3.424044251,16.78630423,8.344488719,-0.97677653,0.127431009,-0.164467872,0.976316817,0.22904216,0.410336015,0.841192607
AT3G56340,27.67961777,9.789690544,133.095013,107.9856407,-0.234670945,0.403958688,-0.93506596,0.235956025,0.207968857,0.090657336,-1.197871827
AT3G56360,19.16109595,17.0541351,57.79330478,41.51905458,-0.306783553,0.512657951,-0.210264764,0.929232007,0.331545255,0.410754418,0.309070286
AT3G56370,2.019912529,1.546964241,2.556708798,2.522837889,-0.244080682,0.897215974,-0.236911488,0.959658209,0.790044033,0.613184164,-0.365612625
AT3G56400,6.561090566,5.942358975,20.95814819,23.37161396,0.367079105,0.701791824,0.072358461,0.989950827,0.313056788,0.254255397,-0.30014599
AT3G56410,3.675290155,12.25847889,6.323456372,18.18371171,1.539603953,6.53827E-18,1.772259418,7.9365E-13,0.581215389,0.674146131,0.213988448
AT3G56460,3.64329795,7.550948912,25.01560737,21.40524148,-0.146332239,0.895200469,0.948562925,0.434524017,0.145640995,0.352761678,1.276277342
AT3G56490,5.653831506,5.837542168,37.51730197,38.11621038,-0.002484572,0.998866977,-0.048326501,0.993885949,0.15069931,0.153151169,0.023283569
AT3G56590,5.686387344,2.559711432,7.690437241,3.783610939,-0.585394532,0.586340531,-0.636448316,0.700274816,0.739410149,0.676526068,-0.12822932
AT3G56650,6.727627585,9.877828231,33.06585399,35.50084535,0.106953075,0.925415942,0.587800263,0.788384684,0.20346148,0.278242057,0.45158482
AT3G56680,4.612380794,2.839963979,17.01559055,17.09698519,-0.256378203,0.583386346,-0.398009569,0.906973926,0.271067923,0.166109051,-0.706523721
AT3G56710,3.117373481,7.474345137,7.652922624,28.55874409,1.43801777,0.143857846,0.799508792,0.751606844,0.407344179,0.261718271,-0.638233644
AT3G56750,2.271915536,1.292744985,2.687504829,4.225271232,0.457040837,0.681346693,-0.191566558,0.977375972,0.845362401,0.305955503,-1.4662481
AT3G56800,32.4594365,50.48725533,179.2289075,225.7208983,0.550132868,0.001610929,0.556036463,0.160977645,0.181106033,0.223671161,0.304544644
AT3G56860,5.17490167,3.712197212,13.33929432,12.98579384,-0.023831292,0.987742729,-0.536605713,0.792052106,0.387944185,0.285866021,-0.440509957
AT3G56880,27.96240288,47.60770564,118.1819859,191.8458524,0.807397934,3.50446E-06,0.939398112,0.001283739,0.236604612,0.248156033,0.068769334
AT3G56910,99.5329237,92.89678608,472.7931422,353.9206335,-0.193165569,0.625942907,-0.118531911,0.944973781,0.210521082,0.262479147,0.3182381
AT3G56940,252.7446543,228.5878738,1112.672438,936.7567128,-0.150910514,0.031089565,-0.027067348,0.980146033,0.227150998,0.244020535,0.103350916
AT3G57020,10.26081688,4.785012907,21.00179558,6.121797026,-1.315675819,0.045725812,-1.301965863,0.037471306,0.488568553,0.781635341,0.677934692
AT3G57030,2.506645752,2.730749909,7.666337088,9.110179347,0.517298117,0.505573213,0.208396272,0.97421589,0.32696785,0.299747108,-0.125402952
AT3G57050,3.908573348,3.571283827,15.9754694,15.71827632,-0.078672486,0.961306687,-0.016392311,0.996968648,0.244660939,0.227205818,-0.106784013
AT3G57120,1.777233142,1.997636892,5.300827644,6.029468287,0.442114981,0.595886971,0.145355857,0.987459256,0.335274652,0.331312281,-0.017151731
AT3G57180,2.083377945,2.50546863,2.398459129,3.875628473,0.662577467,0.435645906,0.223253203,0.96893317,0.868631831,0.646467701,-0.426166529
AT3G57280,7.854413829,21.90837235,26.54458326,52.24061939,0.985164997,5.49117E-05,1.038597052,0.074467792,0.295895164,0.419374284,0.503152278
AT3G57290,9.424846744,12.55780017,35.32871542,30.82468402,-0.117835087,0.842223918,0.60776623,0.536641217,0.266775812,0.407394287,0.610797883
AT3G57300,2.440977291,2.907800514,4.585815399,4.347067738,-0.032625301,0.988861467,0.144207345,0.970346925,0.532288607,0.66891079,0.329605129
AT3G57330,13.67694554,24.31817859,27.55108204,57.70961105,1.193531003,5.80497E-19,0.829530888,0.000122567,0.496421357,0.421388711,-0.236413522
AT3G57340,8.765776083,5.867749784,20.17895384,12.40683385,-0.631463653,0.299450963,-0.348298657,0.906973926,0.43440191,0.47294498,0.122641911
AT3G57410,6.627431197,6.194805345,10.10226553,11.26717885,0.203508308,0.591967925,-0.052486178,0.988076608,0.656034152,0.549809799,-0.2548383
AT3G57420,2.206781777,2.713446286,2.941198205,5.450614248,0.673325345,0.538863841,0.364336176,0.922062997,0.75030026,0.497823945,-0.591832433
AT3G57450,20.36961464,65.37782326,169.3565453,711.0600887,2.269131549,6.23829E-98,2.313076059,6.6511E-17,0.120276513,0.091944161,-0.387525079
AT3G57520,65.96077369,39.51862758,205.6387867,141.2086427,-0.452323832,1.99395E-07,-0.692182709,3.98203E-06,0.320760372,0.279859836,-0.196791463
AT3G57530,35.60943069,108.1823588,61.22899743,148.9513608,1.453452339,6.94456E-27,1.690043115,3.27725E-35,0.581577883,0.726293189,0.320579645
AT3G57550,4.990289028,13.73508912,23.99333859,64.70698562,1.461622944,1.33279E-12,1.311969956,0.00047537,0.207986438,0.21226594,0.029383437
AT3G57560,8.09102593,3.376700717,20.85544011,12.37820553,-0.320230569,0.818540526,-0.825344302,0.595582105,0.387957573,0.272794042,-0.508086754
AT3G57610,11.14770887,11.02442042,33.11507015,26.03330537,-0.349225116,0.405839094,-0.084822992,0.982876393,0.33663552,0.42347371,0.331084997
AT3G57750,2.166540809,1.257921227,6.439679419,6.028581262,0.145948011,0.946910465,-0.417219018,0.92462256,0.336436128,0.208659579,-0.689181486
AT3G57760,2.582397178,1.991022384,4.993136771,8.502589622,0.90272547,0.208392062,-0.078245072,0.990962416,0.517189353,0.234166586,-1.14315735
AT3G57800,3.491961881,3.713883637,9.053442918,11.8660134,-0.009089211,0.997282424,-0.01129546,0.997778221,0.385705406,0.312984952,-0.301406072
AT3G57870,1.915756378,5.105495906,21.17014266,20.97365755,0.228107577,0.860039301,-0.049604576,0.993235243,0.090493315,0.243424205,1.42758951
AT3G57880,4.389844921,6.631650045,13.70611749,14.62234284,0.155805282,0.76533934,0.529526695,0.702429361,0.32028362,0.453528557,0.501843379
AT3G57890,9.922739553,9.018353199,20.73773287,27.29501468,0.437146711,0.182109672,-0.121296784,0.971959027,0.478487191,0.330402944,-0.534253765
AT3G57990,8.702799332,5.759494021,18.51527803,11.794806,-0.235375334,0.739375931,-0.355707345,0.899651201,0.470033413,0.488307652,0.055027068
AT3G58010,2.591643486,3.242847531,13.80528847,12.2394398,-0.173994225,0.915784563,0.410763083,0.918817256,0.187728311,0.26495065,0.497077431
AT3G58030,3.376799869,2.708330177,11.09864273,1.747727437,-1.949561329,0.00087017,-0.400485964,0.91649376,0.304253408,1.549629605,2.348578096
AT3G58110,1.841538644,1.475131051,3.271822922,2.73150303,0.011365031,0.996322194,-0.295093368,0.953728363,0.562847895,0.540043718,-0.059668897
AT3G58120,5.698766259,4.103970977,7.052230313,10.86861895,0.774649691,0.170433021,-0.214092347,0.969930089,0.808079998,0.377598202,-1.097646227
AT3G58140,13.42774139,11.12437663,26.47710805,21.27207733,-0.003434895,0.996727001,-0.140379544,0.948642345,0.507145318,0.522956759,0.044292463
AT3G58460,1.903001907,2.019841573,5.30595851,3.599394408,-0.267352634,0.862348251,-0.085965575,0.989950827,0.358653748,0.561161502,0.64582433
AT3G58490,6.935359972,20.22826674,30.56512269,89.78681314,1.701344852,3.56619E-20,1.500844371,4.50758E-05,0.226904372,0.225292179,-0.010287179
AT3G58500,7.113134093,4.298450131,25.00287509,13.29925789,-0.491567151,0.150790175,-0.260694186,0.943207839,0.284492646,0.323209774,0.184079465
AT3G58510,6.134809736,5.65589711,6.807310997,6.166085714,0.235476159,0.804645411,0.077999115,0.987437048,0.901208971,0.917258918,0.025467352
AT3G58560,7.674706626,6.615953063,19.34543628,14.65840971,-0.290862191,0.778887704,-0.130219301,0.970346925,0.396719232,0.451341803,0.186102067
AT3G58610,62.08131575,43.32889424,105.6192342,98.1269407,-0.051908798,0.916061117,-0.478307419,0.089862385,0.587784188,0.441559616,-0.412678317
AT3G58620,7.001367806,3.353564197,13.27139747,12.61387791,-0.101571956,0.93949253,-0.823521598,0.346021421,0.52755317,0.265863061,-0.98863316
AT3G58640,3.879765135,4.571114567,9.309491338,8.052643956,0.133917404,0.85040896,0.255745974,0.93023294,0.416753719,0.567653878,0.445816454
AT3G58680,20.68932704,11.46353852,64.69617973,64.62943005,0.083205901,0.943056108,-0.51422045,0.789698208,0.319792098,0.17737335,-0.850345025
AT3G58730,29.00785717,21.48822496,75.5980781,69.09633165,-0.014037204,0.987419888,-0.149335012,0.944643059,0.383711569,0.310989374,-0.303156975
AT3G58790,4.769013098,3.025393312,15.00545106,4.485215254,-1.315802758,0.003244942,-0.199354431,0.963685245,0.31781871,0.674525779,1.085669523
AT3G58830,2.138376561,1.738017802,10.1595408,7.59058247,-0.102417445,0.94118669,-0.204578736,0.977375972,0.210479647,0.228970281,0.121479624
AT3G59020,6.788745949,6.378716433,12.47618809,11.4585675,0.018261229,0.983953622,-0.110261878,0.970413533,0.54413623,0.556676603,0.03287156
AT3G59040,3.502302961,2.127756455,3.251896454,3.195364298,0.408752887,0.798398024,-0.612255854,0.801334295,1.077003223,0.665888536,-0.693669959
AT3G59060,22.15006581,19.38803971,67.32054004,41.72814207,-0.475246722,0.09297915,-0.118542133,0.959316882,0.329023888,0.464627437,0.497882021
AT3G59080,6.954498046,25.27920134,13.88881472,54.60441233,2.031888566,2.10591E-14,1.975085946,5.31927E-10,0.500726533,0.462951624,-0.113161459
AT3G59090,3.664355065,2.327251736,4.675628419,2.63264891,0.090602778,0.963196936,-0.344744735,0.939534869,0.783713917,0.883996239,0.173713115
AT3G59290,1.42804651,1.205095009,2.288906111,1.384663589,-0.116510447,0.960313888,-0.03740435,0.993889967,0.623899121,0.870316096,0.480226702
AT3G59300,2.726196384,1.954474014,3.91078441,5.236179236,0.748389266,0.18917927,0.294135668,0.952358219,0.697097078,0.37326339,-0.901165564
AT3G59350,25.46984766,28.57306534,61.44124522,69.92167218,0.286894527,0.311432512,0.16763559,0.920242231,0.4145399,0.408643908,-0.020666745
AT3G59380,4.896924964,3.076853028,6.290820747,12.26180916,0.975491845,0.026046415,-0.484260706,0.901612329,0.778423859,0.250929776,-1.633272255
AT3G59400,52.8865407,37.66176008,161.5751853,100.1877468,-0.629436191,5.54426E-07,-0.553956287,0.121478116,0.327318459,0.375911838,0.199699384
AT3G59500,2.98791199,3.585384451,11.07215645,7.047333362,-0.204388617,0.906488061,0.213098214,0.970346925,0.26985818,0.508757606,0.914777039
AT3G59540,18.90255865,7.092116553,133.282389,171.8631146,0.222079023,0.569481705,-0.335009367,0.935505558,0.141823378,0.041266077,-1.78106716
AT3G59600,3.17845789,2.297726487,21.97017621,13.18190942,-0.017374648,0.994170275,-0.935940513,0.635542732,0.144671479,0.174309079,0.268867178
AT3G59660,4.306332618,2.999384176,5.925159291,7.216655795,0.115036486,0.946070988,-0.365996935,0.917987537,0.726787653,0.415619681,-0.806269941
AT3G59760,2.379395628,1.489331169,5.207969175,5.369933958,0.424553506,0.677743846,-0.573216591,0.877055808,0.456875905,0.277346273,-0.72011402
AT3G59770,3.338011233,3.756513988,5.604636844,3.824085893,-0.274534139,0.658855743,0.155451314,0.957770699,0.595580289,0.98232992,0.721911632
AT3G59780,27.99110627,25.37185571,58.85245538,58.02593203,-0.000969953,0.998678887,-0.136399667,0.922062997,0.475614927,0.437250292,-0.121334647
AT3G59810,4.188803411,3.406887114,7.343215392,5.002088151,-1.405512889,0.120339473,0.251854191,0.971959027,0.570431778,0.681092978,0.255797403
AT3G59840,3.815123835,5.685294859,42.31115729,15.61554981,-1.293205546,0.016020367,0.325457378,0.958591843,0.09016827,0.36407907,2.013560068
AT3G59910,4.578968325,2.697542166,8.326519301,8.275864091,0.021221205,0.991248821,-0.686203428,0.657034983,0.549925864,0.325952932,-0.754573489
AT3G59920,8.458125994,7.836337468,15.13510092,13.09839105,-0.281292865,0.484915417,-0.277606369,0.916442123,0.558841731,0.59826718,0.098350164
AT3G59940,36.06735651,18.98312294,93.84849384,56.36134865,-0.656349326,0.00014536,-0.757654831,0.029678603,0.384314708,0.336811013,-0.190348878
AT3G59970,29.70870767,31.56748152,63.29946836,66.07373646,-0.014953778,0.981376755,0.31211084,0.634971898,0.469335817,0.47776141,0.025669768
AT3G59980,4.777042275,2.987918336,21.49173966,14.95295605,-0.563093514,0.591967925,-0.244064083,0.964026953,0.222273411,0.199821248,-0.153625378
AT3G59990,4.581803741,7.161654252,16.49006191,19.00565629,0.323854609,0.559876274,0.708852287,0.638228306,0.277852428,0.376816993,0.439545178
AT3G60030,4.947256921,6.362246468,12.98007213,14.78163927,0.267964709,0.516838086,0.48453273,0.741674721,0.381142483,0.430415487,0.175399567
AT3G60080,1.830340394,1.764178667,9.475393591,3.784381376,-0.920949094,0.45334965,0.180665673,0.980146033,0.193167743,0.466173594,1.271013087
AT3G60130,5.85700682,2.3737133,7.966167697,9.866973609,0.253624817,0.811853731,-1.090349691,0.296062763,0.73523519,0.240571567,-1.611739679
AT3G60190,3.13714724,2.799216294,6.350065639,5.258507523,-0.088314247,0.963413635,-0.082935263,0.987703677,0.494033829,0.532321439,0.10768784
AT3G60200,3.306706561,1.978011286,4.4033005,14.11255264,0.928185471,0.435628393,-0.568829491,0.894665961,0.750960912,0.14015971,-2.421666121
AT3G60245,22.86412377,11.62651165,102.5964068,89.43917728,-0.387892957,0.642052369,-0.315537431,0.870892269,0.222855015,0.129993499,-0.777665945
AT3G60260,2.943413617,3.142550892,12.89508374,9.518925696,-0.662600434,0.483584561,0.103384248,0.987703677,0.228258589,0.330137139,0.532396297
AT3G60290,10.13888841,7.128431159,25.56825907,20.55472487,-0.360746316,0.335823159,-0.728565852,0.429232958,0.396541993,0.346802558,-0.193359114
AT3G60300,2.2790117,2.430668761,18.60414568,15.58746431,0.424864935,0.332218683,0.141188973,0.986150942,0.122500207,0.155937407,0.348182858
AT3G60320,8.847572481,4.766169474,20.21246222,19.11302965,-0.044059636,0.95445,-0.836361303,0.113757645,0.437728585,0.249367555,-0.811762829
AT3G60340,3.760520373,4.09618725,9.015038863,5.215304546,-0.553743412,0.654167406,0.120761595,0.985769092,0.417138565,0.785416693,0.912931564
AT3G60370,4.570099084,6.521382632,8.598609723,9.853428205,-0.046873935,0.989721267,0.36158299,0.927958111,0.531492791,0.661838956,0.316430086
AT3G60420,8.352031982,8.185527674,18.26457431,29.10131567,0.557698177,0.104940218,-0.164277466,0.977375972,0.457280407,0.281276894,-0.701088064
AT3G60590,4.718341596,2.5190548,8.569266284,8.543401177,-0.068963868,0.979907342,-0.550314196,0.897280897,0.550612087,0.294853858,-0.901036209
AT3G60600,3.291774146,7.388061201,28.10186103,18.17952105,-0.641441679,0.075793727,0.479479767,0.838762382,0.11713723,0.406394711,1.794681947
AT3G60750,232.8554389,165.8178114,399.9523884,315.5640074,-0.219554109,0.031089565,-0.431402182,0.00579154,0.582207897,0.525464906,-0.147939993
AT3G60770,19.34114609,16.10846367,114.0391779,95.98192578,-0.170256601,0.806782691,0.013240843,0.996883172,0.16960089,0.167828094,-0.015159503
AT3G60800,5.101198632,3.851079655,6.706495967,6.866893318,0.564973518,0.5991999,-0.13273636,0.984337283,0.760635458,0.560818332,-0.439671685
AT3G60820,8.612041153,5.737365917,49.40464679,31.16745673,-0.100300203,0.90200603,0.182837979,0.957926244,0.17431642,0.184081941,0.078639625
AT3G60860,3.963455845,4.380394857,8.182172109,6.958462806,-0.177376142,0.809140146,0.137077944,0.96219347,0.484401427,0.629506111,0.378017267
AT3G60880,2.57596265,1.85017119,4.253019077,3.047849578,-0.513037311,0.758966982,-0.176288254,0.977375972,0.605678602,0.607041503,0.003242713
AT3G61050,5.646242893,2.44467585,7.15716216,5.827355994,-0.579606903,0.359430533,-0.872578476,0.373269755,0.788894085,0.419517162,-0.911101789
AT3G61060,15.86735206,6.107213354,74.59339388,48.63295396,-0.76153168,0.000207564,-1.379265873,0.002177027,0.212717926,0.125577676,-0.760361595
AT3G61070,2.135626927,3.325700097,14.42522451,7.592687707,-0.731562299,0.372943148,0.310311213,0.96168669,0.148048089,0.43801355,1.564909629
AT3G61080,3.547949168,4.291321182,12.570383,10.59429762,-0.28506481,0.893246092,0.276932197,0.95845772,0.282246704,0.405059527,0.521177207
AT3G61110,24.1159677,15.36976464,194.3643362,143.6352273,-0.264725568,0.188791654,0.05885796,0.989950827,0.124076094,0.107005537,-0.213539727
AT3G61130,6.296337509,5.375115957,16.69273234,18.18507394,0.284493445,0.559876274,0.054142676,0.989950827,0.377190347,0.295578449,-0.35175167
AT3G61140,3.282738619,3.124873139,6.329792714,6.62631939,0.14404007,0.948769329,-0.157696876,0.978293689,0.518617081,0.471585047,-0.137151749
AT3G61190,4.600795869,19.83307111,17.88211479,57.27372426,1.753209528,1.03273E-08,2.0118812,1.59312E-05,0.257284774,0.34628569,0.428596686
AT3G61210,4.743191201,7.654039264,29.38817284,29.15839202,0.153810292,0.825794049,0.641604711,0.754869778,0.161397962,0.262498675,0.701687778
AT3G61220,3.72949371,2.248542604,11.04785649,6.583422047,-0.708356813,0.533048798,-0.524625077,0.899651201,0.337576227,0.341546173,0.016867317
AT3G61240,3.893899629,2.160645029,6.427774443,2.595774162,-0.487907481,0.798772459,-0.319346389,0.915554809,0.605792824,0.832370189,0.458400808
AT3G61260,29.24424065,29.26401198,181.9299504,201.1335488,0.141801914,0.634785713,0.01464333,0.996883172,0.16074451,0.145495429,-0.143795632
AT3G61320,1.484576242,1.406693128,2.791990468,3.333702337,-0.090233653,0.974983219,0.061581577,0.993235243,0.53172683,0.421961227,-0.333574826
AT3G61430,39.9927511,35.6277204,133.446076,106.2731743,-0.131671295,0.833711758,-0.022223077,0.992330648,0.299692223,0.335246601,0.161741058
AT3G61440,31.62939636,25.89473062,83.2305375,79.29650454,0.042660434,0.965564457,-0.019998342,0.993235243,0.380021532,0.326555764,-0.21875179
AT3G61460,9.470480197,8.404712053,34.80234279,10.23764972,-1.611102707,1.8969E-06,-0.020224906,0.996883172,0.272121916,0.820961088,1.593060692
AT3G61470,281.8374512,259.1726407,2331.958353,2415.502037,0.113799589,0.705343264,-0.026269982,0.984477763,0.120858698,0.107295559,-0.171730949
AT3G61580,61.42248806,58.05532726,203.7833125,237.993455,0.260663565,0.119007809,-0.048738751,0.977375972,0.301410784,0.243936655,-0.305224479
AT3G61600,7.135550523,7.126407972,19.57746249,13.61725499,-0.451514201,0.221486586,0.192533023,0.948329129,0.364477803,0.523336603,0.52190821
AT3G61640,16.72326272,24.12828958,182.2597828,375.8116926,1.042320373,6.13262E-05,0.64188605,0.33100762,0.09175509,0.064203137,-0.515144398
AT3G61690,1.977321644,3.412363735,2.572010614,3.23483872,0.106594557,0.961017844,0.735320525,0.498044092,0.768784403,1.054879093,0.456426678
AT3G61700,3.110325264,2.053988504,6.518850035,4.833094414,-0.582253541,0.323596361,0.002215336,0.999363834,0.477127906,0.424984147,-0.166967043
AT3G61710,1.941237628,1.675695972,5.468112767,4.729489021,0.002642319,0.999008442,-0.183303488,0.977375972,0.355010533,0.354308037,-0.002857638
AT3G61770,4.872403051,5.131311297,16.06495917,8.117204259,-0.729178944,0.173818435,-0.148465052,0.978293689,0.303293833,0.632152541,1.059556563
AT3G61820,3.373363042,2.455026465,6.547974969,5.37939648,-0.131205522,0.960313888,-0.401204456,0.920224397,0.515176533,0.456375817,-0.17484453
AT3G61870,30.62463566,30.79991233,127.3783928,134.675454,0.103219051,0.907027316,0.160474443,0.943207839,0.240422532,0.228697297,-0.072132791
AT3G61980,4.154055101,3.072466046,26.12344818,35.59251028,0.275408649,0.898510595,-0.205689017,0.977375972,0.159016339,0.086323387,-0.881351634
AT3G62010,6.756618882,6.533604214,11.29951168,10.24974644,0.02675293,0.983564631,0.003458457,0.998844586,0.597956715,0.63744057,0.092249789
AT3G62030,127.1742574,114.4562962,489.8444859,393.0283868,-0.217442723,0.010537921,-0.036296551,0.977375972,0.259621698,0.29121636,0.165680442
AT3G62120,11.27197125,11.99072377,26.826459,29.13399126,0.376096952,0.151934851,-0.033097458,0.993235243,0.420181107,0.411571613,-0.029867816
AT3G62150,11.16139233,14.33408953,14.79098956,21.56119151,0.606681211,0.000175287,0.393451768,0.425240374,0.754607546,0.664809713,-0.182785067
AT3G62220,3.026548305,3.302319612,3.768050926,9.996050491,1.611193966,0.02027838,0.197384294,0.97447605,0.803213217,0.330362438,-1.281733345
AT3G62240,2.521268609,3.053581656,7.17987224,7.800390364,0.295003741,0.817596302,0.425452425,0.895361484,0.351157865,0.391465236,0.156764446
AT3G62250,53.96013759,23.16344107,156.9310155,96.85565023,-0.525087765,0.195310089,-0.891984853,0.16584395,0.343846227,0.239154257,-0.523822044
AT3G62260,9.093007343,15.62527461,8.809398771,20.42282881,1.013318871,0.032984295,1.118432544,0.009073258,1.032193862,0.765088654,-0.432015123
AT3G62290,42.72002291,39.43726963,177.5570153,269.2631728,0.477120802,0.000280901,-0.056853604,0.986702811,0.240598902,0.146463659,-0.716087311
AT3G62310,2.658835601,2.51320856,6.274761822,5.788898313,-0.254938638,0.777376492,-0.096290706,0.987703677,0.423734904,0.434142806,0.035007706
AT3G62360,4.675021286,2.820002269,6.576277979,5.370741818,-0.21431731,0.72299941,-0.667929654,0.502506946,0.710891678,0.525067554,-0.437126697
AT3G62400,6.734724783,12.66226948,35.97335186,25.19675776,0.072906049,0.971309347,0.588239771,0.868934455,0.187214269,0.502535667,1.424535595
AT3G62410,72.83653055,55.24483348,346.7150209,251.3700821,-0.270668722,0.125483253,-0.246016765,0.860339978,0.210076074,0.219774895,0.065114735
AT3G62420,25.46369292,29.59021546,79.55431297,103.8909735,0.588788963,0.010565674,0.866362906,9.03755E-05,0.320079352,0.284819888,-0.168379722
AT3G62530,12.88877975,11.25624364,60.62393882,42.08459949,-0.303625429,0.268780526,-0.064212648,0.987703677,0.21260215,0.267467049,0.331204979
AT3G62560,8.070500944,3.493976,19.92583188,18.51824058,0.382053202,0.739375931,-0.265163738,0.956159786,0.405027052,0.188677536,-1.102095605
AT3G62580,7.799582125,5.469715807,15.84706532,8.53459365,0.221448232,0.858783522,-0.643969684,0.784808883,0.492178329,0.640887666,0.380890371
AT3G62600,2.629263347,2.896030005,9.874758101,5.439846634,-0.379296574,0.857511431,0.375397245,0.936826375,0.266261039,0.532373466,0.999597329
AT3G62650,5.029545283,2.441067763,21.17473956,24.76074331,0.539185636,0.5044726,-0.346812117,0.943207839,0.237525721,0.098586207,-1.268626028
AT3G62660,6.037320433,3.181059493,17.21152444,26.61059462,0.495326253,0.347052376,-0.771201335,0.563828357,0.350771976,0.11954109,-1.553026885
AT3G62690,1.975321409,3.550631351,9.024310017,5.726903864,-0.696781315,0.669949301,0.943032737,0.639882768,0.218888913,0.619991436,1.502049406
AT3G62700,6.700424541,5.873755457,5.918891953,4.522169332,-0.311214207,0.512275615,-0.178804285,0.922062997,1.132040354,1.298880034,0.198342801
AT3G62720,9.283603958,17.70095154,18.78918997,50.12569402,1.466532268,1.36124E-09,1.107215727,0.007225528,0.494092825,0.353131301,-0.484577402
AT3G62770,5.91472975,5.330949241,12.1465858,10.89701149,-0.037146836,0.982955593,-0.296152291,0.922491402,0.486945867,0.489212042,0.006698518
AT3G62820,4.936972945,6.899917329,25.93053288,17.260265,-0.132378115,0.918333728,0.301812383,0.953728363,0.190392267,0.399757323,1.070149576
AT3G62830,3.072289502,5.456440478,11.06705904,7.145058171,-0.141706484,0.900005789,0.813212313,0.561069228,0.277606679,0.763666348,1.459900174
AT3G62870,24.204456,20.5819968,127.878228,103.1717964,-0.210750639,0.73489114,-0.155794568,0.943207839,0.18927738,0.199492473,0.075832303
AT3G62900,1.444847249,1.986946763,3.329678495,2.745611953,-0.254828159,0.777722269,0.299076711,0.922062997,0.433929958,0.72368084,0.737891384
AT3G62910,4.243116507,5.080461122,12.30987335,16.80692147,0.517554789,0.201969546,0.264372905,0.957161107,0.344692133,0.302283861,-0.189404416
AT3G62940,3.218145106,2.596481718,10.64148169,6.083892168,-0.626166111,0.649719997,-0.123287775,0.987703677,0.302415134,0.426779707,0.496961243
AT3G62950,7.555993802,15.79229655,60.79178581,125.2388468,0.829320121,0.000445798,0.741753753,0.429232958,0.124293006,0.126097429,0.020793738
AT3G62980,7.814913003,3.564943622,21.63162151,9.420882598,-0.815138553,0.017887115,-0.746749937,0.346021421,0.36127264,0.378408667,0.066857132
AT3G63010,2.978825235,5.235572542,9.148702549,17.93586696,0.591431932,0.207708336,0.353237142,0.918446523,0.32560084,0.291905184,-0.15760459
AT3G63070,2.405796681,2.063003098,5.190058333,3.591830355,0.101756173,0.904497626,-0.082177184,0.987703677,0.46353943,0.574359837,0.309262807
AT3G63080,6.364856523,1.790446498,19.63440313,35.32726784,0.568077072,0.303626443,-0.458504096,0.922062997,0.324168577,0.050681714,-2.67720702
AT3G63130,1.656473989,1.427233507,4.729903364,2.387356167,-0.485702546,0.728332502,-0.205839822,0.976316817,0.350213072,0.597830155,0.771502733
AT3G63140,115.3160554,92.07270547,308.1214175,289.0369941,-0.01352722,0.970059848,-0.180905153,0.694972648,0.374255241,0.3185499,-0.232503137
AT3G63160,11.2210248,18.88486154,239.5554483,249.6100117,0.148969068,0.803541527,0.012499528,0.996968648,0.046841034,0.075657468,0.69170959
AT3G63190,20.7194861,21.07244715,66.78547994,60.79197162,0.009927511,0.990646558,-0.166590499,0.933083297,0.310239383,0.346632073,0.16002331
AT3G63260,5.330722446,9.149295913,18.19574263,31.31770893,0.876447753,0.065242317,0.564332118,0.771515916,0.292965369,0.292144484,-0.004048084
AT3G63310,9.093857598,5.634544362,25.22143653,30.86018422,0.344758832,0.576669733,-0.916109779,0.385463602,0.360560652,0.182582979,-0.981689686
AT3G63340,2.280346973,1.159346388,3.879868363,6.246877818,0.752096395,0.032841289,-0.755067624,0.655288289,0.587738232,0.185588132,-1.663069289
AT3G63400,1.091223001,2.008937025,3.804302776,10.22889571,1.255282077,0.002879714,0.843636367,0.69286726,0.286839157,0.196398231,-0.546460046
AT3G63410,67.82976027,49.35241374,292.5334504,265.4350203,-0.110598365,0.78749302,-0.296865991,0.668084604,0.2318701,0.185930303,-0.318554871
AT3G63460,11.29852177,8.404076292,15.06135778,15.08951891,0.017223546,0.990646558,-0.213295667,0.877055808,0.750166215,0.556947928,-0.429667842
AT3G63490,84.02675136,65.2070379,262.0069694,248.2316469,-0.062850779,0.970612989,-0.105825765,0.923139787,0.32070426,0.26268624,-0.28790289
AT3G63500,9.852033165,16.9037591,14.35088645,21.62099,0.776772462,0.00120579,0.726548873,0.018358782,0.686510426,0.781821697,0.187557993
AT3G63520,28.4584916,27.52279002,87.02758123,86.98464898,0.069541726,0.851335333,0.110516831,0.952358219,0.32700543,0.316409738,-0.047520589
AT3G63540,26.91107758,21.28211434,153.4900109,81.52640327,-0.646824823,0.018372508,-0.326028606,0.901612329,0.175327876,0.261045667,0.574246821
AT4G00030,4.774196103,4.058640124,29.64138697,20.65353321,-0.282128661,0.924950375,-0.149589706,0.986306587,0.161065206,0.196510693,0.286962946
AT4G00050,3.894326153,2.362683336,10.48853308,11.17944649,0.057555417,0.983396337,-0.509631312,0.899651201,0.37129369,0.21134171,-0.812983276
AT4G00100,22.54523407,24.68311614,172.1241643,155.0843374,-0.074747574,0.907655977,0.253692082,0.908309853,0.130982388,0.15915931,0.281098711
AT4G00165,4.47168468,3.085072306,15.46157923,4.265189477,-1.874934436,0.002183341,-0.330687384,0.957572781,0.289212674,0.723314245,1.322491786
AT4G00180,12.21204652,7.928724811,23.40471579,17.33740423,-0.294766402,0.795546241,-0.54609379,0.788384684,0.521777176,0.457319026,-0.190232898
AT4G00230,1.630314564,2.800298477,3.877679049,4.981738439,0.351397883,0.73394931,0.603659674,0.792052106,0.420435664,0.562112706,0.418974375
AT4G00300,10.0444955,15.76590773,23.68249246,32.91368997,0.54412321,0.000379337,0.682151205,0.101155664,0.424131688,0.479007603,0.17553628
AT4G00330,17.66034054,15.59542826,44.95821776,46.66482369,0.352451787,0.359025574,-0.183346534,0.938226514,0.39281674,0.334200947,-0.233140592
AT4G00340,2.904707164,1.141613085,3.574294652,4.066248442,0.225339692,0.892972006,-1.118181763,0.384742308,0.81266584,0.280753402,-1.533358745
AT4G00355,3.686592732,5.18192845,19.37501343,14.62507801,-0.107955627,0.950216419,0.106503511,0.987703677,0.190275622,0.354318004,0.896954039
AT4G00360,41.99649157,30.65740699,91.37558578,63.68302795,-0.433751006,0.000351075,-0.224709954,0.751496955,0.45960298,0.481406239,0.066866686
AT4G00370,10.3316663,8.427886949,25.66855295,20.83346774,-0.208776164,0.799244002,-0.189576469,0.952358219,0.402502873,0.404535964,0.007268886
AT4G00400,7.587313898,4.809860469,16.31124366,5.771515712,-1.162154664,0.006901306,-0.560636772,0.751606844,0.465158516,0.833379082,0.841250449
AT4G00430,27.03553918,20.70214878,68.32809099,58.10843306,-0.308739153,0.35146266,-0.206224971,0.919796702,0.395672392,0.356267545,-0.151345341
AT4G00440,1.640429818,1.449895883,3.46315398,2.343742341,-0.364558883,0.720521608,-0.228885861,0.96219347,0.473680878,0.618624265,0.385147991
AT4G00450,2.91705554,3.651202407,4.011954474,3.938258598,0.060738502,0.975009112,0.328582556,0.799037822,0.727090888,0.927110883,0.350606182
AT4G00560,1.897916201,1.235449753,7.307017574,7.934283656,0.24421493,0.887468187,-0.229171851,0.97421589,0.259738831,0.155710308,-0.738197256
AT4G00570,9.621053077,7.442516911,21.44792844,22.82165939,0.104120961,0.874613527,-0.256517327,0.916509151,0.448577265,0.326116378,-0.459969603
AT4G00585,5.125641327,3.997228086,49.96146658,30.45708767,-0.629142541,0.137670356,-0.403540317,0.926930596,0.102591891,0.13124131,0.355305199
AT4G00630,2.951989367,2.768723842,4.052312742,2.80008547,-0.313995215,0.707167271,-0.174748433,0.964026953,0.728470272,0.98879976,0.440808294
AT4G00710,3.347888548,3.593442606,10.9839969,9.101653564,-0.311586628,0.626092726,0.054232933,0.991057974,0.304796931,0.394812061,0.373317687
AT4G00720,7.364250575,11.32293988,19.26868391,22.21602901,0.241887365,0.625756167,0.647469801,0.395206563,0.382187523,0.509674338,0.415295036
AT4G00730,4.121255318,4.111741932,10.25431887,10.71152912,0.09411505,0.922517004,0.173603358,0.964026953,0.401904346,0.383861341,-0.066266905
AT4G00740,4.452950939,3.517208339,7.288119592,7.377552514,-0.252739154,0.881080612,-0.338658687,0.906973926,0.610987633,0.476744602,-0.357926574
AT4G00750,2.459372805,2.295241456,8.335741583,7.03726776,-0.158056243,0.859797054,0.006032061,0.999096263,0.295039473,0.326155197,0.144650634
AT4G00752,1.849961231,1.722514084,5.691955041,4.342779069,0.236872886,0.913919771,-0.115128921,0.987703677,0.325013325,0.396638663,0.287326448
AT4G00780,15.07252716,12.33606881,58.52447645,69.7063627,0.149639737,0.604599192,-0.136754982,0.957926244,0.257542281,0.17697192,-0.541288837
AT4G00800,2.095545595,2.250928549,3.637743244,3.052153128,-0.09575052,0.91429777,0.108416267,0.977375972,0.576056487,0.737488735,0.356410725
AT4G00810,14.58126302,10.58064003,123.725657,132.159704,0.263598184,0.703644183,0.093375609,0.987703677,0.117851571,0.080059502,-0.557826448
AT4G00830,3.965305072,2.826097504,6.265520321,6.08389595,-0.012190388,0.994871386,-0.273585324,0.950467107,0.632877218,0.464521012,-0.446181779
AT4G00860,8.492928637,7.561008369,44.97181816,15.08953797,-0.535319784,0.119677404,0.622081027,0.771567415,0.188850017,0.501076201,1.407789103
AT4G00895,19.2573612,14.60722269,62.42231801,57.7885429,-0.105762909,0.922141838,-0.162760749,0.969223621,0.308501219,0.25277022,-0.287449688
AT4G00970,5.661143503,9.430402189,12.88372455,31.08478667,1.377361885,1.32968E-14,0.772921345,0.239793752,0.439402712,0.30337677,-0.53443315
AT4G01000,4.416816365,2.89288655,13.67741443,6.757044779,-0.726395205,0.077250627,-0.060764637,0.989950827,0.322927728,0.428128959,0.406834103
AT4G01010,2.685256869,12.98222466,7.558552653,22.31867021,1.537378251,0.000164254,2.171520947,9.01055E-09,0.355260722,0.581675545,0.711336462
AT4G01026,12.29141051,7.740815922,43.97011203,16.50493803,-0.664693791,0.715066762,-0.812729095,0.24134781,0.279540123,0.468999999,0.74653255
AT4G01050,51.65067579,38.90247934,167.624887,142.976507,-0.200319854,0.258198771,-0.323820034,0.456761195,0.308132502,0.272090011,-0.179466874
AT4G01070,2.783408717,3.192681392,10.52658757,6.589420349,-0.424020385,0.560924995,0.282053305,0.953728363,0.264417001,0.484516274,0.873730182
AT4G01090,5.110297843,22.91934991,10.93151392,48.32718807,2.222246,1.1213E-36,2.181637386,2.27018E-16,0.467483084,0.474253745,0.020745002
AT4G01100,7.003257023,6.31664577,19.54629956,31.69758024,0.431584364,0.101635198,0.372614049,0.87038897,0.358290683,0.199278485,-0.84634457
AT4G01150,97.87886935,80.27039192,1109.384402,973.5692148,-0.127520234,0.304948832,0.003159606,0.998844586,0.088228092,0.0824496,-0.097725603
AT4G01210,3.509958426,2.366500961,5.956911184,4.728941321,-0.215093603,0.817490759,-0.441339068,0.804102054,0.589224569,0.500429335,-0.235651226
AT4G01250,49.40936242,92.21808214,104.473684,311.7282443,1.750929313,1.67216E-56,1.068095906,2.37816E-06,0.472935964,0.295828446,-0.676884068
AT4G01290,5.426102259,4.908932296,10.32265057,14.31212783,0.466215887,0.052507186,-0.154775008,0.961585417,0.525650096,0.342991088,-0.615931683
AT4G01310,53.94302456,42.6062762,190.3687158,137.0719595,-0.363306458,0.003401721,-0.197105019,0.892753191,0.283360763,0.310831452,0.133492491
AT4G01320,3.807635023,5.383819618,10.25404101,9.911097619,0.310958597,0.840319859,0.284500094,0.92704861,0.371330193,0.543211239,0.548810705
AT4G01330,5.737501989,5.870241572,14.34453261,11.70265765,-0.235757879,0.790150918,0.056121533,0.990414784,0.399978316,0.501616107,0.326661887
AT4G01360,5.831677445,14.27390112,13.46718673,31.28999875,1.292398764,8.42352E-05,1.320893265,0.01312454,0.433028632,0.456180942,0.075143759
AT4G01370,8.599682861,4.663060141,22.18452051,22.41346684,-0.008217377,0.995296217,-0.357590319,0.901612329,0.387643396,0.20804725,-0.897818866
AT4G01400,2.108456314,2.026225689,5.183134062,2.715705218,-0.797845877,0.139118546,-0.149874074,0.977375972,0.406791777,0.746114002,0.875105568
AT4G01690,17.27647668,14.96988355,46.25328149,33.25085953,-0.432954025,0.227530883,-0.06895434,0.982744851,0.37351894,0.450210423,0.269418059
AT4G01700,3.925259286,34.75409397,21.23145603,146.0236059,2.886562529,7.33305E-43,3.055200949,3.96287E-14,0.18487942,0.238003258,0.364396681
AT4G01800,16.72596979,13.57828316,26.73471153,21.57937047,-0.242548856,0.45334965,-0.321844541,0.624229391,0.625627465,0.629225175,0.008272545
AT4G01810,3.544693761,1.955563035,9.13845183,7.45394493,-0.293760106,0.849214745,-0.652672077,0.711985386,0.387887777,0.262352761,-0.564131339
AT4G01850,21.47892559,14.1287502,84.93886149,75.85233327,-0.154099089,0.708222269,-0.496015211,0.449678151,0.252875129,0.186266521,-0.441056765
AT4G01870,9.786163148,19.27283235,15.0749253,38.3010285,1.381504964,1.65242E-09,0.97726007,0.004107404,0.649168268,0.503193598,-0.367478914
AT4G01883,3.964762756,7.295200092,22.02668241,28.62044356,0.635525221,0.165632956,0.715911157,0.538203091,0.179998181,0.254894725,0.501919194
AT4G01900,3.674939323,2.359211143,13.43242604,6.341877794,-0.249922176,0.904026791,-0.205378738,0.97690286,0.273587162,0.372005141,0.443322025
AT4G01935,1.439163587,1.880383131,4.568813911,9.445572637,0.658225838,0.594737798,0.129586972,0.987703677,0.314997199,0.19907561,-0.662022526
AT4G01940,6.873198405,8.763166168,27.48670415,26.43776441,-0.08840389,0.971309347,0.308301381,0.936826375,0.250055386,0.331463963,0.406604351
AT4G01950,17.64744473,30.87560501,27.17528927,40.24530383,0.65125783,0.00467491,0.938983578,0.000219394,0.649393077,0.767185288,0.240483049
AT4G02020,1.39355034,2.249511258,2.623487666,3.502965175,0.569227031,0.598434505,0.288402431,0.950970119,0.531182348,0.642173458,0.273755831
AT4G02080,11.57629722,4.532846381,36.96592964,23.74131701,-0.763793562,0.062470617,-1.026551872,0.372650221,0.313161263,0.190926492,-0.713888467
AT4G02120,2.35117867,1.601186444,9.58528364,4.677691493,-0.125758938,0.932597259,-0.083155991,0.989950827,0.245290464,0.342302704,0.480781539
AT4G02200,4.96766433,20.32763331,30.66591641,44.9228419,0.826839752,0.009070438,1.698405885,0.000645347,0.161993017,0.452501054,1.481989525
AT4G02230,7.521653856,6.159429163,34.7091476,21.33673722,-0.59107223,0.313131585,-0.034607988,0.993889967,0.216705231,0.288677182,0.413723094
AT4G02260,2.21331038,1.838152989,7.524236517,5.842420904,-0.107690111,0.907229718,-0.124246832,0.985124941,0.29415747,0.314621801,0.097029969
AT4G02330,6.45078913,12.26651298,10.30613959,19.45647423,0.920113877,0.108094931,0.968274195,0.063469007,0.625917112,0.63045919,0.010431367
AT4G02340,2.568187346,4.512413773,14.77456949,13.96318289,-0.026400443,0.987868202,0.706789413,0.77124844,0.173824851,0.323165127,0.894637168
AT4G02350,10.54463029,13.87914396,17.43219608,22.5878073,0.380058621,0.122121754,0.440944823,0.536641217,0.60489397,0.614452912,0.022620177
AT4G02370,4.04488257,2.238339022,20.19543829,21.87256015,0.128278157,0.932567646,0.055896293,0.993235243,0.200286942,0.102335484,-0.968761893
AT4G02380,61.40957695,184.7038093,356.735184,1061.34639,1.632352374,4.35301E-51,1.660726015,4.22767E-17,0.172143314,0.17402783,0.015707885
AT4G02410,2.440471434,8.167073331,3.103696462,7.613707227,1.762171967,5.64217E-06,1.579161018,0.000693101,0.786311246,1.072680245,0.448047693
AT4G02420,2.124803743,2.164070515,3.880194373,2.981437298,-0.349739775,0.770110016,0.071734959,0.991004798,0.547602398,0.725848072,0.406538844
AT4G02440,3.724244072,3.806908083,13.18298295,13.8275936,0.110747879,0.939192099,0.028207964,0.996883172,0.282503898,0.275312407,-0.037201146
AT4G02450,6.784552749,4.092231364,28.61451,15.22927354,-0.463327453,0.839515142,-0.123039837,0.977375972,0.237101832,0.268708245,0.180533777
AT4G02480,11.39979882,9.778103472,14.29347189,17.37578137,0.383463387,0.300969421,-0.234491139,0.870329552,0.797552821,0.562743238,-0.503103253
AT4G02500,9.762348704,9.489948366,24.13118503,23.48210998,-0.004332929,0.996592681,0.133397789,0.969732935,0.404553224,0.404135249,-0.001491329
AT4G02510,27.24633766,23.91395605,37.09001935,33.88883185,-0.016906345,0.975009112,-0.197768886,0.694972648,0.734600254,0.705658907,-0.057988397
AT4G02520,23.04879238,29.601885,87.6590448,132.4753565,0.708625798,1.75563E-05,0.65981664,0.068341931,0.262936842,0.223452012,-0.234751264
AT4G02530,41.51138227,43.33140794,104.2436172,95.86903511,-0.052270658,0.914979914,0.077853291,0.978293689,0.398215098,0.451985439,0.182728376
AT4G02540,4.265583855,3.11943842,3.32260974,5.245321324,0.604433733,0.374554783,-0.358155527,0.915554809,1.283805258,0.594708737,-1.110171199
AT4G02570,8.213612721,10.51615726,17.97337788,14.11453527,-0.178491438,0.861097181,0.334322845,0.836852615,0.456987706,0.745058697,0.705198736
AT4G02580,10.0992926,8.460605319,40.04996093,13.81062994,-1.245962645,0.000723931,-0.039358862,0.993235243,0.252167352,0.612615453,1.280600256
AT4G02600,4.445627546,5.383016558,9.522315204,9.0689459,0.10184082,0.956371932,0.332562764,0.906973926,0.466864145,0.593565847,0.34640529
AT4G02620,6.335428541,5.72529375,60.43528199,62.63113503,0.078996974,0.93949253,-0.060921401,0.993235243,0.104829966,0.091412901,-0.19758148
AT4G02680,3.711835274,4.409877864,5.40494883,4.692716728,-0.189082253,0.903993294,0.205004972,0.95584419,0.686747533,0.939728119,0.452463596
AT4G02725,5.532690032,5.534101163,23.80206419,16.9629781,-0.154802305,0.960183377,0.013892137,0.997778221,0.232445808,0.326245847,0.489065133
AT4G02770,333.0652487,261.1232444,1623.113266,1392.477122,-0.137732209,0.410796729,-0.095803696,0.915554809,0.205201483,0.187524262,-0.129963892
AT4G02790,6.196831257,7.010067217,11.90572002,14.35595571,0.116846972,0.916186174,-0.012256911,0.997324194,0.520491935,0.488303765,-0.09209691
AT4G02860,3.274353052,2.086333754,4.023824538,7.682293839,0.956611263,0.203509277,-0.518198866,0.906973926,0.813741509,0.271576927,-1.58320967
AT4G02880,2.070052232,4.615958834,5.185853901,4.164220745,-0.201838944,0.903853679,1.246769029,0.132639347,0.399172879,1.108480822,1.473498202
AT4G02890,11.80565505,8.779625296,48.99739972,52.9475049,-0.234768818,0.392341311,-0.473718621,0.4962986,0.240944522,0.165817545,-0.539104332
AT4G02920,17.32603451,10.04989484,58.26948963,48.19219724,-0.21086416,0.669472127,-0.677308767,0.391931904,0.297343166,0.208537801,-0.511819996
AT4G02930,2.3344315,2.415943108,7.449585951,5.886029048,-0.122618805,0.955342697,0.396867418,0.929232007,0.313363926,0.41045382,0.389380806
AT4G02940,6.06781548,3.866477074,9.133564266,5.502548684,-0.474187529,0.678375769,-0.436201314,0.878842945,0.664342562,0.702670216,0.080920405
AT4G02990,2.239373008,2.64019982,5.558407923,4.4516969,0.114485929,0.948777111,0.00935297,0.998616188,0.402880292,0.593077175,0.557868615
AT4G03020,6.484365483,6.517812087,19.64716953,29.39796881,0.517429779,0.510793711,0.121998669,0.977375972,0.330040695,0.221709606,-0.573972643
AT4G03080,7.963130661,7.257072117,15.86186954,13.78913665,-0.263120731,0.600531957,-0.099729792,0.973429971,0.502029766,0.526289085,0.068082568
AT4G03110,6.663993918,6.538671134,24.09116077,27.46868948,0.319682286,0.295626149,0.248628367,0.933083297,0.276615726,0.238040884,-0.216673794
AT4G03200,1.817788618,2.532214581,4.991036872,5.979437521,0.254354035,0.840319859,0.355721407,0.921376925,0.364210617,0.423487088,0.217545003
AT4G03210,6.917402006,3.172678495,18.84126175,15.50609151,-0.128233978,0.955140301,-1.071409469,0.240456365,0.367141123,0.204608524,-0.843468471
AT4G03260,7.093357598,6.414826241,15.93998043,16.45645211,0.380721196,0.393736737,-0.016083218,0.996883172,0.44500416,0.38980615,-0.19106197
AT4G03280,288.1014664,249.7855995,1297.081873,1240.555884,0.019177768,0.937734607,-0.19506637,0.647008158,0.222115097,0.201349736,-0.141603877
AT4G03415,3.689771008,3.566158173,6.937940254,7.395803222,-0.118238446,0.949958891,-0.003738685,0.999274118,0.531825135,0.48218673,-0.141360013
AT4G03420,5.290026842,3.402488026,10.48239396,3.247826601,-0.405842879,0.672901452,-0.957806167,0.521257388,0.504658274,1.047619976,1.053736762
AT4G03430,5.491084127,5.606002969,9.850079287,12.58783671,0.37951914,0.666672892,-0.006829461,0.997778221,0.557465982,0.445350786,-0.323941633
AT4G03450,2.640817383,4.790171845,7.685444523,11.51654351,0.715313001,0.214575181,0.785866973,0.521533068,0.343612835,0.415938327,0.275585703
AT4G03510,5.948546251,4.819773594,16.30849865,9.169041674,-0.700387611,0.201473851,-0.563064573,0.836852615,0.36475131,0.52565729,0.527209358
AT4G03520,55.0626965,32.8024377,221.5269552,208.9950876,-0.0995884,0.853532183,-0.482285504,0.402773541,0.248559804,0.156953152,-0.663259007
AT4G03550,9.243985062,9.215943452,12.56332048,12.94880894,0.129194816,0.782338433,0.042286226,0.987703677,0.735791551,0.711721325,-0.047984648
AT4G03560,12.84826338,14.40566279,13.95113588,12.63296092,0.109186122,0.874760581,0.22583703,0.878842945,0.920947476,1.140323545,0.308252437
AT4G04020,30.13425439,20.89272451,98.84939874,76.62367957,-0.169330165,0.512657951,-0.360826539,0.762626598,0.304850154,0.272666683,-0.160961847
AT4G04040,6.923279836,7.379740511,16.13203417,13.70721417,0.035348464,0.973368935,0.040117141,0.993213055,0.429163474,0.538383688,0.327107403
AT4G04210,5.35150433,4.189566272,22.01597784,17.53629299,-0.058281442,0.981376755,-0.214289433,0.971959027,0.243073661,0.238908318,-0.024936485
AT4G04320,2.429948919,2.14754737,5.502996585,4.581439478,-0.05313456,0.988130682,-0.100589345,0.987703677,0.441568313,0.468749479,0.08618044
AT4G04330,2.605759453,3.674311993,5.75263852,4.980213111,-0.176839763,0.956371932,0.406793574,0.936826375,0.452967702,0.737782081,0.703786563
AT4G04340,9.540930756,8.703161299,19.21867054,17.77641633,-0.07417348,0.953880993,-0.109057578,0.970346925,0.496440726,0.489590317,-0.020046449
AT4G04350,3.234220659,3.048051273,5.199411284,2.224244932,-0.934245913,0.23283646,-0.115292699,0.980146033,0.622035935,1.37037573,1.139501674
AT4G04470,3.030973508,1.947438905,6.017658183,10.06082795,0.627462885,0.599499128,-0.371214915,0.950467107,0.503679906,0.193566465,-1.379678144
AT4G04570,9.10689892,8.014893788,16.66950698,22.40871989,0.436175312,0.43120124,-0.032312398,0.993230672,0.546320832,0.357668525,-0.61112527
AT4G04640,211.4276794,203.1605485,616.9581877,580.8189652,-0.03674157,0.895234524,0.006588418,0.996810438,0.342693692,0.349782911,0.029540169
AT4G04770,14.51551723,18.26476234,36.11939067,26.99555875,-0.286914887,0.520789691,0.328735973,0.748182721,0.401876027,0.676583971,0.751518478
AT4G04840,6.775832306,5.331560675,32.04729869,30.67158448,0.113929973,0.962879356,-0.342221148,0.922062997,0.211432245,0.173827364,-0.282540206
AT4G04850,10.47283267,10.00283996,23.31783596,23.53293158,0.254379898,0.443891352,-0.110198041,0.970346925,0.449133988,0.425057113,-0.079489199
AT4G04890,3.710868558,3.187533413,7.089722072,5.276987713,-0.490248712,0.624865373,-0.301553325,0.912582115,0.523415237,0.604044123,0.206698012
AT4G04910,2.88216708,2.552487898,4.011020604,5.053104854,0.272344007,0.797160104,-0.124842767,0.984029199,0.718562023,0.505132581,-0.50845059
AT4G05020,2.620754904,4.665242986,5.664450161,5.722455943,-0.123469636,0.95445,0.683204662,0.686025267,0.462667131,0.815251883,0.817271259
AT4G05050,40.92484334,41.88539373,215.2765224,178.7284468,-0.132237961,0.20288957,0.072994608,0.961585417,0.190103607,0.234352139,0.301892057
AT4G05090,4.648345779,5.442771049,12.19401938,13.51947372,0.074374158,0.973750932,0.240082039,0.957797759,0.381198818,0.402587494,0.078758711
AT4G05100,4.600815455,2.051319013,9.512077203,8.79929762,-0.013118718,0.994562397,-0.924675679,0.622057365,0.483681467,0.23312304,-1.052965662
AT4G05150,8.246544539,7.856833136,32.11006134,29.4388347,-0.035356714,0.981376755,-0.065964273,0.988906775,0.256821202,0.266886689,0.055463047
AT4G05160,3.174731477,2.578298726,10.48776766,4.789411395,-0.886267779,0.231282816,-0.108200445,0.987703677,0.302708029,0.538333109,0.830572216
AT4G05180,409.5499683,342.8760728,1387.069825,1125.47655,-0.1318158,0.465312215,-0.132108576,0.75044202,0.29526269,0.304649682,0.045152166
AT4G05320,42.17821804,48.96164438,156.4697338,158.1522761,0.04165278,0.862934407,0.385415376,0.008363404,0.269561512,0.309585455,0.199723169
AT4G05420,6.59250759,4.451842591,7.074300245,8.258369289,0.097330035,0.946910465,-0.322955857,0.833378374,0.931895362,0.539070419,-0.789694227
AT4G05530,4.108587034,4.871106938,9.539722621,11.83043469,0.544104523,0.60044524,0.195155083,0.97690286,0.430682023,0.411743699,-0.064876533
AT4G06746,8.15474459,6.221157882,26.2229575,30.97290951,0.206811748,0.889354665,-0.247876892,0.953728363,0.310977303,0.20085804,-0.630633078
AT4G07390,2.083746087,2.122822843,12.06719319,8.672376152,-0.427212756,0.812408985,0.356910933,0.936826375,0.172678605,0.24477984,0.503395398
AT4G07410,2.24744256,2.364565344,7.486631627,3.698419709,-1.071951924,0.00326336,0.117626209,0.985287668,0.300194089,0.639344783,1.090698581
AT4G07825,5.658093557,4.775458613,10.16647667,5.511902567,-1.228270694,0.043956193,-0.096593094,0.987703677,0.556544193,0.866390245,0.638520747
AT4G08170,3.427945346,2.271218711,23.35826756,14.85179433,-0.18853093,0.895200469,-0.551518622,0.86215767,0.146755119,0.152925543,0.059418566
AT4G08180,2.202819514,1.470483442,4.03533446,2.340089696,-0.998434615,0.082868981,-0.334426936,0.927958111,0.545882761,0.62838764,0.203063668
AT4G08230,4.340892734,9.879350067,12.21401032,36.36618489,1.373666005,0.001847622,0.430421014,0.906973926,0.35540274,0.271663087,-0.387636253
AT4G08280,10.40625024,6.375904685,29.0461392,16.4622939,-0.902989417,0.373589259,-0.32811195,0.943207839,0.358266211,0.387303539,0.112432698
AT4G08300,3.690885787,1.721850599,3.807663577,4.889287408,0.434759053,0.822774047,-0.051923247,0.993235243,0.969330854,0.352168006,-1.460725324
AT4G08350,4.007401472,4.748155032,6.232984083,5.386895931,-0.198049731,0.857511431,0.159295669,0.961585417,0.642934655,0.881426909,0.455168826
AT4G08390,4.876452822,8.300754064,29.23099103,14.60472575,-0.681210823,0.074006773,0.700330774,0.749215808,0.166824752,0.568360831,1.768473777
AT4G08470,3.250749862,4.894663626,8.351385395,5.736511468,-0.155266992,0.916420156,0.171966606,0.967241796,0.389246779,0.853247423,1.132279052
AT4G08500,3.543542981,6.174636998,9.985053214,12.81247735,0.54990376,0.028985388,0.651214886,0.406577923,0.354884737,0.48192374,0.441454343
AT4G08520,2.960504104,2.083649362,10.70408365,9.185303016,-0.653340138,0.251971734,-0.064992769,0.992589008,0.276577071,0.226846012,-0.285968259
AT4G08555,3.391923086,2.803757382,11.05455588,33.77304635,1.399220201,0.114710564,1.847510712,0.059806523,0.306834858,0.083017604,-1.885973195
AT4G08685,7.679750743,5.420207542,22.27693407,10.69714404,-1.044703325,0.159259289,-0.383587841,0.936826375,0.344740022,0.506696696,0.555613626
AT4G08810,3.662101533,2.141027638,5.148579157,2.317547859,-0.583895491,0.51643414,-0.401557977,0.906973926,0.711283914,0.923833193,0.377206846
AT4G08850,21.84202274,53.51116769,47.95323247,116.0029079,1.384949858,4.17106E-28,1.306485391,4.72699E-17,0.455485931,0.461291606,0.018272548
AT4G08870,8.903404625,6.58745214,33.82111371,28.0937186,-0.111826349,0.879265843,0.130605904,0.971910818,0.263249895,0.234481317,-0.166959977
AT4G08900,1.367975538,1.812741076,2.81840218,7.164998671,0.902542987,0.126771997,0.157536396,0.986063809,0.485372722,0.252999499,-0.939958502
AT4G08920,36.16940968,24.99317087,52.17481583,37.89312462,-0.509693527,0.159078983,-0.439054536,0.336104326,0.693235024,0.65957007,-0.07181861
AT4G08930,6.82157772,2.730663941,17.06729822,20.97910347,0.134814425,0.943137961,-0.996945943,0.521167724,0.399687029,0.130161136,-1.618572007
AT4G08950,28.43124461,40.87460523,65.51954364,99.66626499,0.715692183,4.32353E-06,0.603432893,0.186578714,0.433935327,0.410114749,-0.081452415
AT4G09000,33.47272945,33.83784631,117.322553,112.5696845,0.086679509,0.788510876,0.175048741,0.915554809,0.285305157,0.300594662,0.075313565
AT4G09010,28.92771552,18.92305961,113.3579208,87.94308291,-0.295513057,0.039415916,-0.578719609,0.33100762,0.255189186,0.21517394,-0.246063834
AT4G09030,9.462932251,6.532064074,27.41878699,80.61575916,1.491703566,1.06953E-05,-0.004995396,0.999158603,0.345125853,0.081027136,-2.090645498
AT4G09040,10.21908377,7.270080921,19.48120212,15.38486007,-0.460435023,0.418486969,-0.576673778,0.69286726,0.524561251,0.472547744,-0.150651141
AT4G09150,6.708073541,7.228700097,11.16633105,8.527216799,-0.309495985,0.545887551,0.233848797,0.889291286,0.600741059,0.847720923,0.496846124
AT4G09320,48.50711005,37.14548927,282.7964663,271.5316897,-0.0367252,0.961095881,-0.198449554,0.918446523,0.171526578,0.136799831,-0.326365688
AT4G09570,4.878991849,8.818468289,9.874015607,21.24065828,0.998027672,0.072712057,0.747972254,0.522268479,0.494124381,0.415169256,-0.25117463
AT4G09630,1.854940053,1.223888379,5.148124029,2.267090979,-0.991708509,0.251014573,0.058488418,0.992589008,0.360313785,0.539849698,0.583303948
AT4G09640,3.209482751,2.227661143,9.506545335,9.058855788,-0.191743398,0.83149864,-0.69448353,0.745962164,0.337607684,0.24590977,-0.457218685
AT4G09650,168.0327565,150.6491632,580.0021857,410.771057,-0.364764642,0.028959607,-0.098804091,0.929232007,0.289710557,0.366747269,0.340173963
AT4G09670,4.772606664,3.427176384,16.42900824,7.582019436,-0.740905293,0.420551735,-0.194424346,0.970346925,0.290498769,0.452013664,0.637834335
AT4G09720,5.072537401,3.659612823,10.48785964,11.61598393,0.296535374,0.819971037,0.408957677,0.918446523,0.483658017,0.315049749,-0.618407653
AT4G09730,3.827758682,2.759373708,6.684176138,7.551567269,0.305507135,0.745881726,-0.31316994,0.936826375,0.572659757,0.365404109,-0.648185366
AT4G09800,9.980704413,7.811274618,64.31356001,59.91664461,-0.040243207,0.965564457,-0.235819873,0.936826375,0.155188181,0.130369026,-0.251417542
AT4G09830,2.316935088,3.157162838,21.57239691,12.95184783,-0.295205057,0.770024838,0.455722912,0.922491402,0.107402766,0.243761576,1.18243959
AT4G10040,3.746195039,7.4344441,20.41485236,18.29701926,0.088195741,0.973446285,0.228671482,0.971910818,0.183503411,0.406319958,1.146809352
AT4G10060,4.994005459,5.709043866,11.05616857,12.45968738,0.296306214,0.577054903,0.19318205,0.943661442,0.451694041,0.458201212,0.020635395
AT4G10080,8.017055512,8.778192587,25.77140196,14.49283396,-0.340474376,0.347052376,0.439769541,0.859996219,0.311083407,0.605691931,0.96128275
AT4G10100,3.855186519,4.392066055,25.51691497,28.18201692,0.156594626,0.922141838,0.220365056,0.977094421,0.151083566,0.155846406,0.044778141
AT4G10120,8.75793179,7.936850447,13.5829952,9.531449958,-0.37995272,0.303958266,-0.111061793,0.969732935,0.644771765,0.832701266,0.369010448
AT4G10140,4.958030752,8.829521075,8.751129773,9.060762671,-0.069782975,0.979545203,0.623935127,0.852838095,0.566558934,0.974478793,0.782404757
AT4G10180,2.575880801,1.31966664,3.282646439,3.657452466,0.281831344,0.889696907,-0.710959506,0.776183797,0.784696387,0.360815801,-1.12087204
AT4G10300,10.66789741,12.58114902,65.58915368,43.96147744,-0.4178339,0.649530566,0.533145806,0.83919782,0.162647279,0.286185764,0.815205219
AT4G10320,4.989423183,6.21766082,10.8597978,8.381614916,-0.345071235,0.456959393,0.426926792,0.836533171,0.459439786,0.741821341,0.691195977
AT4G10340,975.970972,803.4967907,4398.877886,4290.655033,0.035050087,0.915525911,-0.207589227,0.418206269,0.221868167,0.187266696,-0.244608339
AT4G10480,16.3352233,13.9482685,72.84067496,57.50467719,-0.380782734,0.334290086,-0.162325832,0.95807376,0.224259637,0.242558852,0.113164852
AT4G10610,3.061216644,3.963372557,15.68753221,18.00171024,0.2849899,0.704530207,-0.354491598,0.922062997,0.195136915,0.220166446,0.174107884
AT4G10710,5.372901434,4.985596721,7.508359944,7.476597556,-0.11662791,0.880236019,-0.18800001,0.943207839,0.71558922,0.666826947,-0.101819248
AT4G10770,1.531333367,2.798576025,2.565702906,4.289104444,0.61262273,0.518757076,0.824404953,0.614736727,0.596847501,0.652484933,0.128582229
AT4G10790,5.421562071,4.643344025,12.3031741,10.73043345,-0.120523587,0.91260038,-0.039762299,0.993235243,0.440663688,0.432726604,-0.026222198
AT4G10810,7.274696626,3.657860184,40.51442256,30.58454806,0.03406666,0.983396337,-0.417754106,0.923174629,0.179558196,0.119598308,-0.586254533
AT4G10840,15.37533156,11.29157371,34.87294988,24.75937887,-0.399530978,0.159911017,-0.385879382,0.721879601,0.44089564,0.456052382,0.04876233
AT4G10970,4.110413402,5.397443267,10.12770806,13.17923241,0.640730455,0.425326868,0.268525224,0.96219347,0.405858204,0.40954155,0.013034052
AT4G11010,8.518630369,7.224528076,38.34038333,19.11031255,-0.194313601,0.694212765,-0.15631645,0.971959027,0.222184278,0.378043428,0.766795246
AT4G11100,3.954321038,2.636927167,7.066725503,1.514045569,-1.002686679,0.359430533,0.106294695,0.987703677,0.559569073,1.741643198,1.638060963
AT4G11110,1.705101537,2.139323585,3.215536778,1.993635197,-0.550294706,0.481077547,-0.052083467,0.991579971,0.530269642,1.073076753,1.016955208
AT4G11150,17.8133932,13.76561206,80.8765301,58.77137131,-0.172998002,0.746621423,-0.253258837,0.886117349,0.220254172,0.234223088,0.088713943
AT4G11260,9.915276491,12.27378743,37.30157586,42.00893128,0.012212121,0.991366964,0.279929901,0.906973926,0.265813877,0.292170904,0.136396092
AT4G11270,2.334029718,2.028021019,3.398810892,3.232853595,0.169657637,0.860465504,-0.167051241,0.968345507,0.6867195,0.627316072,-0.130528406
AT4G11280,18.54831192,31.41628868,31.31072916,63.92972982,1.088188493,7.64224E-09,0.802054957,0.011947192,0.592394761,0.491419075,-0.269605024
AT4G11300,2.714829908,15.68935839,7.912247451,43.74855719,2.529160392,1.13214E-18,2.674952392,1.73039E-10,0.343117417,0.358625733,0.063776652
AT4G11330,7.587339656,24.01725918,29.80040408,58.85011143,1.088735952,4.32353E-06,1.384138962,4.94638E-05,0.254605261,0.408108984,0.68069224
AT4G11380,5.342326985,4.437622978,10.97720007,10.13231751,-0.137800127,0.87055444,-0.145066619,0.964811001,0.486674831,0.437967224,-0.152135256
AT4G11420,12.33093925,7.897335534,22.13336723,24.34820108,0.199791875,0.383147415,-0.600230204,0.160977645,0.557119896,0.324349857,-0.780437038
AT4G11560,1.636434861,1.713402505,3.018388777,2.975399889,0.535741783,0.6258939,0.188696503,0.977375972,0.542155097,0.575856211,0.08700299
AT4G11570,14.57367243,14.68494724,39.0906196,29.55772196,-0.192161336,0.790426945,0.234231865,0.936826375,0.372817637,0.4968227,0.414260981
AT4G11600,4.813779611,3.090814813,16.00092689,14.19704704,-0.227039371,0.814988573,-0.519974956,0.889332759,0.300843798,0.217708289,-0.466618279
AT4G11740,2.97811315,1.732773415,7.10790297,9.221264334,0.399071234,0.602575925,-0.468870902,0.899651201,0.418986185,0.187910611,-1.15685614
AT4G11800,1.991990844,2.064769331,2.324543148,1.978444308,0.001414236,0.999287318,-0.07484192,0.989950827,0.85693864,1.043632779,0.284350352
AT4G11820,4.259795212,2.429324727,11.49702983,8.239558051,-0.082576065,0.969959,-0.631774342,0.808039381,0.370512669,0.294836776,-0.329606389
AT4G11850,1.905387374,6.048776477,4.349643845,18.60052104,2.338190789,2.62795E-32,1.681080209,9.23955E-07,0.438055952,0.325193927,-0.429814838
AT4G11890,3.781904595,11.3704306,11.07716815,34.45742149,1.701928928,2.32573E-06,1.407090071,0.02938644,0.341414389,0.329984953,-0.049123622
AT4G11900,4.675937008,5.366224297,5.943603564,10.78464698,0.906292503,0.001925307,0.169484689,0.967874922,0.786717512,0.497579968,-0.660917293
AT4G11960,1.718389175,1.785789719,5.335797339,6.485733865,0.071595309,0.977276874,0.156282331,0.984477763,0.322049183,0.275341196,-0.226060554
AT4G12000,5.456477822,3.033944488,16.12234143,10.11300134,-0.61468157,0.594384472,-0.10114856,0.987703677,0.338442021,0.300004359,-0.173925242
AT4G12040,13.71161245,23.62646886,77.7712141,130.969757,0.811412509,1.41182E-07,1.222186026,0.001994964,0.176307039,0.180396371,0.033080243
AT4G12060,11.95170753,11.66853763,24.68030358,27.85644142,-0.048591231,0.975009112,-0.013368597,0.997324194,0.484260961,0.418881129,-0.209243813
AT4G12070,2.258640571,3.463010309,8.755241653,20.12158025,1.271477114,0.011864342,0.592492793,0.824365957,0.257975812,0.172104291,-0.583952731
AT4G12230,4.061810764,4.135267236,15.27032181,15.48524397,0.003210284,0.998678887,0.209399788,0.969732935,0.265993789,0.267045663,0.005693891
AT4G12250,1.357837169,1.468093477,3.299571223,7.549302995,0.828391973,0.234210696,0.535831746,0.901612329,0.411519279,0.19446742,-1.081431544
AT4G12420,17.21129444,13.6757193,43.26407378,34.96132453,-0.259351158,0.453412835,-0.225312491,0.902879025,0.397819552,0.391167082,-0.024329215
AT4G12560,3.149389723,2.039329794,10.61253907,4.045174735,-1.344553726,0.005203323,-0.113151016,0.987703677,0.29676119,0.504138864,0.764518744
AT4G12590,2.574505322,3.434244472,11.72809241,11.2598543,0.352106356,0.72588092,0.732054083,0.764063421,0.219516118,0.304999015,0.474477708
AT4G12600,4.239333646,3.076956159,42.92752277,39.84499333,0.172981144,0.835179505,0.236946281,0.970346925,0.098755609,0.077223157,-0.354829161
AT4G12650,14.45725537,13.55960849,29.45769834,13.39316942,-0.961538264,0.004368223,0.049695207,0.987703677,0.49078021,1.012427161,1.044669136
AT4G12720,60.4523436,102.4769385,153.2243312,301.5787092,0.991039238,2.61693E-13,0.747932398,0.001277902,0.394534883,0.339801635,-0.215460068
AT4G12730,26.77690335,25.58588447,82.63790196,84.7155474,0.144008467,0.653542394,-0.173053777,0.920224397,0.324026902,0.30202112,-0.101464159
AT4G12790,13.15481753,14.36814771,35.34262362,40.38477899,0.40002663,0.103342502,0.168175243,0.959674436,0.372208291,0.355781264,-0.065119654
AT4G12800,734.5168512,578.7874303,4902.64115,5219.232878,0.168162153,0.349050831,-0.24752579,0.056235518,0.149820643,0.110895115,-0.434040606
AT4G12830,2.917156762,3.496030742,10.38201915,3.539756485,-0.812589776,0.351995787,0.5109022,0.875322749,0.28098164,0.987647245,1.813519989
AT4G12880,5.850033272,5.393581466,8.556925777,12.57078304,0.365969252,0.874613527,-0.323256455,0.956835891,0.683660631,0.429056921,-0.672111292
AT4G12980,8.510402409,7.891732811,15.33963658,31.38280153,0.948064205,0.047280877,0.114114867,0.978293689,0.554798177,0.251466804,-1.141595082
AT4G13010,17.70270852,18.84615231,52.35664277,48.09644085,0.040812953,0.963413635,0.147923774,0.954670522,0.338117717,0.391840893,0.212742352
AT4G13170,3.233849762,3.136367079,19.4221441,16.83449568,-0.031198602,0.990001729,0.041802419,0.993885949,0.166503232,0.186305972,0.162123739
AT4G13250,3.916467019,5.253031219,14.68906799,7.112701719,-0.58895474,0.41833897,0.443239647,0.889467901,0.26662461,0.738542319,1.469870641
AT4G13270,4.691239442,5.091579821,16.4981227,7.766922408,-0.907848388,0.398849483,-0.023382282,0.996883172,0.284349894,0.655546631,1.205031141
AT4G13340,79.62562632,78.04023023,135.3990127,189.1400252,0.524530236,0.00024991,-0.001050313,0.999158603,0.588081292,0.412605582,-0.511252257
AT4G13350,8.69768799,6.024199878,17.64119058,14.86878329,-0.201760759,0.79007689,-0.285360137,0.902731118,0.493032936,0.405157555,-0.283200985
AT4G13360,2.63044327,2.998163147,6.560921039,7.170662856,0.216949989,0.900005789,0.168961809,0.978661922,0.400925915,0.418115202,0.060564825
AT4G13395,14.11521704,6.680324546,111.5387059,84.94854931,-0.085091952,0.959145928,-0.00447595,0.999240678,0.126549944,0.078639654,-0.68637799
AT4G13430,22.62529484,20.77428782,50.01478654,55.11091363,0.058477771,0.967465886,-0.103538981,0.963685245,0.452372116,0.376954154,-0.263120936
AT4G13460,1.622349433,2.227270966,5.169517027,4.081424413,-0.345910219,0.703514477,0.42842361,0.909680539,0.313829981,0.545709228,0.798149254
AT4G13500,14.30519094,9.380226907,41.40877344,44.57856497,0.255371691,0.711636028,-0.147115989,0.978661922,0.345462803,0.210420118,-0.715257733
AT4G13510,40.43564348,35.19455721,80.24450895,106.8123246,0.481937497,0.000168961,-0.183958601,0.895361484,0.503905426,0.329499029,-0.612878779
AT4G13520,10.0723366,15.090722,92.40916925,50.39216495,-0.701885365,0.082439151,0.744397219,0.788384684,0.108997156,0.299465641,1.458100002
AT4G13530,3.451570363,6.730555291,10.88159326,5.940510319,-0.613651581,0.586340531,0.791723157,0.731956595,0.317193474,1.132992778,1.836703673
AT4G13590,9.789679259,7.742015159,21.89382544,18.81216329,-0.193913936,0.805395438,-0.352233436,0.896539194,0.447143387,0.411543055,-0.119694167
AT4G13640,2.102042935,2.237720386,9.565322676,11.37735,0.338594856,0.825947775,0.011947233,0.998427489,0.219756615,0.196682038,-0.160041386
AT4G13670,3.164749213,1.7713215,8.316698337,5.06874086,-0.175035602,0.90200603,-0.896407882,0.648739801,0.380529518,0.349459866,-0.122881594
AT4G13770,13.0125012,15.42145293,23.29574216,18.97083344,-0.175285003,0.839877405,0.186271454,0.943661442,0.558578521,0.81290329,0.541323629
AT4G13780,5.459063759,3.223290229,9.410373193,13.45296141,0.662797183,0.007623775,-0.696379605,0.521657089,0.580111293,0.239597077,-1.275719397
AT4G13830,10.09940533,12.41393928,47.07630569,36.12126303,-0.289550152,0.734763165,0.124632172,0.984477763,0.214532665,0.343674009,0.679843417
AT4G13840,15.37524723,11.66514587,30.70815342,25.16672066,-0.176684989,0.680390679,-0.300015086,0.887478421,0.50068941,0.463514736,-0.111300738
AT4G13850,4.877202229,4.91610874,27.41645722,19.25598407,-0.107196293,0.927227683,0.114987366,0.987703677,0.177893234,0.255302909,0.521198337
AT4G13930,34.30061657,24.95710336,68.60299706,57.92616973,-0.229757213,0.23494509,-0.446556933,0.335371817,0.499987144,0.430843321,-0.214727679
AT4G13940,99.77965384,58.33244688,369.0861107,266.4395833,-0.393062884,8.57786E-07,-0.69896193,2.55394E-05,0.270342478,0.218933111,-0.304298055
AT4G14000,3.91252493,1.153362691,3.842962588,5.988104766,0.362435286,0.799244002,-0.528419321,0.906973926,1.018101228,0.19260897,-2.402134215
AT4G14030,5.952796143,4.355199646,18.82327664,16.16156602,-0.104966828,0.948113168,-0.607482383,0.702696693,0.316246542,0.269478814,-0.230877848
AT4G14040,10.33802744,7.77045094,31.60329933,22.05332505,-0.313638862,0.429564218,-0.410383651,0.756591889,0.327118613,0.35234827,0.107188282
AT4G14070,2.655849653,3.406320656,8.46110488,4.425121488,-1.021432525,0.079304087,0.403512165,0.899651201,0.313889225,0.769768845,1.294169776
AT4G14160,5.189817649,4.311113328,11.37528642,12.48809196,0.187028562,0.858783522,-0.096166173,0.9805112,0.456236218,0.345217936,-0.402273556
AT4G14210,15.44470783,15.87641569,39.00717555,31.42574921,-0.129736754,0.789836647,0.171943808,0.938226514,0.3959453,0.505204047,0.351565061
AT4G14220,4.154108183,2.112456799,4.894980589,5.569023468,0.742917431,0.29207983,-0.447900865,0.91633653,0.848646508,0.379322661,-1.161738183
AT4G14240,3.293437838,2.768031983,3.774109365,4.763952174,0.411336695,0.767094481,-0.141442491,0.978661922,0.872639746,0.581036896,-0.586756408
AT4G14300,3.799721918,4.083027146,10.49612794,9.468062818,-0.001740939,0.998991565,0.1949485,0.970346925,0.362011776,0.431242084,0.252461348
AT4G14320,14.74473366,10.64890694,90.9055573,59.41532335,-0.486359287,0.312123095,0.239305979,0.964026953,0.162198375,0.179228292,0.144039029
AT4G14342,7.393988586,7.777184244,38.01737547,28.55964835,-0.116706796,0.932567646,0.028489203,0.996883172,0.194489717,0.272313726,0.485575824
AT4G14350,4.749622813,4.810364321,6.9501151,5.593881555,-0.346141135,0.514163036,0.298481364,0.915554809,0.683387648,0.859933174,0.331520379
AT4G14360,4.456436566,4.09639594,7.422037056,7.493521055,-0.432747097,0.409171372,0.111374751,0.978356356,0.60043308,0.546658361,-0.135363971
AT4G14365,37.19461294,131.2004848,93.50640867,382.9084735,2.10183231,2.28855E-33,1.837196712,1.46641E-35,0.397776083,0.342641895,-0.215254973
AT4G14370,2.99778007,8.566123034,5.843048352,24.14204762,2.254206551,1.0308E-24,1.573036728,2.0844E-06,0.513050704,0.354821727,-0.532007057
AT4G14400,18.33805986,16.61394311,31.87443926,18.41790281,-0.83641241,1.56522E-05,-0.163852497,0.936826375,0.575321803,0.902054011,0.648844674
AT4G14410,2.314995236,4.037981437,14.09753045,8.013949375,-0.304085911,0.790544533,0.734396659,0.768977036,0.16421282,0.503869097,1.617482211
AT4G14420,2.619795481,4.501553061,15.97249052,9.955539917,-0.593023777,0.600859978,0.632894482,0.856795714,0.164019223,0.452165638,1.462986454
AT4G14430,2.076194452,2.18977681,15.01616225,20.05233927,0.431906806,0.502220913,0.104620794,0.989001094,0.138263986,0.10920306,-0.340412142
AT4G14480,1.522832111,1.304277315,3.502536781,4.762704638,0.510835377,0.590210932,-0.165714379,0.984337283,0.434779763,0.273852236,-0.666887129
AT4G14500,7.335106228,6.315358083,31.8151068,18.85449098,-0.707975125,0.081659606,0.014472772,0.996883172,0.230554192,0.334952457,0.538850441
AT4G14540,9.618196673,8.230091491,16.34145329,4.593464387,-1.660367869,0.005460222,0.029908816,0.996883172,0.588576579,1.79169594,1.606023785
AT4G14570,2.607026378,3.392104065,4.540535324,5.321782337,0.362496458,0.648570866,0.192043092,0.970346925,0.574167183,0.637400001,0.150728145
AT4G14605,2.886224956,1.138202897,6.153506509,1.875226869,-1.0698559,0.182109672,-1.03783118,0.551528688,0.469037443,0.606968104,0.371917609
AT4G14615,4.362965504,5.205394447,25.20841945,5.356667144,-2.042290572,0.009070438,0.361522831,0.953728363,0.173075726,0.971759922,2.489196531
AT4G14690,7.016244864,4.70029743,27.48500559,26.11374004,-0.092298165,0.938436691,-0.252165818,0.963798813,0.255275366,0.179993269,-0.504111371
AT4G14746,3.516939637,6.703054664,24.89842143,19.93677464,-0.193444341,0.883616128,0.699258712,0.789278583,0.141251511,0.336215601,1.251120373
AT4G14760,1.680292116,2.137040199,1.771739144,1.13129359,-0.463203964,0.631728478,0.351185354,0.899651201,0.948385727,1.889023519,0.994094808
AT4G14800,7.428894584,9.273981866,23.21185024,15.37898245,-0.470577932,0.587080953,0.359669947,0.936826375,0.320047498,0.603029615,0.913942826
AT4G14880,39.16538099,37.60037754,109.8218227,136.4883754,0.318530425,0.216358353,-0.007214138,0.996883172,0.356626579,0.275484102,-0.372445167
AT4G14890,26.79224034,11.69959818,64.29173002,46.89131743,-0.63037991,0.027787621,-0.730514887,0.45151209,0.416729186,0.249504574,-0.740043882
AT4G14900,5.353754427,2.376212863,6.971860303,11.89289866,0.63600706,0.201473851,-0.956248644,0.348313939,0.767909022,0.199800985,-1.942371705
AT4G14910,7.34535243,5.35846363,20.17981791,14.27186439,-0.195853302,0.855833656,-0.389603386,0.916442123,0.363994981,0.375456456,0.044727044
AT4G14960,5.293200518,3.423376022,18.90179941,14.95685189,-0.009789206,0.993339584,-0.775848262,0.357356398,0.280036858,0.228883461,-0.291003509
AT4G14990,1.698963958,1.987545191,3.57217073,2.902521397,0.155644747,0.906019898,-0.04442226,0.993235243,0.475611074,0.684765043,0.525826748
AT4G15000,23.37123667,15.6502956,133.0326396,107.885865,-0.252191529,0.642273214,-0.825973317,0.414286313,0.17568047,0.145063448,-0.276269772
AT4G15110,5.184106741,5.236365731,18.5965138,15.85537836,-0.148512629,0.834677557,0.057438344,0.990962416,0.278767666,0.330258012,0.244530328
AT4G15130,2.449848901,3.09080896,6.36769127,8.831464941,0.299002688,0.79007689,0.227478556,0.970346925,0.384731105,0.349976927,-0.136590664
AT4G15180,2.422295877,2.637915683,2.305406711,2.737130196,0.138102363,0.922854658,0.202877193,0.935505558,1.050702189,0.963752359,-0.124619418
AT4G15415,3.589921983,2.04059699,7.405279589,4.183619765,-0.845604469,0.148820296,-0.376578792,0.918436735,0.484778723,0.487758713,0.008841263
AT4G15470,30.96528108,30.53069581,89.74318642,77.52686465,-0.026267519,0.984777762,0.031557791,0.991004798,0.345043254,0.393807952,0.190715017
AT4G15510,6.909496819,6.143248562,20.91123629,18.65924595,-0.14522444,0.882210968,-0.071884576,0.989950827,0.330420293,0.329233485,-0.005191221
AT4G15530,11.27406721,10.89533451,23.12123928,32.19243411,0.56050278,0.080719062,-0.043416832,0.988742131,0.487606528,0.338443948,-0.52680052
AT4G15545,31.4092813,25.10176196,116.4102794,110.0739802,-0.057630674,0.903993294,-0.265790606,0.836101519,0.269815359,0.228044465,-0.242657318
AT4G15560,58.15714654,56.01109597,95.40878069,80.0149652,-0.114321814,0.74666162,-0.007983317,0.996057284,0.609557591,0.700007753,0.199608366
AT4G15760,3.663977647,4.117782122,13.82426019,10.23003108,-0.310465356,0.849428093,0.147467594,0.979577318,0.265039691,0.402519024,0.602848543
AT4G15780,2.80424628,4.664637264,16.0204293,13.33122228,-0.08350989,0.955465313,0.46586726,0.915554809,0.175041894,0.349903195,0.999255587
AT4G15800,13.95778169,20.17353848,87.24790284,111.6457653,0.519182474,0.095642322,0.671479113,0.682596123,0.159978421,0.180692375,0.175658314
AT4G15920,2.096719554,5.033125161,4.23031679,7.075431274,0.574173304,0.69866452,1.051787023,0.555816168,0.495641262,0.71135242,0.521268184
AT4G15975,3.483583121,24.94547684,7.87055044,82.60744236,3.204425779,2.67806E-45,2.546832744,1.22374E-08,0.442609846,0.301976143,-0.551600968
AT4G16008,3.416833641,6.329943826,3.284205673,15.81596144,2.032749989,0.003920318,0.578990499,0.901612329,1.040383576,0.400225042,-1.378232186
AT4G16130,3.785111412,3.661164651,4.909862262,3.157394116,-0.636422015,0.620413776,-0.040321574,0.993230672,0.770920081,1.15955263,0.58891509
AT4G16143,8.790606833,11.00907264,25.337206,19.29292643,-0.252770845,0.79776471,0.266791327,0.889291286,0.346944601,0.57062741,0.717843731
AT4G16144,1.912391971,1.501722946,3.242193467,3.635602592,0.019684259,0.994562397,-0.221561963,0.971959027,0.589845113,0.413060258,-0.513983906
AT4G16150,2.945172354,4.017764532,6.116960838,4.811322165,-0.354875884,0.520450967,0.658394554,0.624229391,0.481476412,0.83506454,0.794422586
AT4G16155,9.073289229,6.322176208,26.26144527,24.92169816,0.016354173,0.98467125,-0.348401339,0.834237431,0.345498473,0.253681598,-0.445660463
AT4G16180,2.126727374,2.380287569,6.734885172,5.879909319,0.107170664,0.961547121,0.120793633,0.987703677,0.315777822,0.404817054,0.358360217
AT4G16190,11.70665056,13.68015618,35.024332,43.41428122,0.339300055,0.611931956,0.008120802,0.996883172,0.334243364,0.315107283,-0.08505582
AT4G16310,1.710571274,1.916232419,2.247475575,2.134441953,-0.029241953,0.991366964,0.178752493,0.964026953,0.761107837,0.897767408,0.238240846
AT4G16340,2.43250528,2.862184636,3.606594717,2.408977799,-0.468566705,0.507161262,0.264144135,0.915554809,0.67446039,1.188132426,0.81689002
AT4G16370,11.55051505,8.994081534,15.95300398,9.372916463,-0.408798537,0.561699276,-0.403615725,0.672048016,0.72403386,0.959581958,0.406348864
AT4G16380,24.08082185,16.08440874,62.9296339,85.7986968,0.396276223,0.140911279,-0.747004971,0.298376516,0.382662672,0.187466819,-1.029437912
AT4G16390,3.512539682,2.93433915,5.838325768,5.20349564,-0.140531243,0.92410538,-0.225768884,0.953728363,0.601634753,0.563916904,-0.093405317
AT4G16410,13.35548365,13.94705466,68.53835764,42.09731788,-0.59205915,0.058717023,0.121540104,0.982163253,0.194861448,0.331305066,0.765711567
AT4G16420,2.003496594,1.478122013,3.746874658,1.703800131,-0.709817957,0.637919328,-0.31578716,0.953974506,0.5347114,0.867544254,0.698176917
AT4G16430,2.48854683,2.573918632,5.177956171,5.105846879,-0.031609694,0.989721267,-0.276974144,0.957770699,0.480604074,0.50411199,0.068895391
AT4G16442,3.069720822,2.194574153,9.188168637,12.88823185,0.862335555,0.303524781,0.035453129,0.996883172,0.334094959,0.170277365,-0.972371547
AT4G16450,7.402445299,9.997693028,75.63862172,68.50388585,-0.101611262,0.920287067,0.264756257,0.964026953,0.097865946,0.145943444,0.576530555
AT4G16480,2.580230605,2.568453643,5.704836585,5.771568408,-0.031752246,0.991297777,0.016689572,0.997319169,0.452288259,0.445018314,-0.023377835
AT4G16490,11.52026438,5.875177669,42.27311009,24.957633,-0.750457631,0.020182958,-0.935771875,0.093566082,0.272519915,0.235406045,-0.211210297
AT4G16500,13.75105997,31.05939958,173.690765,220.8467437,0.348560356,0.175179539,0.963169698,0.092524594,0.079169782,0.140637797,0.828962599
AT4G16520,5.16393475,11.72446799,34.7686606,43.81473828,0.458238761,0.2432726,0.434161752,0.836852615,0.148522683,0.267591876,0.849351035
AT4G16566,3.971443832,1.598508961,6.336270956,10.68470082,0.598039489,0.738365496,0.139882438,0.987703677,0.626779357,0.149607274,-2.066777345
AT4G16580,3.343158254,4.486441281,4.535411952,2.780112099,-0.202973219,0.909417527,0.315536727,0.936826375,0.737123395,1.613762726,1.130450421
AT4G16630,1.449110057,1.595243659,1.792673457,2.298133027,0.414435219,0.757234535,0.212345619,0.971959027,0.808351377,0.694147658,-0.219739961
AT4G16660,4.455511236,3.77184449,8.721517297,6.443372491,-0.184260316,0.853228107,-0.305169894,0.906973926,0.510864232,0.585383585,0.196442362
AT4G16690,8.744665457,3.152858057,21.0329465,19.38387363,-0.115125844,0.928414944,-1.290877235,0.263748496,0.415760362,0.162653663,-1.353948905
AT4G16720,31.76830321,27.57443008,142.571937,115.9522665,-0.228897325,0.363372185,-0.207472011,0.911834725,0.222822975,0.237808461,0.093902051
AT4G16760,11.99854862,11.91978477,37.18873956,26.71198994,-0.341148989,0.079796815,-0.202355639,0.916302539,0.322639292,0.4462335,0.467876678
AT4G16830,5.206472515,5.507441752,23.00042895,17.7343527,-0.208542182,0.786855874,-0.088211218,0.987703677,0.226364149,0.310552172,0.456190176
AT4G16860,2.237331919,3.403534786,3.84464452,6.823802221,0.540345996,0.019339866,0.132966663,0.957926244,0.581934664,0.49877395,-0.222471069
AT4G16890,5.066462737,7.402261057,13.87271302,19.08186861,0.498828876,0.020407998,0.520293928,0.342851538,0.365210664,0.387921184,0.087034667
AT4G16950,5.660097029,5.158586701,7.1152713,9.1430421,0.112678795,0.811069269,-0.069235314,0.981413902,0.795485764,0.564209007,-0.495606417
AT4G16980,170.4537705,148.7560706,538.1837786,557.4392925,0.072129883,0.916730047,-0.210424655,0.777333771,0.316720379,0.266856091,-0.247147759
AT4G16990,28.3310474,25.61490733,47.79959108,44.46897251,0.013296706,0.983280974,-0.075387038,0.970346925,0.592704807,0.576017522,-0.041201061
AT4G17040,19.34198266,14.53385105,68.67088324,62.66577483,0.016024322,0.983120328,-0.266195012,0.901612329,0.281662063,0.231926456,-0.280297865
AT4G17050,3.66983602,4.963775428,12.89376162,5.923624003,-1.164921263,0.026934606,0.394401138,0.914496293,0.284621054,0.83796261,1.557843487
AT4G17090,61.07539255,41.39660488,134.4790376,63.65193632,-0.972995906,1.59142E-18,-0.387056716,0.131375664,0.454162921,0.650358925,0.518026217
AT4G17100,1.907613378,1.430899475,5.317764531,3.765233503,0.182668602,0.893860382,-0.425117046,0.928152578,0.35872468,0.380029412,0.083234075
AT4G17170,14.97725573,10.89306417,43.09587034,28.02377152,-0.189153766,0.870223384,-0.612655396,0.647345792,0.347533432,0.388708,0.161535029
AT4G17230,25.09759624,53.33207908,59.12230543,111.6854683,1.034921048,2.92785E-22,1.232571838,1.6377E-11,0.424503004,0.477520307,0.169787324
AT4G17245,20.21721428,18.10162645,45.22868906,21.17207568,-0.987586176,0.006072403,-0.202827037,0.96282239,0.446999785,0.854976466,0.935610573
AT4G17270,3.459832344,2.205454512,13.10044274,4.380677339,-0.896003605,0.294168829,-0.402426954,0.920224397,0.264100413,0.503450572,0.930763583
AT4G17300,3.513040887,4.407560826,11.89426112,11.07649039,-0.003988802,0.997297311,0.126925951,0.981413902,0.295355958,0.39792034,0.430024932
AT4G17330,10.98886011,9.012974675,12.64570931,11.90749436,0.00907072,0.991366964,-0.249816767,0.749517708,0.868979339,0.75691614,-0.199188404
AT4G17340,45.69923109,38.64717662,151.5010182,180.1540319,0.281114681,0.19914378,-0.240852387,0.862501192,0.301643062,0.214522962,-0.49171032
AT4G17390,20.23958283,12.12115081,143.3185714,132.4129078,0.014274886,0.989069263,-0.334874624,0.884159768,0.141220936,0.091540553,-0.625471073
AT4G17460,4.050762774,4.056014079,24.40243106,13.53413405,-0.57056589,0.21733099,0.249292578,0.9676473,0.165998329,0.299687742,0.85229136
AT4G17486,2.903866905,3.194635424,11.60036043,31.50587493,1.064026442,0.001085415,0.649591178,0.788560594,0.250325576,0.101398086,-1.303775276
AT4G17490,8.789182453,27.64006384,24.12704865,121.0737416,2.443877844,2.8178E-65,1.627741498,0.000158048,0.364287509,0.228291151,-0.674202589
AT4G17500,22.11329209,36.74796218,63.39644402,124.0828638,1.003781687,1.92755E-12,0.892347679,0.012197221,0.34880966,0.296156625,-0.236079636
AT4G17510,1.498749453,2.600605455,7.46230805,4.586338545,-0.6706589,0.515681094,0.373387063,0.950627084,0.200842614,0.567033033,1.497367378
AT4G17520,16.73284975,8.893327113,28.73692459,39.14243087,0.276441155,0.592852385,-0.688303499,0.494642082,0.582276983,0.227204262,-1.357715694
AT4G17530,13.69138732,17.63776971,64.20183404,51.47766241,-0.315516821,0.455194616,0.426134846,0.673927506,0.213255392,0.342629577,0.684067474
AT4G17560,20.04933196,16.14322248,79.79976372,67.28902655,-0.051929253,0.986095922,-0.211406052,0.940055018,0.251245505,0.239908694,-0.066612347
AT4G17600,8.480057581,7.321014039,71.09073349,62.35353231,-0.041575562,0.959732365,-0.048981817,0.991863328,0.119284992,0.117411376,-0.022840341
AT4G17615,8.572198724,13.70773897,24.67911761,17.39916641,0.209732105,0.711493969,0.740893743,0.327738037,0.347346241,0.787838834,1.181526048
AT4G17640,5.64131884,4.730504981,23.88883809,12.8431773,-0.923155587,0.237334891,-0.285282996,0.944643059,0.236148733,0.368328247,0.641296249
AT4G17740,3.132360817,3.671891813,8.298790058,10.47985456,0.339650175,0.616220511,0.15727004,0.979675782,0.377447892,0.350376219,-0.107372633
AT4G17810,4.060368066,2.798962794,14.35769664,33.17957156,1.076117843,0.022610111,0.083758573,0.989950827,0.282800798,0.084358015,-1.745189139
AT4G17830,5.311071035,9.170453813,11.05103482,12.48328154,0.148092179,0.906901673,0.870470918,0.405837728,0.480594906,0.734618841,0.612174542
AT4G17840,3.440941898,6.227091764,18.82992005,16.63508921,-0.290567174,0.721261953,0.65245263,0.747006029,0.182737998,0.374334738,1.034552279
AT4G17870,7.5065656,6.566492024,57.03259587,33.33218738,-0.389219757,0.607075466,-0.058713715,0.991194573,0.131618866,0.197001533,0.581840561
AT4G17890,3.984929974,2.349792598,8.222863369,4.552899643,-0.556513665,0.542404652,-0.343409135,0.935505558,0.484615856,0.516109025,0.09083425
AT4G17900,8.55053076,27.03049624,39.57779204,112.4808007,1.437119231,1.58947E-16,1.734824889,8.95672E-08,0.216043653,0.24031209,0.153586383
AT4G17950,4.720468656,2.596167672,10.90427343,5.818898744,-0.447244904,0.460276045,-0.633703044,0.770320086,0.432900797,0.446161342,0.043529059
AT4G18010,15.28542658,21.67795954,38.87281128,37.77289869,0.124517016,0.859797054,0.625069143,0.184802688,0.393216391,0.573902462,0.5454821
AT4G18020,2.853049666,1.385061429,8.059996982,6.460551435,-0.330652085,0.757041236,-0.791677836,0.717200931,0.353976518,0.214387494,-0.72343291
AT4G18030,15.86316472,11.42360426,29.68456231,22.56738557,-0.348917411,0.105770453,-0.348862473,0.711620147,0.53439106,0.50619972,-0.078189163
AT4G18040,2.669255642,2.430342509,11.71946848,7.666168009,-0.280924964,0.885360313,0.137477784,0.987703677,0.227762517,0.317021817,0.477051783
AT4G18060,2.884642792,4.561872188,12.02119579,11.52914481,-0.072130839,0.975009112,0.68849462,0.736600758,0.239963049,0.395681749,0.721528257
AT4G18070,20.9099924,15.38607184,39.71600877,40.06364362,0.073284575,0.92410538,-0.384453742,0.793766783,0.526487758,0.384040752,-0.455140575
AT4G18100,26.68026368,26.83860356,176.600742,154.0421658,-0.200966334,0.546209631,0.216300728,0.918446523,0.151076736,0.174228942,0.205702776
AT4G18120,1.284326268,1.337127756,4.289641391,5.747068108,0.37657993,0.58061909,0.072086164,0.991057974,0.29940178,0.232662591,-0.363843536
AT4G18130,1.427086448,1.909020836,2.782542079,3.144704568,0.219497467,0.875747257,0.410438206,0.906973926,0.512871471,0.607058881,0.243239135
AT4G18140,2.022709838,3.156482082,6.158376229,6.471620025,0.103883954,0.96321555,0.348529634,0.936826375,0.328448565,0.487742183,0.570451288
AT4G18170,4.927572231,13.01597172,8.338966999,35.34216155,2.084999651,1.29476E-13,1.583315292,0.002354587,0.59090919,0.36828454,-0.682115597
AT4G18197,5.81844032,14.88217829,13.01058329,18.62753291,0.87515607,0.039899473,1.413190283,0.000339815,0.447208261,0.798934479,0.837130354
AT4G18205,9.031480806,27.54251152,24.4202984,64.68123277,1.292133013,2.74285E-12,1.038351969,0.00073248,0.36983499,0.425819211,0.203359317
AT4G18220,2.435059889,2.409152681,3.684362436,8.285042644,0.729658969,0.564543793,-0.115483439,0.987703677,0.660917576,0.290783377,-1.184525562
AT4G18240,3.490671555,4.069319743,4.424504073,7.815469874,0.855339575,0.156478585,0.203757039,0.950970119,0.788940748,0.520674996,-0.599533828
AT4G18250,1.853651256,4.322845131,6.200551216,11.40756609,0.968400296,0.030630717,0.984285325,0.254177087,0.298949431,0.378945438,0.342088676
AT4G18280,7.668982572,4.041219344,45.19023489,39.14720305,-0.275139534,0.85647556,-0.034973963,0.996057284,0.169704419,0.103231369,-0.717142712
AT4G18340,4.193795297,7.438965089,6.115200087,13.79583394,1.198249596,0.157499532,0.784766541,0.553709817,0.685798541,0.539218225,-0.346915576
AT4G18370,3.136322575,3.512469142,26.78931279,23.14244606,-0.227284171,0.796538308,0.195511692,0.977375972,0.117073648,0.151776054,0.374527815
AT4G18440,4.019142399,2.619957969,11.76224862,4.794313491,-0.639182022,0.08800677,-0.108016445,0.979422389,0.341698474,0.546471977,0.677423713
AT4G18480,41.9218843,42.37931871,130.9204585,103.7973504,-0.207436154,0.625756167,-0.170212059,0.876460377,0.320208811,0.408289022,0.350577774
AT4G18570,2.996879608,2.614501489,4.872468122,9.287295092,0.98136224,0.034854554,-0.255884084,0.957161107,0.615063974,0.281513774,-1.127530965
AT4G18710,31.42870139,24.06957892,39.34123348,38.05835854,-0.159127117,0.725338244,-0.21659121,0.878842945,0.798874326,0.632438703,-0.337042907
AT4G18730,8.18571078,7.368616758,81.24431097,57.1167317,-0.589969375,0.000794695,0.080943337,0.987703677,0.100754264,0.129009776,0.356639492
AT4G18740,2.292299128,2.502246831,17.19798354,12.32214126,-0.379623063,0.596007234,-0.250561587,0.970346925,0.133288831,0.203069156,0.607415231
AT4G18810,8.360155209,5.461468584,13.15450134,13.70423519,0.145160668,0.869401721,-0.502096604,0.737099472,0.635535699,0.398524143,-0.673306041
AT4G18880,4.085562046,11.60008997,6.374726486,35.25121496,2.577036279,3.27881E-15,1.443343777,0.007265505,0.640899975,0.329069224,-0.961708106
AT4G18930,3.328444262,3.896709671,11.25613159,10.20564895,-0.095413721,0.969136109,0.329288418,0.957926244,0.295700546,0.381818902,0.368751615
AT4G18950,17.53393352,64.20256996,50.59123832,150.9835372,1.651370957,5.23109E-48,1.82637326,6.71832E-24,0.346580438,0.425228943,0.295049572
AT4G18970,6.944836488,4.931068334,17.01649468,18.44518895,0.260059275,0.630796233,-0.250419774,0.954710515,0.408123801,0.267336287,-0.61035117
AT4G19110,5.541247177,7.387492222,22.96485861,18.83576627,0.171154676,0.63897527,0.247960879,0.936826375,0.241292458,0.392205558,0.70082716
AT4G19120,6.12156947,4.17760429,11.23611581,7.546451056,-0.610477604,0.101635198,-0.316501486,0.906973926,0.544811888,0.553585289,0.023047421
AT4G19160,11.61695547,9.407085285,37.39307817,28.34754147,-0.22800368,0.353857002,-0.005272556,0.998616188,0.31067128,0.331848365,0.095135286
AT4G19170,14.69437794,18.16103617,25.35070236,24.2967337,-0.010106769,0.992891584,0.446738843,0.563438104,0.579643819,0.747468215,0.36684557
AT4G19190,3.036329719,2.47852443,3.751731333,7.887197436,0.881351658,0.401032466,-0.306623145,0.943661442,0.809314274,0.314246531,-1.364803223
AT4G19200,49.20687417,37.73126152,370.1815874,471.6989456,0.387622382,0.030408554,0.120506998,0.938037002,0.132926315,0.079990133,-0.732732774
AT4G19210,8.915297456,8.028685834,27.72170438,28.03480989,0.000142136,0.999850376,0.085934084,0.980313733,0.321599904,0.286382746,-0.167322399
AT4G19410,9.882825752,8.620185136,38.27181664,30.92848112,-0.152460026,0.738746801,-0.183496854,0.958448255,0.258227244,0.278713497,0.110141648
AT4G19450,5.106146572,7.189810497,11.62730358,11.92433962,0.257272788,0.602127072,0.586548719,0.69286726,0.439151394,0.602952509,0.457325993
AT4G19490,2.221109115,1.91982095,4.957011759,7.909126645,0.912833007,0.072887316,0.085160899,0.987703677,0.448074207,0.242734885,-0.884356218
AT4G19500,4.234730435,2.541134901,4.602162302,3.475103902,-0.306737516,0.740296367,-0.585991735,0.634343808,0.920161037,0.731239978,-0.331541421
AT4G19510,5.85074958,5.299362318,10.10647471,6.071940378,-0.441140984,0.424744466,-0.009916525,0.996883172,0.57891102,0.872762575,0.592247619
AT4G19520,24.91237902,43.42774544,30.29892968,63.40752323,1.170649748,6.22772E-24,0.805283996,2.5065E-09,0.822219771,0.68489894,-0.263632936
AT4G19530,13.67220451,11.02891002,21.04801624,13.98653641,-0.495667861,0.002425156,-0.302365838,0.723894763,0.649572119,0.788537612,0.279689862
AT4G19640,7.507177908,9.160919609,26.68984777,17.11919708,0.008119436,0.996592681,-0.259737444,0.943207839,0.281274662,0.535125542,0.927897794
AT4G19710,4.811416378,5.823589207,9.192477611,10.49722141,0.259495942,0.662020387,0.420943583,0.833378374,0.523408006,0.554774352,0.0839651
AT4G19830,5.426067473,5.621292935,16.18559618,19.40791946,0.171868845,0.932567646,0.0591945,0.993235243,0.335240507,0.289639131,-0.210939951
AT4G19840,19.67624778,24.26294368,101.0307059,108.368406,0.150583592,0.782154576,0.266724499,0.907652878,0.194755125,0.223893149,0.201149089
AT4G19860,4.246463973,4.732406216,14.32854598,12.91101511,0.081671573,0.95726607,0.163925669,0.971959027,0.296363914,0.366540212,0.306601687
AT4G19880,2.852971758,3.421285701,6.8246688,6.563418808,0.197041254,0.920526452,0.458139384,0.906973926,0.418038126,0.521265792,0.318384659
AT4G19960,4.319651531,4.478809841,7.501474657,8.21839298,0.195989819,0.859224135,0.185331078,0.957943641,0.575840315,0.54497392,-0.079481606
AT4G20010,4.450215486,2.773737951,7.175755775,11.86750737,0.729972051,0.175592683,-0.399687023,0.922062997,0.620173766,0.233725404,-1.40785795
AT4G20070,5.259204095,3.046917446,10.91131044,6.534850548,-0.846871596,0.034524703,-0.307717744,0.936826375,0.481995643,0.466256638,-0.047895841
AT4G20130,3.434679443,3.477195115,12.01076378,10.57794638,-0.00443834,0.997899687,-0.259094629,0.946700764,0.28596678,0.328721189,0.201016892
AT4G20150,22.2775153,8.422443794,107.1999101,153.8391902,0.283487788,0.40049427,0.039971021,0.993235243,0.207812817,0.054748363,-1.924396908
AT4G20170,6.060654875,6.052570329,10.27373867,7.526026839,-0.209958652,0.792161965,0.109966193,0.979544858,0.589917173,0.804218542,0.44707519
AT4G20260,25.79811295,24.61007201,130.2677294,115.2073496,-0.045281745,0.959145928,0.100183879,0.97690286,0.19803917,0.213615469,0.109230318
AT4G20360,178.5868752,160.0761039,572.8631742,520.2963964,-0.052234894,0.843780853,-0.08142464,0.912734156,0.31174438,0.307663295,-0.019011214
AT4G20380,10.48666684,6.884855781,22.30826047,36.50912256,0.553058859,0.43332915,-0.005531716,0.998984146,0.470079989,0.188579054,-1.317736829
AT4G20410,3.474560167,3.341934721,8.429292374,12.01287933,0.536669202,0.647892022,0.091983968,0.988909536,0.412200694,0.278195978,-0.567245369
AT4G20440,9.980519737,6.478820253,23.96851713,27.77288749,-0.007831425,0.995296217,-0.28416307,0.943207839,0.416401218,0.233278598,-0.835920336
AT4G20480,6.881789214,3.862151594,17.68095269,10.16981993,-0.281651871,0.781606232,-0.386939581,0.922062997,0.389220498,0.379765976,-0.035477033
AT4G20760,3.586312722,2.52884897,11.58711124,9.639185182,-0.173764528,0.939460017,-0.27270353,0.964026953,0.309508785,0.262350906,-0.238482584
AT4G20780,4.21143728,33.52511949,28.7894531,223.1672388,3.077733402,3.03739E-65,2.842266791,1.77506E-11,0.146284032,0.150224198,0.038344923
AT4G20830,34.70328759,73.64090334,77.84381636,175.1657101,1.321378981,4.05454E-54,1.012079949,9.62979E-09,0.445806606,0.420407072,-0.084631057
AT4G20850,16.68204095,13.02057342,19.91498266,20.43100288,0.1149899,0.705001216,-0.322865944,0.69660785,0.837662841,0.637294875,-0.394408617
AT4G20860,12.39974047,24.31111272,33.5132426,55.3042025,0.983998782,6.49137E-10,1.005947278,0.005843282,0.369995247,0.439588885,0.248648172
AT4G20870,4.481503807,4.327880445,16.32317878,15.6765244,-0.123269398,0.921222005,0.228312131,0.968936277,0.274548473,0.276073978,0.007994021
AT4G20890,6.569822382,5.491956763,16.203332,16.15192147,0.007042531,0.996823316,-0.202316079,0.957926244,0.405461197,0.340018788,-0.253949387
AT4G20960,1.966524145,1.276714686,8.063820124,3.564534547,-0.866521293,0.203655243,-0.357816656,0.938843949,0.243870041,0.3581715,0.554538009
AT4G20980,7.59460462,7.169962299,19.86513186,11.04139415,-0.696524705,0.20609012,-0.072916834,0.987703677,0.382308291,0.649371103,0.764306697
AT4G21100,1.914010774,1.926266053,1.754219187,4.863305259,1.358207192,0.030463481,-0.007261623,0.998844586,1.091089864,0.396081667,-1.461900098
AT4G21105,47.17644829,53.16948196,172.1156574,145.0862799,-0.197138813,0.514163036,0.298282075,0.859996219,0.274097366,0.366468022,0.41899885
AT4G21110,5.4544212,3.216781131,22.81417069,31.58951606,0.387213847,0.696058858,0.295331426,0.94482302,0.239080406,0.101830656,-1.231323957
AT4G21150,4.754357878,3.895263358,12.00482629,9.43792244,-0.302255443,0.698089482,-0.212985621,0.953728363,0.396037207,0.412724663,0.059543674
AT4G21160,2.939994687,1.897021173,7.996313873,13.60895451,0.67993992,0.463859785,-0.233320445,0.970346925,0.367668745,0.139395071,-1.399226997
AT4G21180,4.42100708,3.367430924,6.13551558,8.057486025,0.398779379,0.532420847,-0.317508041,0.92222716,0.720559996,0.417925754,-0.785871892
AT4G21210,22.77256634,16.03596088,72.41486722,61.39011388,-0.170554591,0.826128346,-0.400272927,0.692023455,0.314473632,0.26121406,-0.267706505
AT4G21280,275.3607533,233.5315723,1213.457933,1067.930264,-0.078809399,0.659944737,-0.282947965,0.235760979,0.226922373,0.2186768,-0.053398687
AT4G21390,2.524878595,17.2073166,6.459190024,47.90364507,2.761486032,1.67638E-85,2.581208554,4.06366E-14,0.390897092,0.359206832,-0.121974061
AT4G21410,3.239925105,6.037838633,10.11529378,23.22486045,1.187371374,0.000418478,0.903819683,0.329766865,0.320299655,0.259973086,-0.30105997
AT4G21445,3.777729257,3.723139274,12.28731508,4.301768382,-0.998544804,0.41942134,0.002601008,0.999363834,0.307449531,0.865490408,1.493168226
AT4G21450,8.806029491,4.270009035,21.74123351,22.89400801,0.355287489,0.492217209,-0.641314821,0.741674721,0.405038173,0.186512079,-1.118788812
AT4G21470,4.274397318,3.401989408,7.224691149,7.589449595,0.222983328,0.854796659,-0.281391756,0.957161107,0.591637377,0.448252454,-0.400401715
AT4G21560,7.781933508,6.65115443,38.58391639,38.82675316,0.238529574,0.591967925,0.167067029,0.97421589,0.201688533,0.17130339,-0.235575365
AT4G21570,96.17484192,77.41601605,192.9360871,153.8990699,-0.217422416,0.495856799,-0.298343957,0.422378649,0.498480317,0.503031085,0.013111013
AT4G21660,7.5257228,9.877615902,11.87946655,10.71493185,-0.092286181,0.953880993,0.261919235,0.906973926,0.633506796,0.921855224,0.541180099
AT4G21670,1.861677869,2.297149651,3.152095146,3.340011776,0.210868659,0.857184791,0.42724132,0.884952175,0.590616013,0.687766932,0.219699279
AT4G21710,2.456455456,3.006091315,5.381827232,3.430576126,-0.572850311,0.275301848,0.309534714,0.920224397,0.456435212,0.876264279,0.940955953
AT4G21740,3.450773154,4.417083943,18.42659616,15.1516626,-0.200131969,0.90200603,0.270697843,0.970346925,0.187271329,0.291524703,0.638488096
AT4G21750,5.066181783,3.375500538,11.44522378,9.444628633,-0.153013006,0.922289735,0.024696248,0.994887233,0.442645935,0.357398969,-0.3086177
AT4G21770,1.339630774,2.485263341,3.978632922,5.628218493,0.363207703,0.805711375,0.58439008,0.871535223,0.336706301,0.441571937,0.391157769
AT4G21790,11.6847077,7.982697212,29.72867519,22.81578816,-0.539619913,0.060890029,-0.028768602,0.993885949,0.393045019,0.349876023,-0.167850769
AT4G21800,5.870640969,3.227008718,5.753480522,9.380012792,0.722588775,0.183560404,-0.48447004,0.875322749,1.020363404,0.344030311,-1.568475476
AT4G21810,5.487661267,6.597971527,12.79483147,18.16333425,0.38241286,0.512028511,0.478340188,0.86876,0.428896721,0.363257728,-0.239636798
AT4G21860,22.75674207,14.33833857,114.4553192,99.08660011,-0.130597422,0.760866436,-0.537416722,0.705479167,0.198826426,0.144705122,-0.45839353
AT4G21870,11.5725208,9.37614989,83.26753337,69.8876114,-0.252979794,0.738746801,-0.382074205,0.920224397,0.138979988,0.1341604,-0.050918269
AT4G21960,56.01718962,49.23268329,147.8537784,151.5228856,0.097520045,0.788812941,0.109337507,0.936826375,0.378868841,0.324919124,-0.221617833
AT4G22010,13.54072909,8.861400592,25.17354806,22.73006399,-0.098403856,0.907229718,-0.673877762,0.352058851,0.537895137,0.389853746,-0.46439195
AT4G22190,4.006969474,4.901634628,11.03211659,7.970472162,-0.171125088,0.916061117,0.254312095,0.957161107,0.363209493,0.614974186,0.759723942
AT4G22220,14.80468702,5.551217576,67.71616411,61.39495668,0.255498324,0.393033972,-0.157609792,0.970346925,0.218628554,0.090418137,-1.273797745
AT4G22240,25.04577608,18.46553064,68.5868072,63.25091417,-0.079243606,0.915857683,-0.347151312,0.793389684,0.365169004,0.291940929,-0.322887828
AT4G22260,3.897438246,5.770379419,13.70447004,5.778446664,-0.999130292,0.213911281,0.56974129,0.804102054,0.284391752,0.998603908,1.812032927
AT4G22290,3.0437628,1.920509377,8.098073966,3.418177087,-1.085104627,0.062549438,0.071553677,0.989950827,0.375862559,0.561851925,0.579984753
AT4G22310,14.15524055,11.90754944,65.59214159,69.4454801,0.360461061,0.449421601,-0.334454503,0.922062997,0.215806958,0.171466155,-0.331817547
AT4G22330,8.793618614,3.215226805,36.56949021,19.21178018,-0.593845036,0.176943057,-1.246755351,0.093099339,0.240463254,0.167357047,-0.522887144
AT4G22380,2.156894025,2.764995847,8.916090911,7.999417053,0.087608531,0.977862228,-0.013543424,0.997971886,0.241910277,0.345649668,0.514838477
AT4G22470,4.080269739,17.53220083,5.439658079,40.21539099,2.80934593,1.63465E-24,2.235492461,6.44509E-11,0.75009673,0.435957488,-0.782889195
AT4G22570,7.817080396,7.520082819,49.69419874,63.91775594,0.667899276,0.034095846,0.289952319,0.938422258,0.157303681,0.117652485,-0.419020641
AT4G22590,18.31832651,10.74548617,57.96567251,45.01902982,-0.33312472,0.142098505,-0.665577363,0.352728233,0.316020253,0.238687644,-0.404893136
AT4G22670,7.230278284,6.978389227,15.34838844,13.73735632,0.077741689,0.93547689,-0.092814621,0.985124941,0.471077358,0.50798633,0.108825683
AT4G22690,19.38802127,40.4601552,32.14010052,70.51441954,1.410600822,3.78938E-13,1.236487952,7.50672E-11,0.603234619,0.573785553,-0.072207581
AT4G22710,2.58954367,12.13015406,4.069234983,65.56469756,3.977574488,3.0745E-106,2.286508741,8.46859E-09,0.636371131,0.185010448,-1.782261645
AT4G22750,3.551179407,4.004339338,9.336512955,8.204400421,-0.120009644,0.962813683,0.153441588,0.982744851,0.380353931,0.488072148,0.359751911
AT4G22753,4.129236284,2.399117324,6.560721742,6.280531725,0.039133996,0.991248821,-0.567013191,0.895159629,0.629387504,0.381992708,-0.720403436
AT4G22780,6.826643702,17.79987415,15.44560033,35.69032915,1.233263567,8.31034E-09,1.268218727,0.000738002,0.441979823,0.498731017,0.174281419
AT4G22820,3.363646585,5.306966973,29.96084694,23.55281594,-0.322643873,0.863700295,0.153127918,0.982744851,0.112268074,0.225321974,1.00504029
AT4G22830,7.992138675,5.108346022,29.65486694,18.84105247,-0.500162716,0.503305499,-0.3721128,0.933083297,0.269505127,0.271128486,0.008663977
AT4G22890,82.85287569,70.99703625,233.2570411,242.1092174,0.08816426,0.7249451,-0.032816873,0.987703677,0.355199892,0.293243839,-0.276530346
AT4G22920,2.389021956,6.178471813,6.272615659,11.35354655,0.620249338,0.649169207,1.409419788,0.098549461,0.38086535,0.544188707,0.514825977
AT4G22930,4.778536828,2.454472191,15.3954576,13.35639773,-0.021479107,0.991248821,-0.902982316,0.591485252,0.310386151,0.183767528,-0.756182327
AT4G23010,6.137149153,17.81952025,14.25433249,27.97799391,1.044847969,7.49545E-05,1.491780876,0.00086508,0.430546233,0.636912007,0.564925905
AT4G23060,9.681889136,9.160365231,23.75698859,25.86718816,0.179625855,0.833097811,-0.182975653,0.954670522,0.407538569,0.354130692,-0.202654718
AT4G23100,30.43152131,24.80403794,54.88977583,60.98868722,0.143675585,0.648262627,-0.230685475,0.831990072,0.55441147,0.406698997,-0.446995671
AT4G23170,3.499705605,10.52705756,10.10977527,38.967823,1.534552536,4.23446E-07,1.580666339,0.002677267,0.346170465,0.270147438,-0.357735638
AT4G23180,20.65895865,54.89203686,54.53200556,101.8607141,1.033091566,9.90252E-32,1.334170725,1.12473E-11,0.378840984,0.538893109,0.508406724
AT4G23190,11.05353955,27.85994072,15.76552978,65.90931702,2.111217351,4.90525E-24,1.493616204,2.58304E-12,0.701120717,0.422701099,-0.730025003
AT4G23200,2.739804904,5.392429015,6.924816718,12.2910988,0.680658181,0.072928676,0.75437319,0.54072427,0.395650169,0.438726358,0.149096012
AT4G23220,6.546378327,18.57634546,18.21308527,62.69203369,1.973422566,1.02711E-55,1.471192544,5.37459E-06,0.359432695,0.2963111,-0.278608976
AT4G23260,2.078093503,1.370280967,3.152120784,7.224552555,1.185274792,0.022841904,-0.527166631,0.896845371,0.659268361,0.189670012,-1.797374252
AT4G23270,4.011125757,8.714109242,12.86903902,27.98880989,1.113499419,1.20819E-06,1.070246117,0.026952536,0.311688056,0.311342614,-0.001599817
AT4G23290,7.053971735,8.420693265,17.56607171,18.01604958,0.215196508,0.678922447,0.27769235,0.906973926,0.401567969,0.467399539,0.219012114
AT4G23400,26.86467277,20.95481064,88.88307876,71.80402745,-0.175889184,0.483917501,0.023446901,0.993235243,0.302247325,0.291833361,-0.050584757
AT4G23460,3.783248643,5.258630809,9.976450773,15.39091951,0.653283376,0.014523102,0.511757292,0.729067033,0.379217893,0.341670997,-0.150419251
AT4G23470,40.16355364,46.88674296,130.3126817,263.1023977,1.047652196,7.16319E-15,0.625461,0.030581086,0.308209095,0.178207205,-0.790353765
AT4G23500,1.485842458,1.533272412,2.109980178,3.343644109,0.612234828,0.639879772,0.020269259,0.996968648,0.704197354,0.458563281,-0.61885897
AT4G23570,8.224022077,8.284326249,30.22659637,36.13714499,0.29543822,0.313401082,0.605449643,0.595611854,0.272078999,0.229246839,-0.247123763
AT4G23600,3.072371,3.083823077,8.206558951,8.554119464,-0.081202375,0.967018989,0.308673498,0.949056197,0.374379934,0.360507366,-0.054474374
AT4G23630,16.63148696,13.69886529,53.82515092,33.69280005,-0.655537913,0.001531186,-0.258959287,0.920224397,0.308990995,0.406581384,0.395979366
AT4G23640,5.703697986,4.081231161,11.14140636,5.344387698,-0.77624323,0.014730528,-0.566018844,0.668084604,0.511936985,0.763648035,0.576941614
AT4G23650,11.52805569,14.02056316,39.06755286,43.01975969,0.323873579,0.095650001,0.246314368,0.901612329,0.295080056,0.325909844,0.143366513
AT4G23670,25.63452689,26.20990872,108.3839359,98.04012694,0.007315486,0.99520541,-0.027202023,0.993885949,0.236515925,0.267338584,0.176730745
AT4G23740,3.249031761,3.218027568,7.947773953,3.466481698,-1.026191442,0.137803587,0.372162444,0.901612329,0.408797706,0.928326715,1.183245536
AT4G23810,10.15670703,46.98189569,20.88726053,87.1471694,2.283319411,1.13829E-38,2.331309543,4.22767E-17,0.486263242,0.53910983,0.148841676
AT4G23820,5.519520671,8.257955611,24.47116936,22.82759545,0.141058736,0.780145481,0.522102119,0.789698208,0.225551979,0.361753196,0.68154582
AT4G23850,28.60200032,31.89476485,67.45189437,71.83784567,0.18079158,0.341143332,0.191125969,0.80418924,0.424035538,0.443982758,0.06631847
AT4G23890,17.41725164,10.5965589,48.69201908,33.68533217,-0.357318757,0.717557164,-0.749759423,0.443944769,0.357702391,0.314574867,-0.185356349
AT4G23940,3.608694758,2.039286621,8.538778865,4.297119733,-0.811938469,0.008807388,-0.608960819,0.713157845,0.42262422,0.474570584,0.16724723
AT4G24020,6.009120433,5.046454541,10.70278798,11.27143412,0.248458282,0.767868695,-0.314457851,0.871450789,0.561453749,0.447720715,-0.326568112
AT4G24090,3.743290324,3.306606496,13.28927525,8.392651188,-0.452971902,0.623309707,-0.145992563,0.985124941,0.281677537,0.393988315,0.484108322
AT4G24110,3.447888588,10.01197639,7.527388203,41.26061053,2.256674018,1.649E-12,1.863043991,0.001266187,0.458045805,0.242652163,-0.916602155
AT4G24160,16.82836702,38.25384159,29.74886895,74.86814781,1.394899949,3.46046E-11,1.193836117,1.73166E-05,0.565680902,0.510949485,-0.146807798
AT4G24190,9.95574676,8.712434336,17.38446795,11.32919092,-0.449302387,0.299583923,-0.204647797,0.921874278,0.572680555,0.769025291,0.425300425
AT4G24200,3.511095732,3.191350601,4.422014844,5.128171961,0.248795112,0.770110016,-0.158713487,0.969732935,0.794003606,0.622317392,-0.351494993
AT4G24220,16.39978072,13.20304847,76.72314336,78.73665313,0.02300757,0.983120328,-0.092306966,0.977375972,0.213752722,0.167686178,-0.350179011
AT4G24230,16.35767336,18.40749303,27.22639669,42.34694195,0.725931134,0.002356943,0.353151877,0.801334295,0.600801992,0.434682935,-0.466926137
AT4G24240,1.414622944,2.582694946,7.076631566,12.91096483,1.166740257,0.003507922,0.809754692,0.735645949,0.199900607,0.20003888,0.000997582
AT4G24280,29.93141913,28.51340326,60.84764594,45.02941637,-0.290522444,0.534782377,-0.070363563,0.970346925,0.491907594,0.633217251,0.364313232
AT4G24290,2.782356438,3.931353178,7.785643406,7.561822477,0.386040134,0.575051453,0.506884689,0.788560594,0.357370135,0.519894931,0.540801014
AT4G24330,4.217868974,4.09954194,18.57499826,10.07250265,-0.71734501,0.242062226,-0.315043373,0.920465965,0.227072375,0.407003312,0.841888331
AT4G24370,3.018731183,1.362160078,13.89241167,6.951024508,-0.790129859,0.330343117,-0.617293017,0.895361484,0.217293531,0.195965368,-0.149046504
AT4G24380,16.19002449,26.55465017,44.29160869,82.13701967,1.096399835,0.001077712,0.688047019,0.347301053,0.365532546,0.323296977,-0.177139847
AT4G24400,2.236858499,5.974041343,6.602865026,10.9391178,0.688568369,0.284827133,1.300927747,0.096456139,0.338770896,0.546117288,0.688900891
AT4G24440,6.604275767,5.297668926,19.26275527,21.60700844,-0.120709416,0.955342697,-0.500641095,0.916302539,0.342852083,0.245182897,-0.483727941
AT4G24460,4.300720859,3.292707113,7.482574029,3.212503147,-1.053144713,0.202997845,-0.290406053,0.957161107,0.574764893,1.024966191,0.834532474
AT4G24480,1.447939037,1.165357336,1.902996934,3.123184079,0.670596525,0.475212989,-0.115508731,0.987703677,0.760873027,0.373131172,-1.027972828
AT4G24510,3.875976418,4.05240956,18.21131019,19.89108271,0.211657936,0.854796659,-0.12093314,0.982744851,0.212833474,0.203729964,-0.063066892
AT4G24520,5.281500357,4.277236391,15.15596762,15.04943852,0.19941681,0.742379707,-0.176685568,0.964026953,0.348476619,0.284212357,-0.294092582
AT4G24550,3.262323193,4.304948137,10.80626957,11.87974534,0.228391747,0.775666911,0.679627604,0.770817451,0.30189171,0.36237714,0.263460808
AT4G24560,1.907293614,2.558978549,4.892140255,5.209905581,0.370133096,0.691764354,0.240764351,0.956306155,0.389868956,0.491175609,0.333249639
AT4G24570,27.5216398,142.2945551,88.38400842,616.2517644,2.894056054,0,2.428479326,6.37718E-45,0.311387097,0.230903282,-0.431420483
AT4G24620,10.15256446,7.817849914,22.11907801,24.059187,0.113406455,0.8121492,-0.238061246,0.915554809,0.458995825,0.324942398,-0.498297036
AT4G24680,3.408464029,2.977176017,5.807057069,4.273332265,-0.411472251,0.317418885,-0.131970955,0.970346925,0.586952046,0.69668723,0.247268479
AT4G24690,11.67665081,11.4056548,30.06940674,30.24641593,0.177758275,0.776318038,0.049273583,0.987703677,0.388323285,0.377091118,-0.042345049
AT4G24730,2.056372013,2.566529754,5.604388603,4.787552981,-0.354109688,0.739375931,0.159829555,0.98082927,0.366921739,0.536083833,0.546986245
AT4G24740,2.368477103,3.042489502,6.144444788,13.38605307,0.908298819,0.236907884,0.35053474,0.938037002,0.385466415,0.22728802,-0.762083519
AT4G24750,9.976744682,4.227835539,31.20007159,35.03217365,0.071162117,0.94118669,-0.529762483,0.808039381,0.319766724,0.120684362,-1.405781064
AT4G24770,72.60746537,56.21001313,368.0621725,335.2018328,-0.075753333,0.758966982,-0.243597015,0.742487354,0.197269567,0.167690053,-0.234371292
AT4G24780,7.325579186,2.753864316,12.52957132,6.704019352,-0.385778084,0.693600941,-0.883978425,0.421299573,0.584663194,0.410778098,-0.509246512
AT4G24800,4.184388909,5.433850103,12.80545251,12.16962657,-0.130769267,0.931056481,0.325658977,0.915554809,0.326766189,0.44650919,0.450431158
AT4G24805,3.715013201,2.729508042,17.60896794,21.40524242,0.388983559,0.535113245,-0.191255494,0.978174374,0.210972796,0.127515867,-0.726380209
AT4G24820,6.808121297,7.096534853,25.72991713,20.41902215,-0.249316854,0.796649863,0.162638712,0.971959027,0.264599426,0.347545284,0.393391038
AT4G24830,9.212751073,4.25432288,13.51912319,8.122144928,-0.624716352,0.2680792,-0.769198643,0.476303021,0.681460694,0.523793027,-0.379633592
AT4G24840,3.326530656,2.490101551,7.387141239,6.297036346,-0.187241529,0.879571939,-0.28305929,0.936826375,0.450313667,0.395440238,-0.187470583
AT4G24920,6.051545832,17.05730847,67.19940194,168.9422842,1.270292106,2.04642E-06,1.162814387,0.113022415,0.090053567,0.1009653,0.165004231
AT4G24930,19.00734566,23.77256823,73.50097732,60.01208833,-0.134769541,0.818978773,0.477582917,0.683978531,0.258599904,0.396129661,0.615250994
AT4G24940,2.828686453,3.582336399,7.436337591,7.537086257,-0.031827094,0.988606651,-0.144567909,0.984477763,0.380387041,0.4752946,0.321353913
AT4G24960,9.529125644,4.146292728,67.99032222,29.39361232,-1.107528798,0.001094826,-0.67270159,0.625930048,0.140154147,0.141061013,0.009304868
AT4G25030,32.29443767,81.6047897,101.6422106,355.7710849,1.873314231,1.88147E-50,1.394936761,1.49139E-13,0.317726636,0.22937443,-0.470081471
AT4G25050,81.6528568,57.62142456,629.1867309,510.4832537,-0.207764054,0.207858959,-0.192377033,0.892181608,0.129775236,0.112876229,-0.201273423
AT4G25080,41.79190105,33.88044586,246.9063432,235.2578399,-0.073245244,0.710188243,-0.32248084,0.602321192,0.16926216,0.144014099,-0.233049426
AT4G25100,96.2381611,64.51147662,424.7790566,492.204833,0.190280823,0.306306364,-0.487612372,0.097512439,0.226560513,0.131066321,-0.789599423
AT4G25110,6.777947176,4.675826129,17.54053555,20.7887143,0.234566929,0.710026967,-0.294946035,0.932868832,0.386416205,0.224921371,-0.780734848
AT4G25130,28.50469831,32.22999147,128.8054562,113.9105561,0.079117799,0.929079097,0.127390582,0.957926244,0.221300395,0.282941218,0.354496333
AT4G25170,9.112678827,12.81698289,32.52840392,49.06962734,0.60546384,0.003152594,0.614358015,0.605027121,0.28014528,0.261199923,-0.101020714
AT4G25210,11.42967719,12.72335348,29.10122807,35.00034099,0.156504339,0.891398524,0.467193541,0.601644629,0.392755837,0.363520844,-0.111594629
AT4G25260,12.77120751,7.774613152,29.43577679,24.25037455,-0.186745075,0.897215974,-0.415529673,0.906973926,0.433866842,0.320597653,-0.43648847
AT4G25370,11.65995491,6.874468676,71.75655412,68.23377434,-0.019844209,0.988083363,-0.60702423,0.770320086,0.162493239,0.100748768,-0.689617502
AT4G25390,2.119055768,3.752945895,6.222983974,15.2420616,1.329609821,0.005299645,0.862181393,0.491535465,0.340520846,0.246222984,-0.46777768
AT4G25450,9.195645954,7.557671162,17.5843017,16.73699182,-0.010997225,0.991297777,-0.303354581,0.885321622,0.522946325,0.451554929,-0.211761381
AT4G25500,4.400002179,1.883874888,10.97501713,7.225373487,-0.075823727,0.971224214,-1.075983891,0.343332056,0.400910735,0.260730451,-0.620721961
AT4G25520,1.44877929,2.291541883,1.664573022,2.126482417,0.014869042,0.99520541,0.396660327,0.906973926,0.87036091,1.077620894,0.30816406
AT4G25570,16.18081733,13.80737552,55.72547046,61.07771846,0.129764373,0.844938109,0.415748134,0.745962164,0.290366635,0.226062398,-0.361154643
AT4G25620,8.048338758,4.544600765,27.85337051,15.02608147,-0.744270097,0.066475139,-0.578665223,0.694972648,0.288953854,0.302447499,0.06584562
AT4G25640,4.703097285,7.789090494,15.49631045,15.9499808,0.067424991,0.955342697,0.686816999,0.643722239,0.303497875,0.488344819,0.686213779
AT4G25650,8.238578243,6.273405222,30.25347108,25.53883886,-0.058079562,0.92539105,-0.074845002,0.987703677,0.272318446,0.245641756,-0.14873889
AT4G25670,6.60102958,15.40061963,18.35795407,53.48341352,1.886129203,9.03097E-23,1.659988984,1.39067E-05,0.35957327,0.287951322,-0.320460833
AT4G25680,3.850398481,4.990204243,14.98823124,11.73222216,0.008786575,0.994871386,0.035524296,0.994966189,0.256894788,0.425341779,0.727444951
AT4G25700,16.65977792,11.97113411,82.45344905,62.68239681,-0.374615576,0.082179642,-0.439582218,0.781629782,0.20205071,0.190980797,-0.081289836
AT4G25730,2.390419022,2.319798434,3.964831446,3.375456908,-0.051367847,0.986347312,-0.013114048,0.997324194,0.602905585,0.687254644,0.188912656
AT4G25740,11.62318528,11.79545192,57.91063786,70.29248738,0.388224983,0.255435418,-0.131094443,0.977375972,0.200708984,0.1678053,-0.258316913
AT4G25810,11.28585832,30.76810684,40.83613745,93.47299823,1.21982478,2.31463E-05,1.373729343,0.000123803,0.276369388,0.329165721,0.252216276
AT4G25830,3.456848026,2.004007282,16.64494006,6.167104467,-0.367511696,0.748648347,-0.378582761,0.942837015,0.207681615,0.324951084,0.645849056
AT4G25900,2.777915335,11.84555977,10.32540398,37.69292743,1.966110936,2.33529E-10,1.900545578,0.000129976,0.269036964,0.314264786,0.224176222
AT4G25910,6.401031572,3.402819623,15.38328929,17.56951103,0.237441711,0.820976245,-0.409816438,0.921862118,0.416102919,0.193677537,-1.10328377
AT4G25940,3.539347589,6.586673618,9.929592367,14.57732879,0.714400148,0.051627911,0.878083196,0.383239629,0.3564444,0.451843662,0.342146632
AT4G25960,8.60195349,9.323843146,15.7281071,13.16803082,-0.054378281,0.92539105,0.176210395,0.922062997,0.546916004,0.708066625,0.372565836
AT4G25970,2.324231574,2.130119029,4.998958186,4.832110875,0.253158246,0.798884837,0.081051259,0.989569486,0.464943192,0.440825777,-0.076845867
AT4G26000,2.605595107,3.713640059,10.76122444,5.490082881,-0.930854038,0.312742518,0.462350722,0.907652878,0.242128126,0.676426957,1.482163481
AT4G26070,3.038230689,4.912162499,8.18538321,7.735383191,-0.325432441,0.701501811,0.501475019,0.895159629,0.371177575,0.635025102,0.77470407
AT4G26080,4.439460242,2.578031881,7.050925091,13.30639017,0.83150073,0.023684816,-0.175445695,0.971959027,0.629628054,0.193743897,-1.70034896
AT4G26090,2.026310124,3.927362228,2.593201498,4.474963529,0.637932285,0.481274566,0.909253729,0.327779166,0.781393241,0.877629997,0.16756406
AT4G26100,2.405678182,2.196709642,3.393907025,6.457594468,0.52572559,0.601570531,-0.072745916,0.991004798,0.708822653,0.340174604,-1.059149271
AT4G26110,4.386666872,4.137063157,11.30053567,11.34177466,-0.041935135,0.982955593,0.169842161,0.97421589,0.388182207,0.3647633,-0.089773406
AT4G26230,16.00589199,6.430617993,43.51273924,26.0465239,-0.452732632,0.418931675,-0.94237787,0.520178811,0.367843815,0.246889682,-0.57522679
AT4G26300,4.087029674,4.836125343,10.69260458,7.445751728,-0.511672606,0.423421705,0.123837752,0.976064811,0.382229572,0.649514719,0.764922819
AT4G26370,3.157578711,1.367922522,13.39897629,14.40918201,0.298058589,0.772923852,-0.397759806,0.922062997,0.235658206,0.094934086,-1.311697836
AT4G26400,6.205649746,8.158533591,20.21802257,25.91121816,0.266054215,0.714484192,0.081387292,0.987703677,0.306936533,0.314864918,0.036792653
AT4G26410,1.918246288,3.00313404,17.7223278,11.54764969,-0.227249013,0.824582091,0.263227456,0.961585417,0.108238958,0.260064526,1.264649771
AT4G26450,4.240147694,3.82545421,7.374426265,4.69827621,-0.551153283,0.31436773,-0.131993708,0.977375972,0.574980011,0.814225056,0.501915816
AT4G26510,2.949046685,2.655237365,2.735116904,5.571854715,0.286210657,0.874111818,-0.391553072,0.919926852,1.078215955,0.476544616,-1.177962968
AT4G26530,41.73696806,29.10749808,124.8164632,120.8836684,0.099947575,0.660307886,-0.456556279,0.28857643,0.334386723,0.240789335,-0.473746073
AT4G26540,2.873850313,1.638915523,4.156738756,4.780591276,0.30251824,0.742379707,-0.627511319,0.731956595,0.691371405,0.342826949,-1.011980412
AT4G26630,3.047162243,3.625171398,8.738457449,6.19871384,-0.376225268,0.247285911,-0.158566659,0.964811001,0.34870711,0.584826383,0.745992617
AT4G26640,3.696734648,2.132317404,6.554686382,5.898533021,-0.031758778,0.991087403,-0.675322154,0.782975446,0.563983451,0.361499613,-0.641658729
AT4G26690,42.43407596,51.48669846,68.87903323,96.28579773,0.551342609,5.73154E-06,0.258017821,0.520922173,0.61606666,0.534727859,-0.204281621
AT4G26700,4.889826255,4.79406266,14.37560798,16.33012562,0.266394674,0.539531683,0.062759025,0.988742131,0.34014744,0.293571695,-0.212447355
AT4G26710,11.10899006,11.39701855,56.26563324,61.2301989,0.054837371,0.975009112,0.361860137,0.90529099,0.197438284,0.186133946,-0.085060567
AT4G26750,3.503513699,3.413158553,7.182775804,16.32060327,1.073643325,0.028075058,-0.09712393,0.987703677,0.487765983,0.209131887,-1.221776098
AT4G26840,7.145009085,7.385717903,29.61011321,48.62526581,0.738133407,0.372803303,0.065795366,0.989950827,0.241302998,0.15189054,-0.667813816
AT4G26850,11.00742019,8.41377645,33.5751677,18.65116783,-0.654666923,0.167994032,-0.302387843,0.901612329,0.327844087,0.451112581,0.460477648
AT4G26860,7.424140208,8.403203937,40.18424665,35.87786466,-0.281183409,0.658234897,0.48224392,0.876460377,0.184752504,0.234216947,0.342251548
AT4G26870,3.690921449,2.577260465,7.634578757,8.283629255,0.30709794,0.821967541,-0.410903237,0.906973926,0.48344795,0.311126969,-0.635857115
AT4G26900,3.251103332,1.864312842,5.90587532,5.090616136,-0.334317369,0.851899506,-0.510277603,0.859996219,0.55048628,0.366225383,-0.58797482
AT4G26910,4.718872729,5.539144761,10.10476297,9.267425298,0.443544477,0.455853405,0.124900985,0.977375972,0.466994896,0.597700503,0.356015975
AT4G26970,11.53437538,14.05167231,24.84479866,27.85432642,0.28790317,0.20816105,0.379355152,0.594432883,0.464257148,0.50447001,0.11984438
AT4G27000,14.27523976,13.04967226,41.26796403,55.23231379,0.321165869,0.34480919,-0.080368412,0.982744851,0.345915775,0.236268796,-0.549991704
AT4G27030,6.899817913,2.653234169,23.25730626,20.13827848,-0.096971631,0.906742238,-1.132881333,0.159142043,0.296673133,0.131750793,-1.171062631
AT4G27080,4.77445165,1.792250942,4.633259494,3.136046622,-0.383307525,0.821259424,-1.214709527,0.296830095,1.030473613,0.571500095,-0.85048192
AT4G27090,26.90031627,29.87660644,135.8783947,96.51171528,-0.300976827,0.396867764,0.247067403,0.906973926,0.197973462,0.309564558,0.644933249
AT4G27130,4.17401938,2.811057086,4.910879767,17.42106018,0.319299283,0.689739628,-0.104028513,0.989422922,0.849953486,0.161359702,-2.397103564
AT4G27230,3.162832617,4.486071915,9.22844014,17.42493825,0.490088726,0.520376788,0.387903566,0.92462256,0.342726676,0.257451237,-0.412759285
AT4G27280,14.35613968,83.74838902,64.12944447,338.81797,2.492882384,5.21616E-91,2.399620005,6.81039E-17,0.223861906,0.247178121,0.142941995
AT4G27310,16.99752921,11.26938971,104.8654049,108.9983348,0.046689872,0.967279319,-0.555495806,0.676151143,0.162089006,0.103390476,-0.648682944
AT4G27350,2.928871732,2.405900386,19.39133056,33.25653151,0.610619733,0.265947095,0.052534846,0.993235243,0.151040266,0.072343695,-1.061994014
AT4G27410,17.0390071,10.26305708,48.90631051,24.290146,-0.747326253,0.304722825,-0.505716501,0.792052106,0.348400992,0.422519365,0.278268735
AT4G27430,8.344925852,7.340725975,11.2922642,13.98709881,0.262678171,0.703481548,-0.101340935,0.977375972,0.738994918,0.524821199,-0.493738446
AT4G27440,21.81073186,16.38361715,72.72020029,64.9145999,-0.097064551,0.826128346,-0.10330021,0.970346925,0.29992673,0.252387247,-0.24897109
AT4G27450,6.933788205,10.85196928,41.80895559,27.35114932,-0.412306662,0.387291756,0.386178888,0.891862226,0.165844569,0.396764654,1.258451741
AT4G27470,4.128832631,3.923850901,18.95412656,13.35604138,0.018050974,0.994436306,0.178351146,0.977375972,0.217832915,0.293788465,0.431555793
AT4G27500,26.01547022,29.37384282,69.69323742,85.38370731,0.397320262,0.126115439,0.247540126,0.769598235,0.373285432,0.344021638,-0.117779897
AT4G27520,98.95189756,61.66482904,290.7459266,241.9715909,-0.229618668,0.237455178,-0.570744591,0.007528466,0.340338036,0.25484326,-0.417358197
AT4G27585,2.042905114,1.640964367,5.74224817,2.652266485,-0.98040265,0.201969546,0.313381124,0.952358219,0.355767472,0.618702674,0.79831166
AT4G27600,6.508292234,6.428845264,30.98270653,25.54514377,-0.364276471,0.583811485,0.150064444,0.970346925,0.210062095,0.251666044,0.260694718
AT4G27640,4.58834225,4.742854489,7.846420704,8.785816259,0.435830798,0.532559037,0.101166716,0.977375972,0.584768829,0.539830831,-0.115359038
AT4G27680,5.860200962,3.007095128,6.865927416,3.475583095,-1.026799034,0.24105514,-0.788990737,0.683978531,0.853519213,0.865205937,0.019619937
AT4G27700,15.38112694,12.1660711,73.48359027,51.7177595,-0.44615247,0.350254423,-0.075545393,0.987703677,0.209313765,0.235239717,0.168464469
AT4G27710,3.782764507,3.533358584,13.76608592,11.86060699,-0.153119743,0.838431107,-0.151733695,0.977375972,0.274788675,0.297907062,0.116539779
AT4G27720,22.4143326,20.71102529,47.43563391,39.58808645,-0.266166374,0.509678508,-0.114042958,0.964034349,0.472520988,0.523163081,0.146882325
AT4G27800,7.729015583,8.709176094,48.67143896,42.39177445,-0.156670879,0.781646235,0.20224791,0.963685245,0.158799817,0.205444953,0.37154264
AT4G27880,2.642085138,1.338774176,9.707853449,6.628731523,-0.348631397,0.780920181,-0.355219757,0.944643059,0.272159562,0.201965364,-0.430344821
AT4G27960,17.08560574,19.12464984,112.9462681,108.1224579,0.090597424,0.846475789,-0.138720857,0.970346925,0.151271981,0.176879533,0.225622326
AT4G27990,7.446592047,11.26896997,37.6529629,21.3713964,-0.827974844,0.099970439,0.55308986,0.836101519,0.197769086,0.527292169,1.414785643
AT4G28025,16.55404045,9.649791268,81.164515,96.68213631,0.204143064,0.7257454,-0.320424956,0.922062997,0.203956624,0.099809454,-1.031013977
AT4G28030,15.27921798,16.56990147,63.34052574,46.63830099,-0.350919294,0.128832796,0.139774052,0.97421589,0.241223416,0.355285272,0.558607928
AT4G28080,50.3751553,42.56994599,64.21836185,65.70907427,0.099251491,0.71197297,-0.184747113,0.565100576,0.784435383,0.647854904,-0.275983875
AT4G28200,1.754252627,1.362239506,3.439033766,1.44727494,-1.240991001,0.094285935,-0.368813981,0.936826375,0.510100437,0.941244451,0.883788118
AT4G28210,2.540785844,2.334191029,9.883380153,8.214551508,-0.14309633,0.951490821,-0.032197977,0.996883172,0.257076608,0.284153192,0.144470578
AT4G28220,3.519782921,4.011150491,7.012294194,6.389253745,0.23549779,0.871619701,0.392140919,0.907652878,0.50194456,0.627796399,0.322768728
AT4G28240,18.49421434,7.019455804,274.6811532,107.880421,-1.28292345,7.40303E-15,-0.640833348,0.498044092,0.067329754,0.065067004,-0.049318052
AT4G28260,3.081328375,3.241849564,11.12053636,11.14582785,-0.14467728,0.919052567,-0.248657871,0.956206514,0.277084511,0.290857674,0.069987305
AT4G28300,19.06247163,12.85349806,33.60112941,35.91966028,0.293988367,0.371925633,-0.279959987,0.841295095,0.567316396,0.35784019,-0.66483813
AT4G28400,11.48411038,22.75537719,33.68679213,59.62621158,0.752172571,0.078983155,1.002557568,0.148557942,0.340908399,0.381633791,0.162804774
AT4G28440,4.421164433,3.086609674,15.50053876,18.43957628,-0.300949304,0.714484192,-0.459471133,0.915554809,0.285226501,0.167390488,-0.768890482
AT4G28470,3.76570425,2.462135746,4.769397317,5.159730967,0.210994596,0.857371184,-0.19253973,0.957161107,0.789555577,0.47718297,-0.726498266
AT4G28480,3.321264121,4.687036431,10.56363375,9.250812778,-0.084018,0.955140301,0.288269671,0.952358219,0.314405459,0.506662122,0.688397709
AT4G28510,2.121041059,1.454893223,3.755675482,5.00372858,0.193693856,0.914979914,-0.540197382,0.906973926,0.564756212,0.290761819,-0.957790399
AT4G28610,3.992044722,3.306144157,13.23785097,7.93790835,-0.671079737,0.443124368,-0.321340415,0.923472352,0.3015629,0.416500671,0.465859873
AT4G28660,28.52348273,23.65048436,158.4264622,129.0427274,-0.17881911,0.406526333,-0.24891992,0.910185329,0.180042414,0.183276383,0.025684079
AT4G28706,4.554775602,5.354426983,13.48467744,12.94708868,0.062248289,0.975009112,0.283341091,0.936826375,0.337774161,0.413562239,0.292045496
AT4G28710,2.50191955,2.885259297,3.84686331,5.815605284,0.54087789,0.268635417,0.192350863,0.958562339,0.650379114,0.496123646,-0.390581208
AT4G28730,2.722355466,5.854018985,19.84044378,12.41142085,-0.559918478,0.635853743,0.267521969,0.964811001,0.137212428,0.471663886,1.781347981
AT4G28740,5.093029073,2.287548708,11.10885655,5.312695101,-0.65549548,0.477508748,-0.913498101,0.594074448,0.458465644,0.430581591,-0.090526987
AT4G28750,522.5076069,372.9480889,3690.819427,3609.657919,0.05145622,0.797184154,-0.296447549,0.184352141,0.14156954,0.10331951,-0.454398173
AT4G28760,2.866518555,3.209337599,6.079472551,7.423025059,0.575441326,0.330301995,0.010395715,0.997778221,0.471507772,0.432349019,-0.125085136
AT4G28770,4.902623984,2.192307889,11.25952867,7.103519943,-0.109682933,0.93198509,-0.348559088,0.936826375,0.435420001,0.308622754,-0.496563246
AT4G28860,4.41846289,4.95409674,11.67920612,7.98151291,-0.023216052,0.985008867,0.16297807,0.97421589,0.37831877,0.620696451,0.714285542
AT4G28910,3.121054704,1.714563296,8.569635979,10.98251904,0.292226747,0.693188374,-0.852519207,0.686505457,0.364199216,0.156117489,-1.222095653
AT4G29010,5.418990347,4.202032794,8.144948457,8.591018699,0.14803934,0.928748446,-0.248782535,0.936826375,0.66531917,0.48911927,-0.443860299
AT4G29020,6.22275771,4.147191019,23.08374932,12.9172656,-0.588173564,0.602199234,-0.159781552,0.981413902,0.269573093,0.321057966,0.25215729
AT4G29040,6.148553407,8.167264938,19.98098378,27.30301059,0.237448887,0.799661869,0.035417476,0.993235243,0.307720254,0.299134226,-0.040826417
AT4G29050,2.171427746,4.481108711,2.887654457,4.287940937,0.816018974,0.179310763,1.041894111,0.296989696,0.751969385,1.045049075,0.474824861
AT4G29060,53.64590987,47.91620856,74.16502558,74.52206277,0.043511193,0.959732365,-0.128716586,0.868934455,0.723331644,0.64298017,-0.169883024
AT4G29070,5.771471324,5.963882074,15.50260371,7.089507436,-0.672738464,0.520450967,-0.051145317,0.993235243,0.372290451,0.841226577,1.176065818
AT4G29080,2.159189755,2.320406227,8.38826503,13.25667812,0.696088593,0.442093289,0.349541861,0.948711524,0.257406001,0.175036778,-0.556387599
AT4G29120,4.048066903,3.870568576,12.09128444,12.99070256,-0.062332041,0.983953622,0.021355383,0.996883172,0.334792132,0.297949134,-0.168199572
AT4G29130,9.305336681,6.148808551,12.76002443,5.800757206,-0.873656312,0.041229294,-0.530783912,0.657034983,0.729256964,1.060001019,0.539566489
AT4G29160,9.528868134,4.925821941,30.27135504,31.91157758,0.130152278,0.867534593,-0.322211815,0.906973926,0.314781685,0.154358459,-1.028067054
AT4G29190,5.655110963,7.700383195,33.43367455,19.15621631,-0.596526882,0.428415612,0.394047541,0.920224397,0.169144165,0.401978296,1.2488642
AT4G29220,8.856817626,8.447705754,15.14630377,17.55549084,0.285856553,0.750623528,-0.011777339,0.996968648,0.584751089,0.481200203,-0.281185394
AT4G29260,2.890148524,3.991674599,14.6783692,11.99832865,-0.369506663,0.831880297,0.04955684,0.993885949,0.196898476,0.332685886,0.756708719
AT4G29330,3.452504849,2.365035139,3.375207828,8.25865501,0.978613997,0.32994502,-0.138990639,0.987703677,1.022901411,0.286370497,-1.836712329
AT4G29350,93.03415028,68.50802088,324.4441287,257.371523,-0.108192895,0.667671451,-0.321343655,0.728819169,0.286749372,0.266183376,-0.107369856
AT4G29390,10.47299072,2.909121795,45.00585358,51.44934731,-0.029098719,0.988352156,-0.266301494,0.957926244,0.232702857,0.056543415,-2.041058001
AT4G29410,8.305579409,7.532143573,38.85299985,37.69086324,-0.210681994,0.720783387,-0.583071413,0.789117306,0.213769321,0.199840039,-0.09720916
AT4G29440,3.399323269,4.206290183,5.847709037,4.319147987,-0.167562823,0.885057117,0.310289526,0.887031673,0.581308551,0.973870355,0.744425597
AT4G29480,11.9336784,6.845473643,38.09412753,64.03211449,0.310682652,0.548344531,-0.21346093,0.970346925,0.313268191,0.106906881,-1.551043571
AT4G29510,2.429086334,2.853776635,7.115723445,12.45556868,0.642645448,0.470627449,0.237397004,0.969732935,0.341368851,0.229116527,-0.575249893
AT4G29590,4.969517039,4.569792914,22.09132008,20.6110381,-0.036918046,0.981376755,-0.014918912,0.997324194,0.224953376,0.221715805,-0.020914401
AT4G29610,3.353487567,1.142444587,4.308818885,15.54039666,1.842071137,1.05377E-05,-0.525101644,0.910185329,0.778284643,0.073514506,-3.404197028
AT4G29670,29.79410959,23.39654438,98.07077848,76.58925491,-0.325130381,0.060890029,-0.23156772,0.906973926,0.303802112,0.305480768,0.007949656
AT4G29740,3.942566461,10.3025131,14.28969221,31.95243533,1.22754376,3.52149E-07,1.004027501,0.17383056,0.275902826,0.322432797,0.224838267
AT4G29750,3.142295183,3.075879748,5.680781081,3.762321773,-0.603882785,0.382190547,0.237168595,0.959658209,0.553144918,0.817548294,0.563646457
AT4G29780,34.88388362,134.5214012,57.97590221,233.6850886,2.094566827,7.528E-107,2.018331549,2.93029E-55,0.601696261,0.575652482,-0.063837265
AT4G29790,2.576916905,1.780495461,2.784414855,2.127222086,0.023641721,0.993421392,-0.45306176,0.853331369,0.925478795,0.837004971,-0.144963744
AT4G29810,7.268232438,5.728495683,20.8120611,18.6818536,0.066642257,0.951099297,-0.129657026,0.977375972,0.349231746,0.306634224,-0.187665981
AT4G29840,8.540109632,5.922708677,18.10024726,14.61462254,-0.112073476,0.93547689,-0.559549296,0.694972648,0.471822816,0.405259093,-0.219400627
AT4G29870,1.549548168,1.650316797,10.85383787,5.628182085,-0.623157978,0.700207226,0.003555929,NA,0.142765,0.293223775,1.038359745
AT4G29900,11.44261332,10.08986598,12.92561471,17.27091489,0.42254932,0.137803587,-0.211930589,0.922062997,0.885266471,0.584211435,-0.599621184
AT4G29950,28.62253669,27.02359996,62.70178362,43.42697276,-0.457925318,4.78379E-05,-0.047340117,0.979544858,0.456486802,0.622276853,0.446983434
AT4G30010,8.016342945,10.87016375,113.304465,61.22758294,-0.55083454,0.114565933,-0.304667269,0.922062997,0.070750459,0.177537039,1.327308618
AT4G30020,2.143113184,2.447260597,4.199492527,5.409078547,0.302535849,0.756581613,0.071206383,0.989950827,0.510326705,0.452435766,-0.173708156
AT4G30060,3.055384873,5.28209843,4.802364334,19.75387233,1.689806609,2.48891E-07,0.631096974,0.685652346,0.63622513,0.267395594,-1.250561663
AT4G30100,4.269066766,8.413694056,10.26149456,16.56120613,0.862460218,0.001260387,1.01775124,0.03968963,0.416027776,0.50803631,0.288251759
AT4G30190,9.327475659,9.313350704,14.33191808,16.59533811,0.043282992,0.971707463,-0.037693216,0.989720825,0.650818377,0.561202829,-0.213732706
AT4G30200,3.715791835,3.485956967,10.70604754,8.664904827,-0.020834593,0.990743151,0.123463758,0.980146033,0.347074102,0.402307589,0.213055235
AT4G30210,40.1304867,105.3546908,114.5745601,345.9419164,1.647369057,3.02745E-62,1.326959961,2.5571E-29,0.35025652,0.30454445,-0.201759092
AT4G30260,9.010623026,6.811440495,27.74108084,37.98506245,0.458517395,0.350812984,-0.292120978,0.93175614,0.324811534,0.179318923,-0.857075123
AT4G30270,33.52426519,78.34988547,108.2830647,259.2491141,1.331641587,2.45632E-24,1.308169722,1.8252E-09,0.309598415,0.302218527,-0.034805979
AT4G30280,14.82717009,63.20981042,73.23341769,257.6874124,2.003392304,6.72729E-38,2.100121654,4.17815E-25,0.202464538,0.245296461,0.276857182
AT4G30310,6.255899017,6.015197846,19.11083758,14.3352778,-0.137940228,0.811861051,0.052642491,0.990962416,0.327348238,0.419608042,0.358216112
AT4G30340,2.936872052,4.325151179,5.613517886,8.473335492,0.658312528,0.241076803,0.19982662,0.970346925,0.523178533,0.510442574,-0.035554682
AT4G30350,6.328006779,7.890008585,10.52805495,15.49573178,0.590169898,0.176471959,0.54031011,0.502719861,0.601061337,0.509173023,-0.239356238
AT4G30360,1.877413576,2.490284328,3.202645262,3.921704024,0.602345087,0.349027298,0.350537836,0.927958111,0.586207158,0.635000579,0.115347324
AT4G30390,3.074624955,3.957205086,12.92795745,10.64945249,0.239131594,0.926035063,0.008975816,0.998844586,0.237827589,0.371587656,0.643786491
AT4G30440,59.8922862,51.00994785,154.3222509,161.639259,0.19849025,0.243447039,-0.17176377,0.86215767,0.388098838,0.315578951,-0.29842313
AT4G30470,1.615549407,2.31989011,5.206161512,4.576351944,0.093180118,0.981319057,0.250618168,0.970346925,0.310314884,0.506930004,0.70805366
AT4G30490,5.936474616,5.638627439,10.35778806,11.21339756,0.076045805,0.96321555,0.111132616,0.982744851,0.573141155,0.502847367,-0.18876994
AT4G30530,32.47826132,87.77898485,112.1980574,319.0552888,1.576301222,1.13455E-39,1.575941277,3.38324E-12,0.289472582,0.275121548,-0.073357568
AT4G30550,2.989017501,2.1401456,5.905953563,5.71899004,-0.054751769,0.982955593,-0.151524815,0.986063809,0.506102439,0.374217403,-0.435552774
AT4G30580,5.769564812,7.234809633,22.63984597,19.93683115,-0.004105818,0.998678887,0.19742082,0.970346925,0.254841169,0.362886638,0.509920576
AT4G30600,27.84119402,49.73126018,68.70331193,119.2347954,0.87432661,1.11251E-14,0.90539781,2.49767E-06,0.405238019,0.417086808,0.041578149
AT4G30610,3.348443192,1.639712054,7.807205029,5.000750697,-0.707516372,0.200063357,-0.729383129,0.771940598,0.428891412,0.327893181,-0.38738653
AT4G30620,4.456343057,2.247991029,14.63265596,6.981081532,-0.781231715,0.530832393,-0.614653713,0.890513824,0.304547791,0.322011857,0.08044517
AT4G30690,3.417482737,6.576524658,19.87723409,17.68291023,-0.167943679,0.913711595,0.706243271,0.754869778,0.171929491,0.371914157,1.113152637
AT4G30720,1.295857822,1.47232048,3.818426758,1.882070796,-0.721713185,0.448588137,0.281893271,0.959674436,0.339369563,0.782287512,1.204841753
AT4G30760,9.431209153,5.820938464,33.65126389,21.04442865,-0.586909845,0.262725495,-0.637223268,0.779495479,0.280263148,0.276602352,-0.018968631
AT4G30780,5.38456104,9.673512583,9.210858031,14.52947171,0.560536078,0.260093768,0.850848658,0.185759186,0.584588431,0.665785569,0.187636322
AT4G30790,4.240573933,4.915775541,5.988707818,5.149626283,-0.106137122,0.928748446,0.247416278,0.922491402,0.708094978,0.954588794,0.430936515
AT4G30810,3.87005217,2.620667637,8.012598867,4.397339166,-0.713850669,0.335313889,-0.418589065,0.915554809,0.482995871,0.595966683,0.303220824
AT4G30825,3.009905945,1.287909491,3.546133568,2.564900738,-0.325398981,0.820976245,-1.056455685,0.336104326,0.848785272,0.502128395,-0.757343312
AT4G30850,2.842847699,7.300073888,6.827403112,31.12860107,1.992453525,3.9999E-05,1.087047434,0.373176002,0.416387849,0.234513394,-0.828257646
AT4G30890,5.394632818,5.208751456,6.674671228,3.8415516,-0.364791688,0.722624068,0.016640762,0.996883172,0.8082245,1.355897824,0.746420475
AT4G30920,8.505079712,8.233258041,26.31832021,26.97325453,0.017366337,0.983280974,-0.10506135,0.97421589,0.323161951,0.305237843,-0.082323509
AT4G30930,2.375919981,2.388180942,3.112515488,2.311955464,-0.916976306,0.410388618,0.018329836,0.997324194,0.763343987,1.032970133,0.436393309
AT4G30950,49.47300831,35.54715989,176.8110135,185.3489351,0.103581178,0.75055634,-0.463078086,0.184352141,0.279807277,0.191785078,-0.544943014
AT4G30960,9.998734752,9.657320922,43.06251666,19.53493884,-0.905089468,0.000220391,-0.15513553,0.95850497,0.232191138,0.494361462,1.090253371
AT4G30996,14.95603405,9.249360734,39.61183284,37.78425476,0.04619091,0.971224214,-0.113674641,0.978293689,0.377564808,0.24479405,-0.62515581
AT4G31000,2.713718393,1.9541808,4.472088715,8.694366919,0.788650476,0.161607158,-0.473371599,0.906973926,0.60681229,0.224764013,-1.43283924
AT4G31080,5.151871104,2.092961984,16.39690471,7.140919967,-1.198332761,0.006627327,-0.850439247,0.532224008,0.314197783,0.293094166,-0.100308747
AT4G31130,4.007992758,2.43522604,8.498503255,15.28640092,0.458498615,0.676862703,-0.694237422,0.84541743,0.471611605,0.159306697,-1.565792302
AT4G31170,9.241911839,7.598965632,17.44459246,13.60657058,-0.061157472,0.948777111,-0.291027198,0.915554809,0.529786629,0.558477655,0.076088126
AT4G31180,6.475909416,4.588406125,16.12121182,13.12500783,-0.06529454,0.962569023,-0.351067409,0.901612329,0.401701155,0.349592639,-0.200447803
AT4G31300,11.73722032,11.30082665,40.4194063,43.13332451,0.201081879,0.685565217,0.004346728,0.998984146,0.290385768,0.26199758,-0.148417258
AT4G31310,3.273956534,2.196947851,20.49358701,16.66157989,0.215153251,0.888113071,-0.475195496,0.922062997,0.159755173,0.131857115,-0.276887228
AT4G31340,9.111505766,6.288769875,16.71009517,23.8703043,0.467233299,0.166467408,-0.312918345,0.915554809,0.545269532,0.26345579,-1.049408657
AT4G31390,5.092350043,5.38674883,11.76174353,12.92668478,0.146135207,0.87696402,0.126045687,0.981413902,0.432958773,0.416715416,-0.055167181
AT4G31500,40.92659527,59.59062564,100.8581547,127.5379894,0.47649271,0.000353907,0.587020694,0.007704018,0.405783701,0.467238239,0.203447434
AT4G31510,3.406634746,5.297177287,16.03352045,20.58020716,0.426074141,0.74093476,0.721788472,0.782207289,0.212469542,0.257391835,0.276710247
AT4G31530,4.674797178,8.301731635,20.06282694,19.02563314,-0.204305213,0.831880297,0.755005647,0.521779407,0.2330079,0.436344566,0.90508896
AT4G31540,1.693345129,1.807987002,2.673526969,1.478389979,0.032585974,0.991248821,0.117626835,0.987459256,0.633374994,1.22294322,0.949225608
AT4G31550,18.77707632,108.0935508,59.17613061,372.3107459,2.709877046,2.4673E-168,2.490430528,2.32801E-44,0.317308282,0.290331536,-0.128183888
AT4G31560,6.276649818,5.317101668,32.80319223,29.85694974,-0.082094538,0.967405615,-0.091402286,0.989720825,0.191342653,0.178085897,-0.103585236
AT4G31570,2.950143068,3.343650512,2.754614529,2.151550375,-0.328925254,0.737197121,0.18301953,0.927958111,1.070982178,1.554065641,0.53711297
AT4G31580,5.44908682,4.485878602,28.91799533,23.39703135,0.080999158,0.956311975,-0.6872986,0.755324829,0.188432385,0.191728538,0.025018155
AT4G31700,39.84593732,43.68045003,133.985565,101.7143615,-0.26047296,0.53747118,0.029710362,0.992200253,0.297389777,0.429442307,0.53010927
AT4G31720,7.987787029,6.15585378,17.12251071,12.11994548,-0.096338774,0.93547689,-0.050447998,0.993885949,0.46650793,0.507911012,0.122674149
AT4G31770,1.908813624,3.278368608,4.162522059,5.174434328,-0.096906828,0.970907841,0.676300641,0.773822539,0.458571413,0.633570435,0.466358592
AT4G31780,13.49495729,12.32541991,48.23401285,66.69201389,0.47056031,0.028868689,-0.132477301,0.957926244,0.279780937,0.184811032,-0.598246787
AT4G31800,67.03538142,85.13534609,170.147505,208.0102586,0.306963753,0.012295739,0.344848387,0.319647824,0.393983922,0.409284363,0.054966789
AT4G31820,4.666450389,4.034161054,8.992053693,9.487631837,0.166224843,0.904348301,-0.352025243,0.907652878,0.518952683,0.425202108,-0.287454254
AT4G31850,5.160614776,3.75187167,6.716268125,8.77502357,0.479912082,0.340403366,-0.440449031,0.75044202,0.768375336,0.427562575,-0.845675634
AT4G31880,3.91518849,2.298061471,6.011119476,6.380249248,0.156898749,0.857511431,-0.685078625,0.648563568,0.651324351,0.360183651,-0.854643466
AT4G31985,19.10063024,23.10629168,157.1692055,136.1857702,0.094812826,0.874685783,-0.237141272,0.938321809,0.121529088,0.169667445,0.481408107
AT4G31990,19.80328535,14.04308171,37.20532902,27.45619435,-0.329272118,0.454782429,-0.243960488,0.890513824,0.532270131,0.511472258,-0.05750262
AT4G32010,2.280158175,1.872298632,2.866449897,4.988143782,0.470208917,0.634241117,-0.448325857,0.901612329,0.795464166,0.375349772,-1.083561334
AT4G32020,82.85128955,88.98530782,413.8463421,836.2169939,0.955631743,3.14022E-32,0.683750895,0.000427011,0.200198192,0.106414135,-0.911739154
AT4G32030,5.518262573,4.688073967,34.74912761,66.88505351,0.942325433,5.36873E-08,-0.259463421,0.949949086,0.15880291,0.070091504,-1.179925869
AT4G32040,4.830513775,3.121743867,14.30914435,13.32259774,-0.3272807,0.680318358,-0.584498966,0.788384684,0.337582294,0.234319457,-0.526762483
AT4G32060,24.14803953,41.53928209,68.99480653,115.1039114,0.847990308,1.65771E-11,0.896767143,1.95655E-05,0.349997931,0.360885061,0.04419303
AT4G32070,2.188551117,1.77027193,1.738944236,2.968853795,0.590040004,0.519398067,-0.149789162,0.979544858,1.258551638,0.596281276,-1.077699471
AT4G32150,5.880638349,9.932674531,39.48851887,41.54918935,0.059560146,0.960313888,0.642434074,0.685652346,0.148920206,0.239058203,0.682822396
AT4G32180,2.314138156,2.677653744,5.370697407,2.876112632,-0.602727961,0.600531957,0.233940438,0.957926244,0.430882245,0.930997526,1.111483682
AT4G32190,17.10440312,11.55929583,26.73151888,17.55136531,-0.487890189,0.057215698,-0.490045105,0.346021421,0.639859007,0.658598099,0.041644306
AT4G32260,169.8696025,127.8291865,812.5320962,873.1349331,0.162425447,0.038195198,-0.113560526,0.906973926,0.209062021,0.146402557,-0.513990256
AT4G32285,10.44839593,7.862114045,23.11397853,20.58419252,-0.182747116,0.61188828,-0.432204663,0.655288289,0.45203797,0.381949112,-0.243063525
AT4G32300,9.311146987,23.60336514,18.38727887,45.99357042,1.394055957,2.34245E-08,1.383478977,1.4155E-08,0.506390698,0.513188364,0.019237553
AT4G32330,7.657450829,7.202414222,19.06211013,18.45452931,-0.101360625,0.896153906,-0.052405503,0.99028252,0.401710554,0.390278945,-0.041650735
AT4G32390,4.620434841,4.108207517,19.67225967,15.55644995,-0.163728326,0.903993294,0.270194407,0.95584419,0.23487057,0.264083871,0.16913024
AT4G32410,26.40251697,25.48654347,55.90544129,49.52786854,-0.070094097,0.796721762,0.00744407,0.996883172,0.47227097,0.514589952,0.12380843
AT4G32420,2.633609594,1.983443168,5.524062813,4.157846124,-0.215120945,0.822774047,-0.380000262,0.915554809,0.47675229,0.477036213,0.000858921
AT4G32470,23.93371755,16.63344781,119.4967869,101.2614747,-0.073998423,0.92005305,0.136331764,0.953728363,0.200287541,0.16426235,-0.286070833
AT4G32480,13.80475005,15.73063997,45.27285003,65.7238298,0.620179311,0.01627309,0.164045276,0.967739344,0.304923371,0.239344542,-0.349357821
AT4G32520,5.750737692,3.996043184,13.40345458,12.15065781,-0.075036662,0.950986727,-0.279674999,0.93175614,0.429048919,0.328874638,-0.383604395
AT4G32530,10.94605517,10.66397875,22.44054962,18.8668299,-0.006460736,0.997187451,0.104728083,0.987121396,0.487780173,0.565223666,0.212590755
AT4G32551,3.338404562,3.573663824,6.824876721,8.790540084,0.432063026,0.363314971,0.12226114,0.977375972,0.489152361,0.406535183,-0.266903691
AT4G32570,2.179198571,2.279540993,14.18336396,10.19124459,-0.377983104,0.485742382,0.066016818,0.993235243,0.153644691,0.223676409,0.541815187
AT4G32600,3.452893707,5.436408142,9.120136422,6.267181295,-0.471955728,0.484035229,0.418758048,0.882817709,0.378601103,0.867440702,1.196086526
AT4G32620,2.051023713,1.816515868,4.411269619,3.652740075,-0.001499272,0.999287318,-0.008294131,0.99858442,0.464950885,0.497302253,0.097044641
AT4G32640,5.466587996,4.908185757,6.883272186,6.584564096,-0.100061039,0.932561997,-0.211732729,0.928031322,0.794184488,0.745407849,-0.091444172
AT4G32660,1.649533297,2.384282872,7.814003612,2.056353592,-1.067650873,0.192702021,0.284250469,0.963654496,0.211099633,1.159471251,2.457471071
AT4G32760,5.496015504,3.879893451,14.33836059,12.64648816,0.055110991,0.977961921,-0.358137945,0.901612329,0.383308501,0.306796116,-0.321225775
AT4G32770,2.602034701,3.642792981,13.63144934,11.27731435,-0.014296174,0.994562397,0.489469244,0.877055808,0.190884669,0.323019548,0.758920234
AT4G32800,8.409057013,3.051461493,51.95591533,52.43855336,-0.03882874,0.970570188,-0.381170437,0.920224397,0.161849848,0.058191184,-1.475783514
AT4G32850,2.808601303,3.671174894,6.243934913,6.250538909,-0.068615616,0.975009112,0.009013823,0.997851096,0.449812713,0.58733734,0.384864923
AT4G32915,3.994418909,3.255373977,15.87525477,14.47650739,0.078889595,0.981964984,-0.139610892,0.987703677,0.251612901,0.224872885,-0.162096186
AT4G32930,3.815690699,2.205452672,16.49012707,12.25705915,-0.234325043,0.927227683,-0.026845303,0.996883172,0.231392438,0.179933265,-0.362879787
AT4G32940,3.222203339,5.225046286,12.89403879,21.0281915,0.757137841,0.045575082,0.584277095,0.7813954,0.249898685,0.248478158,-0.008224271
AT4G33010,320.4357495,277.9663492,422.3728858,418.135511,0.039673179,0.897215974,-0.17773713,0.296989696,0.75865606,0.664775753,-0.19057822
AT4G33030,5.29821858,4.862147013,16.70133834,6.372511271,-1.037024936,0.058235351,-0.043460195,0.993235243,0.317233175,0.762987589,1.266115942
AT4G33050,18.67777296,70.293394,46.45191096,164.7082933,1.882899607,5.34094E-84,2.1467897,3.76613E-33,0.402088366,0.426775074,0.085963323
AT4G33090,7.616564867,9.654905187,12.2414344,10.41762771,-0.222172249,0.662490244,0.426790519,0.640332872,0.622195457,0.926785393,0.574867446
AT4G33110,3.496352876,2.626218627,7.291649871,9.413922422,0.092521247,0.964324509,-0.33608193,0.936826375,0.479500927,0.278971773,-0.781414452
AT4G33180,2.200417038,2.483506079,7.430850236,8.876848401,0.261106908,0.906019898,0.566814858,0.893464182,0.296119148,0.279773402,-0.081918967
AT4G33200,1.968393648,1.823668975,2.99814811,3.014773135,0.024843923,0.989721267,-0.097543697,0.987459256,0.656536494,0.604910848,-0.118152672
AT4G33210,4.146657977,3.39998917,6.222152871,6.270023891,-0.023158241,0.989467505,-0.237119475,0.936826375,0.666434603,0.542260959,-0.297476005
AT4G33220,13.1835594,16.99374699,33.44763777,31.8537385,0.117042244,0.906019898,0.398484873,0.744486395,0.394155171,0.533493015,0.436705679
AT4G33240,5.844071985,4.292566578,6.051821618,6.309421846,0.322706,0.553981594,-0.471391564,0.556049388,0.965671554,0.680342301,-0.505271787
AT4G33250,10.48027498,4.792763357,38.52048634,43.97210447,0.123269911,0.867181201,-0.732246067,0.657356348,0.272070163,0.108995542,-1.319709619
AT4G33300,27.49253297,38.63505895,52.17443774,77.84011389,0.652864415,1.76094E-05,0.458445084,0.160977645,0.526934916,0.496338674,-0.086299907
AT4G33350,7.125070471,3.513983097,21.76288787,13.02722059,-0.338091338,0.772643353,-0.738351996,0.741674721,0.32739545,0.269741582,-0.279456333
AT4G33380,3.003810407,3.728274768,10.66953158,7.293733318,-0.419047758,0.560776708,0.030717317,0.996875712,0.28153161,0.511161377,0.860481916
AT4G33420,2.90881877,4.669369709,6.587583491,6.943198901,0.091068697,0.979842277,0.580954443,0.855487131,0.44156082,0.672509858,0.606943249
AT4G33430,8.023003244,15.90173664,17.76634317,42.87350916,1.330066508,1.42934E-14,0.916000529,0.032966353,0.45158439,0.370898883,-0.283969695
AT4G33500,4.580030099,4.435120534,8.336918289,7.101884043,0.014464153,0.993787871,0.037987945,0.993235243,0.549367277,0.624499148,0.184928625
AT4G33510,11.92558638,10.58136137,29.54075047,29.67476945,0.142509057,0.862040817,0.100135491,0.975735197,0.403699506,0.356577711,-0.179065297
AT4G33520,5.174625206,9.104245862,29.21004638,25.45796106,-0.274523963,0.550083592,0.233734982,0.956159786,0.177152242,0.357618815,1.013432916
AT4G33530,3.441112136,2.243653113,10.20246358,4.704322499,-1.023386784,0.03560965,-0.070643165,0.989950827,0.337282472,0.476934375,0.499833424
AT4G33580,5.687079361,3.357154508,22.02104915,5.961695651,-1.684727795,0.001609267,-0.352165673,0.923472352,0.258256513,0.563120747,1.124639573
AT4G33625,3.295578981,2.728271771,10.72701762,13.93614359,0.607062148,0.58772591,-0.28047969,0.961585417,0.307222296,0.195769493,-0.650126951
AT4G33630,6.59609866,6.622650046,18.75522322,13.97828722,-0.332326026,0.444477007,-0.027875137,0.993885949,0.351693957,0.473781225,0.429900485
AT4G33660,5.41593998,4.126143959,18.78377495,5.793732705,-1.464413848,0.122805947,0.057519918,0.993235243,0.288330753,0.712173683,1.304504403
AT4G33666,20.86247693,8.947039377,73.52228585,45.80808056,-0.680343709,0.133786132,-0.8123296,0.702429361,0.283757186,0.195315745,-0.538848674
AT4G33670,3.227942043,3.39029289,14.92924236,5.85430233,-0.777172452,0.491561658,0.076149293,0.991004798,0.216216065,0.579111344,1.421367034
AT4G33680,14.97247523,12.15477528,34.81817151,31.88718067,-0.017852311,0.987116544,-0.38105867,0.786434957,0.430018998,0.381180619,-0.173925629
AT4G33760,2.873226792,3.678438648,5.781352674,5.062785372,0.035963722,0.983953622,0.318491878,0.937980091,0.496981754,0.726564209,0.547897413
AT4G33920,14.2647151,33.98969305,39.26060544,78.77615144,1.061639522,1.18472E-09,1.226866431,6.27735E-06,0.363334058,0.431471866,0.247969884
AT4G33940,9.379770032,3.488927979,22.17247087,26.06449196,0.24937665,0.83834241,-0.555536152,0.803716988,0.423036751,0.133857509,-1.660084924
AT4G34050,38.08510716,33.42702644,154.1875908,146.7580882,-0.021384354,0.983564631,0.140302014,0.936826375,0.247005008,0.227769569,-0.116965287
AT4G34090,3.740174141,5.900004556,23.20303778,13.3854756,-0.685933634,0.23886536,0.644434647,0.784138165,0.161193296,0.44077661,1.451255923
AT4G34100,17.85947826,18.20363728,28.84143853,42.09361888,0.644737863,4.52883E-06,0.133865541,0.922394042,0.619229802,0.432455982,-0.517921612
AT4G34110,21.48643784,21.05668197,76.18207896,68.38825136,-0.080477444,0.881080612,0.033204842,0.989950827,0.282040581,0.307899114,0.126554955
AT4G34120,9.86044233,19.27823577,57.1884554,64.92404978,0.380308251,0.328143734,0.921558816,0.141063965,0.172420155,0.296935201,0.784219706
AT4G34138,1.225282568,1.308527417,3.657311094,6.417600602,0.488670758,0.726553922,0.098758495,0.989720825,0.33502279,0.203896674,-0.716420999
AT4G34150,111.5155062,174.6771637,491.6003961,1054.996558,1.149840747,3.65987E-26,0.822839856,5.77804E-09,0.226841775,0.165571311,-0.454233629
AT4G34180,9.610671271,41.37436804,43.25049323,169.2546539,2.010440811,2.77885E-18,2.340276676,8.94236E-15,0.222209518,0.244450401,0.137621157
AT4G34190,47.39967961,29.10160808,283.0155553,210.8322343,-0.340964591,0.007456644,-0.384071572,0.704992384,0.167480828,0.138032062,-0.278992541
AT4G34200,4.15505937,2.980899568,11.99853653,9.352515672,-0.128858657,0.893047755,-0.244666629,0.953728363,0.34629718,0.318727033,-0.119689256
AT4G34220,3.341153789,3.535586179,5.695459452,3.736793417,-0.517605448,0.389050258,0.156273303,0.971959027,0.586634637,0.946155108,0.689614455
AT4G34240,6.403650356,7.842209382,14.45584565,16.06814574,0.200539512,0.758966982,0.37686659,0.901612329,0.44297999,0.488059389,0.139815179
AT4G34260,11.93776718,7.725659166,26.78241671,23.60802875,-0.086763034,0.915951518,-0.428755681,0.59881728,0.445731515,0.327247109,-0.445794522
AT4G34265,10.69258922,5.923148401,70.73537472,85.95899757,-0.080456557,0.93949253,-0.502327094,0.853564115,0.151163251,0.068906671,-1.133391879
AT4G34290,9.72176373,5.976329089,52.0387765,17.29619207,-1.520189059,8.41973E-09,0.689977067,0.570558917,0.186817685,0.345528603,0.887174114
AT4G34350,81.14368424,61.97136769,153.1769055,138.2764881,-0.025588777,0.942458284,-0.364040627,0.18165401,0.52973837,0.448169957,-0.24123407
AT4G34390,14.57181331,37.3201013,21.25949253,100.7959766,2.300606472,4.9874E-130,1.346957939,1.07828E-13,0.685426206,0.370253879,-0.888486503
AT4G34410,25.86404677,40.70455133,53.63476886,86.70430833,0.959567417,6.84053E-07,0.850695712,0.040510382,0.48222538,0.469463999,-0.038693053
AT4G34430,3.756773771,2.64835191,6.931527471,7.944900587,0.298124705,0.781646235,-0.460961384,0.870309705,0.541983536,0.333339842,-0.701255262
AT4G34450,16.4105208,14.47632616,30.57992334,30.14413902,0.015137901,0.989467505,-0.110241755,0.95584419,0.536643621,0.480236843,-0.16021824
AT4G34460,11.53931668,26.39078558,32.40960489,178.3767436,2.423274343,1.8082E-34,1.142563728,0.000167704,0.356046201,0.147949699,-1.266957693
AT4G34480,11.14852125,10.61430401,33.74082155,44.54851444,0.388442472,0.428666239,0.090095171,0.978293689,0.330416414,0.238263927,-0.471724808
AT4G34490,8.956278813,4.141751475,17.03158,13.11070762,-0.169152624,0.799972597,-0.395226009,0.876460377,0.525863062,0.315906021,-0.735191728
AT4G34620,74.79787646,75.18040446,633.2381483,531.2640489,-0.179568947,0.338617274,-0.048612749,0.987703677,0.118119663,0.141512313,0.260678448
AT4G34640,3.602766311,4.728211128,16.84194835,15.65294813,0.072290423,0.956311975,0.386910227,0.927958111,0.213916243,0.302065214,0.497814021
AT4G34670,22.35919982,14.00149475,83.76413773,58.58475068,-0.241199046,0.327501262,-0.302250203,0.842364701,0.26693046,0.238995551,-0.159480184
AT4G34700,9.240429438,7.19923901,47.52353373,47.77118509,0.170019567,0.869299582,-0.182061091,0.972259272,0.194439022,0.150702542,-0.367614037
AT4G34710,53.25510278,67.01157017,176.6307304,243.6455106,0.53989173,3.5251E-16,0.379385775,0.049795376,0.301505308,0.275037164,-0.132556829
AT4G34720,15.14752637,20.14901395,80.46179329,59.29618221,-0.111288567,0.851335333,0.377778463,0.754489831,0.18825738,0.339802888,0.851991694
AT4G34730,4.817648989,4.14269688,30.50769796,29.09467545,-0.200184009,0.82936391,-0.628563588,0.771940598,0.157915848,0.142386771,-0.149340852
AT4G34830,8.902277622,9.711517018,16.0839284,17.43128329,0.153049267,0.779192002,0.157427443,0.940145924,0.553489011,0.557131501,0.009463215
AT4G34870,24.31607801,26.90197185,155.7525119,101.2793013,-0.437562714,0.015537584,0.121352046,0.968936277,0.156119973,0.265621618,0.766717443
AT4G34920,4.991098858,2.55347872,20.68713821,13.27013203,-0.671187887,0.049799816,-0.710623991,0.806015015,0.241265796,0.192423008,-0.326342086
AT4G34980,4.233801074,3.875278133,7.850550899,4.74099843,-0.573977834,0.49988614,-0.304941077,0.936826375,0.539299869,0.817397051,0.599949353
AT4G35000,20.98603795,17.25702145,82.21523211,68.47642125,-0.326760084,0.424744466,0.091352605,0.977375972,0.255257297,0.252014067,-0.018447938
AT4G35090,253.8160844,195.5159886,505.218364,364.0041194,-0.369832233,0.000654783,-0.231128619,0.359592995,0.502388873,0.537125758,0.096455398
AT4G35100,92.45017449,69.651713,243.0949941,186.3865684,-0.269273498,0.008974751,-0.13325695,0.891081568,0.380304723,0.373694916,-0.025294921
AT4G35110,3.388632477,4.667724555,11.49004006,9.491924302,-0.054641875,0.978858912,0.433999506,0.906973926,0.294919118,0.491757457,0.737627582
AT4G35180,3.24849974,11.59726522,10.90624151,28.6010129,1.457196515,1.3553E-08,1.832300105,0.000115225,0.297856942,0.405484423,0.445026913
AT4G35230,5.255776208,4.150083958,13.39741514,12.26696739,0.015342491,0.991878792,-0.104424818,0.985769092,0.392297779,0.338313768,-0.21358728
AT4G35240,2.268894404,2.551252817,4.564116219,2.843413806,-0.62946186,0.292360039,-0.128339884,0.980146033,0.497115826,0.897249922,0.85192786
AT4G35250,55.09576316,36.55284535,119.0723424,111.257109,-0.075405665,0.842157728,-0.489207178,0.236759629,0.462708317,0.328543908,-0.494016842
AT4G35260,5.980367023,3.322419185,18.76614835,10.91869768,-0.378496227,0.690778362,-0.648655169,0.720465537,0.318678448,0.304287131,-0.066668134
AT4G35310,13.95001702,18.17147063,29.22765768,49.51951879,0.865720959,1.26156E-10,0.471053983,0.305779661,0.477288231,0.366955719,-0.379254779
AT4G35320,4.906575143,3.673460207,16.73600772,20.12078432,0.131624571,0.928748446,-0.27061226,0.964026953,0.293174766,0.182570428,-0.683307829
AT4G35350,2.677194601,4.000164176,3.786794663,5.207948685,0.723478256,0.386359529,0.461005189,0.909981095,0.706981719,0.768088247,0.119599163
AT4G35450,37.89658808,35.68872588,150.0667795,151.2042173,0.175820303,0.566857808,-0.185380614,0.86876,0.252531494,0.236029963,-0.097493305
AT4G35460,3.242706403,2.411000451,8.674341227,4.077507933,-1.074199968,0.205423356,0.00345069,0.999363834,0.373827397,0.591292645,0.661500026
AT4G35470,5.414139217,3.425386698,10.48508693,10.12389607,0.058966647,0.970964994,-0.628124968,0.716943646,0.516365697,0.338346687,-0.609890899
AT4G35480,14.06428909,31.24438758,96.12510476,301.6127261,1.573457948,6.35366E-13,1.223967135,0.000878967,0.146312341,0.103591078,-0.4981517
AT4G35490,8.589515107,5.456852554,35.73070226,32.33297463,-0.004841379,0.998449126,-0.432957878,0.91633653,0.240395922,0.168770508,-0.510349601
AT4G35550,2.493761555,1.704191254,4.688269861,4.929456791,0.026706338,0.994436306,-0.066958543,0.993235243,0.531915105,0.345715832,-0.621609335
AT4G35600,7.398954818,11.46811961,22.35053868,49.29518101,1.151395786,1.60966E-09,0.592570072,0.648739801,0.331041454,0.232641799,-0.508901554
AT4G35750,4.790426488,4.950722449,18.92414543,63.49326061,1.394782494,0.001920171,0.310518511,0.94829104,0.253138326,0.077972408,-1.698890348
AT4G35760,5.009911687,4.404213784,23.58957047,19.62301305,0.039958133,0.972848672,-0.330424374,0.922062997,0.21237825,0.22444126,0.079701897
AT4G35770,57.59818873,63.48482059,294.777439,246.6918932,-0.172463712,0.256360553,0.352160608,0.547362134,0.195395512,0.257344576,0.39730404
AT4G35780,2.68870717,2.507986979,6.317282337,7.085150204,0.167973282,0.898832848,-0.032193619,0.995454298,0.425611367,0.353977955,-0.265877167
AT4G35790,3.247006895,3.656210405,9.446797492,7.606534892,-0.238041372,0.659246047,0.158560444,0.971959027,0.343715095,0.480667013,0.483824587
AT4G35800,9.129292743,10.34227986,10.79053611,10.61166526,0.11857879,0.842677694,0.148199982,0.922062997,0.846046262,0.97461422,0.20409472
AT4G35830,23.45527901,23.27523471,43.4330322,51.9135225,0.260289926,0.397730914,0.03191226,0.988906775,0.540033192,0.44834628,-0.268434653
AT4G35860,7.61525529,7.843263099,21.47239426,10.54451667,-0.768495505,0.148580258,0.167719618,0.971959027,0.354653291,0.743823861,1.068551693
AT4G35890,4.044793656,2.92294641,11.11137154,8.980783954,-0.244802373,0.833806648,-0.391084659,0.908309853,0.364022897,0.325466733,-0.161519112
AT4G35920,2.14193586,2.363229768,9.759990923,8.39830439,-0.483207905,0.473729038,0.401206424,0.930561985,0.219460846,0.281393679,0.358626352
AT4G35985,14.89563252,13.80776406,30.8553671,62.52871541,1.125763207,6.0736E-14,-0.115250386,0.973429971,0.482756613,0.220822769,-1.128407088
AT4G36010,9.985102326,6.78962379,31.16845692,25.58904819,-0.387594167,0.257768606,-0.490631692,0.766398879,0.320359213,0.26533319,-0.271885329
AT4G36020,5.970699343,4.99198527,13.34491483,15.57319436,0.533240085,0.273996175,0.070325829,0.989950827,0.447413822,0.32054986,-0.481061048
AT4G36030,2.587535743,7.172320045,5.800269695,12.87985821,1.179418061,0.129364938,1.569696988,0.001270839,0.446106109,0.556863277,0.319936251
AT4G36040,152.7171979,91.16848595,707.2515134,476.7243808,-0.488817816,1.18988E-06,-0.717395218,0.001121292,0.215930535,0.191239403,-0.175187467
AT4G36090,2.372105074,1.475979597,3.219156761,6.534397286,0.266035179,0.866039986,-0.362573522,0.936826375,0.736871563,0.22587846,-1.705866477
AT4G36130,9.098021997,5.672375392,26.7243501,13.72066843,-0.598907724,0.131899098,-0.247949731,0.942837015,0.340439411,0.413418298,0.280204186
AT4G36210,9.279018361,7.343769379,9.79097411,8.351598306,-0.357729736,0.511304724,-0.458104015,0.739202001,0.947711459,0.879325024,-0.108051357
AT4G36220,8.657074195,7.736462682,16.65539931,13.50093906,-0.040572548,0.973446285,-0.07963251,0.987703677,0.519775842,0.57303145,0.140724739
AT4G36250,3.848411539,5.013403316,8.335691406,12.67827432,0.69458793,0.067459635,0.347008536,0.927958111,0.461678744,0.395432627,-0.2234574
AT4G36360,7.67343068,4.812152995,11.43833503,8.467468888,-0.441103919,0.169562491,-0.606938366,0.477877985,0.670852065,0.568310679,-0.239314836
AT4G36390,8.375428022,5.628935639,24.22261538,9.443321167,-1.066432477,0.041639468,-0.337772668,0.848372414,0.345768939,0.596075844,0.785687635
AT4G36480,4.225125353,4.419994514,6.599788726,13.04954608,0.518242681,0.212329562,0.205906664,0.961585417,0.640191001,0.338708679,-0.918457443
AT4G36500,28.35528198,104.7185046,228.7047784,762.4602226,1.86837508,4.79026E-63,1.96388097,1.33377E-13,0.123982027,0.137342908,0.147651427
AT4G36530,9.979937631,8.051883026,29.96619596,30.62129224,0.123725855,0.860394118,-0.325058521,0.915554809,0.333039857,0.262950465,-0.340903799
AT4G36540,2.265260972,2.660261775,8.67557588,8.451043096,-0.093481826,0.981304994,0.381332283,0.936826375,0.261107851,0.314785021,0.269721055
AT4G36550,3.246817043,14.83573393,3.319756655,24.6861974,2.612635524,3.8251E-08,1.959060539,1.72557E-07,0.978028627,0.600972831,-0.702576924
AT4G36630,1.914862247,1.536674615,3.325909568,1.985856312,-0.701074285,0.297142718,-0.285957452,0.948329129,0.575740924,0.773809568,0.426558804
AT4G36650,5.309177872,4.423526579,5.348829686,4.971430876,0.009421669,0.996823316,-0.174348308,0.971959027,0.992586824,0.889789417,-0.157729366
AT4G36670,15.69771003,15.35716779,32.24829191,41.26118352,0.455097955,0.289501922,-0.009748324,0.996883172,0.48677648,0.372194069,-0.387204396
AT4G36690,3.943364757,5.018191967,13.27671108,10.2649534,-0.469506189,0.229776414,0.421473477,0.895361484,0.297013676,0.488866512,0.718911223
AT4G36730,15.21527174,13.77788225,69.79302013,76.64601611,0.181499919,0.642302553,0.175047389,0.944686377,0.218005636,0.179759927,-0.278293989
AT4G36750,4.37083625,4.436815384,8.897940801,10.80239559,0.218605537,0.867455218,-0.077927896,0.990027353,0.49121885,0.410725135,-0.258192688
AT4G36760,2.985391484,2.035600297,5.273098204,5.984331559,0.142326773,0.93949253,-0.31599433,0.936826375,0.566155108,0.340154999,-0.735005066
AT4G36800,15.47692134,11.78097313,70.63640235,80.54769096,0.289467881,0.284012367,-0.00513954,0.998844586,0.219106874,0.146260842,-0.583091173
AT4G36810,12.62139989,7.5041656,28.26062981,20.77372302,-0.308897272,0.663668149,-0.664734017,0.524291232,0.446607169,0.361233544,-0.306074542
AT4G36850,68.8439485,56.27615185,164.2945772,104.707464,-0.560952203,0.000137809,-0.147962441,0.901612329,0.419027516,0.537460747,0.359114411
AT4G36870,2.487976196,3.065458971,5.089867051,7.739340939,0.825365727,0.102963761,0.36197718,0.916086574,0.488809663,0.396087857,-0.30345233
AT4G36940,2.058976286,1.863987813,3.700897783,2.920135434,-0.338771507,0.835153443,-0.012880656,0.997778221,0.556345083,0.638322384,0.198305221
AT4G36945,2.846459574,2.618637873,5.583256321,9.892762566,0.856456139,0.238545265,-0.088022365,0.989950827,0.509820687,0.264702388,-0.945618706
AT4G36990,15.93983255,19.12968199,30.03359521,41.79903452,0.24464802,0.54562017,0.220800479,0.895361484,0.530733415,0.457658465,-0.213716017
AT4G37040,7.112619612,2.810339688,18.16875916,18.19654406,0.109753141,0.905437541,-1.038954335,0.329611598,0.391475254,0.154443595,-1.341841071
AT4G37080,2.159182653,2.388552734,4.138055248,3.951316713,0.236777815,0.899234442,0.120266768,0.987703677,0.521786811,0.604495389,0.212270856
AT4G37120,6.047544604,5.312038197,10.16003685,12.47484775,0.405410194,0.548344531,-0.056605541,0.989950827,0.595228609,0.425819882,-0.483200558
AT4G37180,3.962990051,6.473052472,12.9788321,12.01141209,-0.24262508,0.777074368,0.643715477,0.754869778,0.305342578,0.538908533,0.819611653
AT4G37200,6.461762404,7.819859334,39.29554183,30.4305763,-0.127068421,0.97061072,0.241610031,0.957926244,0.164440089,0.256973751,0.64405894
AT4G37240,7.554052145,2.696513626,19.25048724,6.704086273,-1.262401687,0.048351827,-0.920518079,0.668084604,0.392408361,0.40221941,0.035626923
AT4G37260,7.084995248,15.17550196,29.56363882,77.27333093,1.31815342,0.000137996,1.194309459,0.028248088,0.239652341,0.196387315,-0.287241287
AT4G37270,5.917051034,5.518580623,11.57381171,9.376522076,-0.255667865,0.689616792,-0.14760652,0.964811001,0.511244798,0.588553045,0.20315819
AT4G37300,10.59865774,9.292059304,60.46715752,36.51091555,-0.581122083,0.355270896,-0.098233915,0.987703677,0.175279576,0.254500857,0.538012615
AT4G37440,5.932599622,4.621099184,10.24857326,4.574308163,-0.706873125,0.48619688,-0.365553034,0.915554809,0.578870782,1.010229092,0.803369248
AT4G37450,13.31308598,6.333601053,55.31458976,29.74378487,-0.814400141,0.020645174,-0.962719731,0.38837404,0.240679467,0.212938638,-0.176675311
AT4G37460,4.406553733,4.359334004,9.260843532,5.461659885,-0.604252704,0.081412528,0.250941525,0.925480406,0.475826389,0.798170171,0.74626108
AT4G37470,6.038558144,5.094956132,14.49467634,9.722174479,-0.180147429,0.858783522,-0.137322429,0.985025614,0.416605242,0.524055204,0.331037802
AT4G37510,8.109217894,7.981668467,27.97190804,20.09667263,-0.314775769,0.438010392,-0.189168121,0.952264185,0.289905783,0.397163681,0.454149588
AT4G37590,1.792456921,2.671854876,4.941013578,5.610448514,0.043866138,0.981964984,0.249271244,0.96219347,0.362771098,0.476228392,0.392594115
AT4G37610,53.76431761,77.38630565,106.7493786,158.5198121,0.703423743,0.000107977,0.611674755,0.00225462,0.503649935,0.488180655,-0.045006202
AT4G37640,11.64064813,61.94434085,18.79500056,118.1034015,2.720574732,4.6721E-126,2.392376147,1.79239E-65,0.619348113,0.524492437,-0.239828554
AT4G37760,15.64577273,14.6569451,47.8797468,42.61954039,-0.13845341,0.693854375,-0.1411801,0.949357573,0.326772253,0.343901998,0.073712012
AT4G37770,3.455546547,3.747571545,7.280232593,11.83302289,0.769548651,0.086264646,0.165054169,0.97421589,0.474647822,0.316704496,-0.583720118
AT4G37800,20.50435856,17.56971501,33.83950356,29.39667787,-0.215509397,0.693295051,-0.134525898,0.964026953,0.60592965,0.59767689,-0.019784543
AT4G37830,8.373901666,19.45463657,157.155325,133.1381301,-0.162876278,0.823769645,0.265734098,0.921376925,0.053284238,0.146123703,1.455409494
AT4G37870,5.304914097,4.849639429,13.92532433,15.48796605,0.148399764,0.833097811,-0.03794476,0.993235243,0.380954438,0.313123067,-0.282888669
AT4G37880,5.676125079,2.876925722,17.02234212,11.53339878,-0.092442637,0.965629273,-0.473433756,0.866033814,0.333451475,0.249443011,-0.418766579
AT4G37910,8.719352999,9.244610803,15.32293352,14.56920779,-0.037790548,0.978895793,0.150060501,0.957770699,0.569039407,0.634530781,0.157161587
AT4G37925,12.43254356,21.12330148,33.08569866,19.27175458,-0.474728041,0.288524404,0.819280964,0.446726286,0.375767902,1.096075679,1.544433672
AT4G37930,246.3671872,199.8117227,735.5325885,679.6806719,0.014474133,0.962263736,-0.221088683,0.322155804,0.334950743,0.293978821,-0.188236729
AT4G37980,15.99690365,11.08713048,62.8320661,40.83277063,-0.347505446,0.087312976,-0.507226254,0.634971898,0.254597766,0.271525305,0.092866895
AT4G38040,5.578070198,2.246256713,5.387096694,3.474044142,-0.484901099,0.739798775,-1.102431029,0.387502056,1.035450172,0.646582663,-0.679351399
AT4G38130,9.067622117,6.21870666,21.50981449,21.82294923,-0.068508325,0.935270677,-0.378272908,0.852838095,0.42155743,0.284961789,-0.564960707
AT4G38160,12.49481946,9.188449425,24.40307508,17.70478361,-0.177448744,0.837582681,-0.338655785,0.915554809,0.512018236,0.518981176,0.019487017
AT4G38200,2.670385835,1.564010496,4.05647651,4.167394893,0.192896327,0.843780853,-0.709367535,0.530586909,0.658301811,0.375296927,-0.810716692
AT4G38220,7.434213002,8.437688684,32.23899264,27.75903916,0.102223174,0.912682269,0.083955681,0.987459256,0.230596938,0.303961842,0.398516868
AT4G38225,12.79793086,7.84534031,34.35364856,38.21683608,0.151271676,0.908839302,-0.45985878,0.747006029,0.372534837,0.205284924,-0.859747658
AT4G38250,20.47275103,14.07304502,21.2162561,24.99325389,0.249683746,0.71459664,-0.542558373,0.53564837,0.964955878,0.563073743,-0.7771391
AT4G38350,2.366246091,2.586402308,5.593564635,4.815468008,-0.155606982,0.867388537,0.286601434,0.922062997,0.423030079,0.537102999,0.344438527
AT4G38360,2.645761308,1.550022987,8.154530017,11.39092156,0.113066945,0.922854658,-0.170958311,0.979422389,0.324452949,0.136075293,-1.253604136
AT4G38400,5.641388324,3.587229259,27.81583697,7.727922899,-1.310643341,0.001045398,-0.243644159,0.961585417,0.202812101,0.464190612,1.194573613
AT4G38420,5.71053551,4.077281603,10.1912118,12.86053191,0.311518361,0.529433903,-0.06181191,0.989950827,0.560339204,0.317038333,-0.821643146
AT4G38430,2.389030352,2.005123485,20.38402932,16.598973,-0.260322922,0.507592646,-0.284163756,0.949450398,0.117201085,0.120798045,0.043611179
AT4G38460,8.086777414,3.321089587,27.81225979,41.53343708,0.627320989,0.002668047,-0.732634363,0.645349961,0.290763048,0.079961829,-1.862460558
AT4G38470,23.40483207,16.30289548,53.87215808,41.15367198,-0.264493686,0.379991807,-0.410412478,0.510380126,0.434451355,0.3961468,-0.133159499
AT4G38510,5.541557928,5.039757844,24.78783203,18.86880473,-0.325687688,0.501526845,0.02172071,0.99579595,0.223559605,0.267094706,0.25669185
AT4G38520,3.226076089,2.683835016,14.25281086,9.109911557,-0.668615616,0.087956571,0.106778569,0.987703677,0.226346657,0.294606045,0.380253036
AT4G38550,49.06899276,69.09453913,145.0207374,310.2438546,1.17090679,1.19167E-69,0.695195283,3.29668E-06,0.338358456,0.22271042,-0.603383385
AT4G38600,14.21150878,10.43390953,15.7968684,16.10707549,0.119364102,0.752296035,-0.385335868,0.326660759,0.899640892,0.647784232,-0.473835887
AT4G38630,7.488246618,4.46457498,18.77515904,14.24060864,-0.259219669,0.734763165,-0.467631402,0.788384684,0.398837986,0.313510124,-0.34729079
AT4G38640,3.371576633,1.999068291,5.55461702,3.903468318,-0.168693113,0.932185692,-0.52863637,0.86876,0.606986336,0.512126173,-0.245164748
AT4G38680,20.4474858,15.79483771,78.80715114,92.25055415,0.31288323,0.297699514,-0.103803228,0.978293689,0.259462314,0.171216724,-0.599701376
AT4G38690,3.147033546,1.817885738,14.08974846,10.6755649,-0.308955238,0.763311203,-0.360275526,0.936941745,0.223356262,0.170284735,-0.391397592
AT4G38710,3.86216055,3.600830591,12.982969,16.14374249,0.455490992,0.575778941,0.064906765,0.990516992,0.297478993,0.223048069,-0.415433136
AT4G38740,24.9624077,28.81226146,194.5896139,209.4007049,0.262436636,0.312361468,0.536865638,0.315792273,0.128282323,0.137593909,0.101094219
AT4G38760,2.4723632,2.272316628,2.894428671,2.639582488,0.066128882,0.966751289,-0.144681755,0.968916847,0.854180041,0.86086214,0.011242032
AT4G38770,137.4299488,121.2701189,205.8190545,249.8659787,0.441672718,5.37308E-09,-0.113942239,0.908589705,0.667722185,0.485340659,-0.460250248
AT4G38800,10.03998688,3.665527768,37.98590909,31.54953281,-0.156853837,0.761821614,-1.187977776,0.132662866,0.26430819,0.116183266,-1.185818838
AT4G38810,7.083729283,5.66446038,33.79747736,31.16332721,-0.120462921,0.838431107,0.080472352,0.987703677,0.209593432,0.181766868,-0.205504259
AT4G38860,2.402004807,4.300460903,5.805566745,8.189936744,0.453045042,0.844109682,-0.135416977,0.987703677,0.413741657,0.525090857,0.343836853
AT4G38890,3.05520581,3.985898322,5.22116626,3.271233329,-0.498111555,0.681757649,0.230551464,0.957161107,0.585157732,1.218469587,1.058172773
AT4G38900,4.277419786,3.777409305,9.661170247,9.038156833,-0.059807556,0.97061072,-0.072981701,0.988909536,0.442743444,0.417940225,-0.083174323
AT4G38920,15.1708312,16.99717111,75.08371399,61.61111643,-0.103911773,0.910689963,0.402240797,0.811572355,0.202052221,0.275878317,0.449303858
AT4G38950,2.769349875,1.381015299,3.07375496,4.63068335,0.441747885,0.512657951,-0.733129683,0.711985386,0.900966379,0.298231426,-1.595040981
AT4G38970,561.4214383,415.2670489,2326.093618,2219.69142,0.029433906,0.906019898,-0.065618763,0.91649376,0.241358058,0.187083234,-0.367494722
AT4G39040,3.830679251,3.542026619,22.27204221,16.66057287,-0.251759155,0.847444803,0.086152316,0.989950827,0.171994971,0.212599329,0.305770665
AT4G39050,2.717595778,4.101638814,7.84152369,6.477270558,0.078460679,0.93614669,0.584096342,0.67717585,0.34656476,0.633235678,0.869617578
AT4G39080,18.2968584,19.06212797,36.61475522,40.74010046,0.242055764,0.100436953,0.04177792,0.987703677,0.499712706,0.467895949,-0.094911162
AT4G39090,37.48348076,33.62574019,136.1777291,113.4454381,-0.216553683,0.476057014,-0.111255143,0.957926244,0.275254118,0.296404516,0.106803279
AT4G39120,1.452698991,2.063957506,3.831627667,5.420868181,0.488542167,0.713573776,0.435578623,0.927958111,0.379133652,0.38074298,0.006110921
AT4G39150,4.479864827,4.145727733,9.87643554,11.10626982,0.527141434,0.594384472,0.01747174,0.996883172,0.453591259,0.373278139,-0.281141817
AT4G39170,1.846865296,2.053368072,6.334328235,7.141990345,0.384499916,0.708920711,0.388312021,0.923174629,0.291564508,0.287506419,-0.020220943
AT4G39200,24.57182253,14.27335701,112.2110943,146.1897351,0.176422805,0.831427114,-0.638629314,0.560807875,0.218978548,0.097635836,-1.165306872
AT4G39220,6.812349505,7.988379944,30.18295023,31.06950487,-0.1820277,0.909676643,0.603540892,0.788384684,0.22570191,0.257113204,0.187985077
AT4G39230,1.325608454,4.840007935,3.119032879,20.78750433,2.341657483,9.12703E-05,1.638814233,0.066970589,0.425006246,0.232832564,-0.868191193
AT4G39240,2.251407029,2.037653059,5.841800057,3.944042284,-0.43830722,0.807049252,-0.034218723,0.996883172,0.385396112,0.516640774,0.422819491
AT4G39260,12.88122082,7.600326981,52.50170055,41.2435933,0.031063125,0.981376755,-0.639811273,0.678006934,0.24534864,0.184278972,-0.412941817
AT4G39330,12.82162232,11.15816949,27.60538,27.91206092,-0.020412074,0.983280974,-0.038028524,0.992536659,0.464460997,0.399761577,-0.216417637
AT4G39350,10.15149095,7.869771237,15.33777294,13.52803877,-0.114752863,0.851029372,-0.236009393,0.90508732,0.661862122,0.58173778,-0.186161709
AT4G39400,10.06369184,7.49629977,16.52178817,12.07435786,-0.38693748,0.273671111,-0.457103625,0.47546973,0.609116382,0.620844591,0.027514274
AT4G39420,3.184682864,3.31378484,2.643903261,3.374166504,0.468644369,0.291138296,0.093794296,0.97690286,1.204538347,0.982104717,-0.294531557
AT4G39460,2.85113866,2.335966325,16.98636205,15.03311525,0.048066183,0.981376755,-0.542694914,0.878702586,0.167848692,0.155388041,-0.111285826
AT4G39520,4.812857229,3.44376112,14.05557708,15.36120214,0.402568752,0.448528246,-0.373884407,0.909793644,0.342416195,0.224185652,-0.61105699
AT4G39580,2.258061847,8.424982895,5.019517448,31.49426041,2.737980186,1.06919E-09,1.586116967,0.029664467,0.44985636,0.267508517,-0.749879594
AT4G39640,19.04918507,77.29012628,50.98345395,185.9242727,2.056795849,3.13474E-43,1.945352182,5.76357E-34,0.373634652,0.415707563,0.153940734
AT4G39660,4.078130624,6.364005491,13.81937868,19.01223016,0.552612305,0.086894566,0.606371194,0.741240906,0.295102314,0.334732193,0.181792076
AT4G39680,4.487596755,4.638887811,13.08082477,13.59212182,0.099122272,0.92932035,0.053333005,0.989950827,0.343066805,0.341292395,-0.007481269
AT4G39690,2.147809424,3.025143854,6.585481553,5.446868602,-0.341810099,0.759287304,0.710394028,0.69660785,0.326143108,0.555391377,0.767999635
AT4G39710,10.36200395,8.03674198,57.37125655,62.96845436,0.238774082,0.799661869,-0.453326057,0.87240301,0.18061316,0.127631241,-0.500921507
AT4G39730,11.3982908,5.005316779,38.30157692,24.45185068,-0.267364492,0.828674196,-0.838089232,0.652121657,0.297593251,0.204700938,-0.539824093
AT4G39800,51.08960051,45.49397726,101.264777,89.10387109,-0.112566901,0.634785713,0.00504525,0.996883172,0.504515015,0.510572399,0.017218343
AT4G39820,2.340086567,3.224225337,6.46373876,8.0089282,0.495374289,0.594696984,0.737351483,0.732266632,0.362032974,0.402578879,0.15315038
AT4G39840,6.411874244,3.674690384,14.14880721,13.4285855,-0.093008745,0.948769329,-0.584307699,0.786434957,0.45317419,0.273646869,-0.727750343
AT4G39850,3.641634991,3.02361647,4.333588371,6.876649398,0.506470321,0.5142019,-0.247751688,0.921611703,0.840327848,0.439693271,-0.93445484
AT4G39910,6.750560517,6.048658365,18.88257534,24.58443403,0.296048277,0.636352884,0.389075661,0.863193846,0.35750211,0.246036104,-0.53908172
AT4G39940,5.322068149,9.754621867,22.84321184,42.03855658,0.847558031,0.00067966,0.780014611,0.485017135,0.23298248,0.232039886,-0.005848657
AT4G39950,6.021101625,12.09955038,14.53353796,39.4843351,1.491161926,2.30978E-11,1.129993347,0.004490309,0.41429015,0.306439259,-0.435040384
AT4G39960,7.083085464,4.518413588,8.891352217,12.48243683,0.512225745,0.269495063,-0.627151071,0.744731778,0.79662635,0.361981691,-1.137986475
AT4G39970,12.46930921,13.76599067,78.45968684,73.39350021,-0.007723371,0.992533178,0.050393494,0.989950827,0.158926319,0.187564166,0.239026169
AT4G39980,11.52695834,10.66835803,32.57043692,34.06245488,0.185243016,0.668732232,-0.162832557,0.951917768,0.353908619,0.313199917,-0.176293068
AT4G40030,21.54462657,20.04769945,134.600725,139.7815115,0.081729897,0.857511431,0.168878292,0.957926244,0.160063228,0.143421682,-0.158378772
AT4G40040,39.20643827,31.31886571,238.400085,198.1114072,-0.167875748,0.562452547,-0.296538479,0.868691965,0.164456478,0.15808714,-0.056985825
AT4G40060,2.389173919,1.924116402,14.76452102,7.424052001,-0.971956732,0.088249264,-0.225873605,0.973429971,0.161818586,0.259173347,0.679540034
AT5G01010,5.664042087,3.361014935,15.28745628,17.75157697,0.140619366,0.870223384,-0.579605337,0.780619168,0.370502586,0.189336133,-0.968533852
AT5G01015,7.618362546,3.389580755,22.46470808,10.79491909,-0.881932257,0.421696153,-0.786108481,0.801334295,0.33912582,0.313997792,-0.111066218
AT5G01020,5.81470435,6.066548858,27.4143467,30.72441369,0.158062736,0.851721527,0.012744523,0.997324194,0.212104429,0.197450435,-0.103284197
AT5G01040,3.6427399,1.954267237,4.445715596,6.028013803,0.511013585,0.312123095,-0.884505509,0.468543705,0.819382127,0.324197539,-1.337663286
AT5G01100,18.40789736,47.40839543,50.94000094,124.8634287,1.467963076,4.7523E-42,1.413493082,5.35106E-13,0.361364292,0.379681993,0.071337625
AT5G01160,2.421127294,2.73258206,8.154325104,6.777735374,-0.398264832,0.748687045,-0.211892889,0.972259272,0.296913265,0.403170367,0.441348055
AT5G01210,2.995359009,2.399934641,13.71529393,13.25599274,0.012891862,0.991878792,-0.274145898,0.958753569,0.218395539,0.181045259,-0.270592988
AT5G01220,5.872127657,4.322218633,12.66932032,15.73558288,0.36061383,0.588924523,-0.325660964,0.916442123,0.463491925,0.274678013,-0.754802772
AT5G01240,6.721224467,5.377733196,11.33757364,5.868591843,-0.772151859,0.162040799,-0.306622758,0.915554809,0.592827415,0.91635836,0.628299738
AT5G01270,1.812068375,2.092069607,3.200630987,2.328478801,-0.396321816,0.754101102,0.247475865,0.964026953,0.56615973,0.89847054,0.666262065
AT5G01350,8.387006646,3.806171488,36.21196433,41.31358364,0.011251394,0.996210721,-0.494756681,0.906973926,0.231608718,0.092128815,-1.329965205
AT5G01380,5.343559404,3.156200197,10.10062727,7.075363373,-0.250599581,0.814988573,-0.562276243,0.864108307,0.529032431,0.446083124,-0.246043597
AT5G01410,59.64397675,42.06920991,181.1043819,165.2733081,-0.022377662,0.958919107,-0.29404113,0.664205819,0.329334807,0.25454328,-0.371644021
AT5G01460,6.851201608,6.217791642,13.66890267,10.76865747,0.207124433,0.659560894,0.263389427,0.918446523,0.501225429,0.577397104,0.204104261
AT5G01470,1.750415475,1.156081173,3.911834786,3.183555364,-0.659419917,0.594696984,-0.587271336,0.901612329,0.447466616,0.363141532,-0.301248113
AT5G01530,463.8123708,333.3777618,3384.839321,3214.970194,0.00667408,0.990038142,-0.361076257,0.001239614,0.137026407,0.103695444,-0.40210144
AT5G01540,3.910416918,23.47519446,9.8673614,62.48251213,2.754059079,6.23073E-66,2.596837564,1.54261E-24,0.396298135,0.375708237,-0.076973432
AT5G01590,11.5495756,7.83723167,24.03530066,23.16389876,0.088929447,0.867288701,-0.278847228,0.853564115,0.48052553,0.338338194,-0.506147036
AT5G01600,15.64462954,11.95260645,72.819325,67.69185377,0.166108116,0.600531957,-0.336857028,0.893423443,0.214841727,0.176573779,-0.283003101
AT5G01650,8.126370551,7.803868284,58.62257359,52.87850065,-0.046800527,0.975009112,-0.012370282,0.997778221,0.138621866,0.147581119,0.090353312
AT5G01710,9.2947567,8.955111206,27.91565738,53.80405469,0.942613739,0.001094826,8.69825E-07,0.999997657,0.332958546,0.166439337,-1.000346122
AT5G01720,2.39217729,3.040648488,3.310681092,9.574994129,1.480882843,0.000112799,0.219413172,0.964026953,0.722563492,0.317561394,-1.186088826
AT5G01730,2.696573908,3.101251017,5.412840433,6.273927888,0.222450197,0.838201512,0.215241546,0.953728363,0.498180935,0.494307724,-0.011260361
AT5G01750,34.833672,53.44848432,209.0381107,278.8130191,0.508886086,2.72046E-05,0.764229044,0.11142589,0.166637901,0.191700102,0.202134536
AT5G01800,8.200221669,2.333423946,27.38811056,31.5140226,0.144929331,0.891055214,-0.850175586,0.679703458,0.299408083,0.074043989,-2.01565864
AT5G01810,7.199046917,2.941159143,21.67929899,10.64963401,-0.701414349,0.199273529,-0.961199146,0.284318572,0.332070097,0.276174668,-0.265906816
AT5G01830,4.731894867,30.55491635,9.087500132,80.02983397,3.208595086,1.80618E-84,2.649547279,7.85437E-27,0.520703692,0.381794074,-0.447667925
AT5G01920,13.78635462,8.843858824,43.06974022,46.29971154,0.199561712,0.545066755,-0.522112215,0.61650008,0.320093749,0.19101326,-0.744821713
AT5G01950,1.936895762,3.565000217,6.679839773,18.86732579,1.5639146,2.92509E-16,0.788098164,0.49362105,0.28996141,0.188951007,-0.617848701
AT5G01960,7.863943998,4.616889345,16.66781231,19.56443672,0.473094154,0.272826242,-0.317335833,0.908380112,0.471804209,0.23598376,-0.999500707
AT5G01980,3.133612647,3.312087824,10.09948418,15.0278867,0.448670283,0.659944737,0.095966367,0.987703677,0.310274524,0.220396114,-0.493446462
AT5G02120,30.92526607,36.95004645,223.5566024,141.9811527,-0.426597146,0.067459635,0.396791372,0.844904665,0.138333047,0.260246137,0.911730893
AT5G02160,112.3518419,98.78153074,588.06706,608.803446,0.190944518,0.109155449,0.01393481,0.996057284,0.191052772,0.16225521,-0.235706389
AT5G02240,22.99665601,16.47735476,54.43895986,44.32614652,-0.073627547,0.956311975,-0.196991671,0.935505558,0.422430114,0.371729917,-0.184457883
AT5G02250,2.912653458,2.275754809,7.047521223,1.900837501,-1.31532997,0.012615076,-0.404382635,0.90529099,0.413287646,1.197237958,1.53449178
AT5G02270,2.141187877,1.414476776,4.805549127,9.950968053,0.892986415,0.170864817,-0.390705604,0.943207839,0.445565703,0.14214464,-1.648278485
AT5G02290,11.38719955,22.17328498,28.83129912,63.77912404,1.177700906,1.6978E-06,1.2877375,7.28498E-05,0.394959641,0.347657408,-0.184038907
AT5G02310,5.688909717,7.030938219,5.532755575,7.768701483,0.482549054,0.241076803,0.385690598,0.563750746,1.028223575,0.905033902,-0.184110254
AT5G02380,233.3643413,199.9698284,2250.619713,2787.385718,0.390698341,0.003966446,0.220583068,0.763479335,0.103688926,0.071740996,-0.53139214
AT5G02450,7.175789862,9.869941578,77.29041636,57.1587391,-0.004181675,0.997282424,1.064337679,0.210131511,0.09284191,0.172675985,0.895219349
AT5G02480,3.486539857,3.786347577,14.77727371,8.038732955,-0.662814772,0.189447647,0.078995447,0.989035477,0.235939316,0.471012981,0.997350976
AT5G02490,2.243559878,1.452834894,4.537540959,3.596847204,-0.424046453,0.64076955,-0.506420956,0.871910534,0.494443995,0.403918991,-0.291741138
AT5G02500,73.8624568,53.99409506,274.8774955,207.593848,-0.298961195,1.09517E-05,-0.346437739,0.097651798,0.268710455,0.260094871,-0.047014505
AT5G02530,3.206915274,3.329923222,12.95895919,10.50095658,-0.529537552,0.284940685,0.023485884,0.996883172,0.24746704,0.317106656,0.357731771
AT5G02540,2.987492364,1.846743516,2.403047206,3.235564806,0.730203014,0.645394549,-0.517499747,0.906973926,1.24321002,0.570763878,-1.123104098
AT5G02590,1.490457614,1.427856931,4.891505861,1.97025102,-0.832608223,0.553981594,0.073640316,0.992589008,0.304703226,0.724708129,1.249995305
AT5G02610,7.368977205,6.425222362,42.64588128,25.85947686,0.468552817,0.441352748,-0.279988491,0.957926244,0.172794581,0.248466835,0.523995316
AT5G02710,3.637173523,2.792961497,18.49604461,10.44549398,-0.244254242,0.837642838,-0.448781334,0.927958111,0.196646018,0.267384338,0.443313992
AT5G02770,5.480246655,4.523547182,13.81404296,10.40228139,0.078599701,0.952469964,0.429143529,0.87077547,0.396715623,0.434861067,0.132449336
AT5G02790,24.83470902,26.19355291,93.53937323,91.33924432,0.050359203,0.913711595,0.213005792,0.918446523,0.265500058,0.286772166,0.111192825
AT5G02800,2.065308899,2.159007428,6.712972992,6.589812231,-0.012429748,0.995714687,0.589199991,0.848107323,0.307659349,0.327628065,0.090725111
AT5G02810,8.414163538,7.31915014,20.40924123,16.59943769,-0.251573445,0.591967925,-0.057810461,0.987703677,0.412272237,0.440927595,0.096944458
AT5G02830,6.429145622,3.634319511,6.840642624,3.936674317,-0.439985959,0.800955577,-0.777120823,0.536641217,0.939845271,0.923195372,-0.02578727
AT5G02840,9.925959551,4.793243422,40.32224105,44.2397632,0.053567141,0.963972242,-0.938604703,0.253967092,0.24616587,0.10834695,-1.183972207
AT5G02850,2.121022903,2.399819735,7.706106843,5.660856861,-0.204420117,0.881080612,0.086152161,0.989950827,0.275239229,0.423932241,0.623147585
AT5G02870,42.02689811,31.77509047,92.90923994,68.28857408,-0.338626431,0.099438263,-0.292588508,0.686490736,0.452343579,0.465306106,0.040761126
AT5G02880,2.178550464,1.872362443,3.095556842,2.608609297,-0.06246932,0.975009112,-0.130314957,0.977375972,0.703766907,0.717762697,0.02840927
AT5G02940,3.97609647,4.917819393,11.55387053,7.724734152,-0.327920816,0.525791691,0.281435626,0.921964368,0.344135453,0.636632834,0.887485037
AT5G02960,19.56276,20.04025534,86.71529536,51.35938083,-0.120282793,0.714484192,0.298729768,0.665672962,0.225597571,0.390196592,0.790449642
AT5G03040,27.56976819,18.4703976,66.32126146,61.59385175,0.032308478,0.971224214,-0.408843406,0.498044092,0.415700299,0.299874047,-0.471187116
AT5G03240,3.844979912,2.312871472,13.8121115,17.55313207,-0.178977137,0.727336641,0.102923303,0.979675782,0.278377416,0.131764033,-1.079085557
AT5G03280,4.524218113,3.730653813,6.307766103,6.523207111,0.02877677,0.98467125,-0.002925065,0.999158603,0.7172457,0.571904854,-0.326692262
AT5G03290,7.445942051,8.526982368,25.57508609,31.57515843,0.299283023,0.728492681,0.377088856,0.901612329,0.291140449,0.27005351,-0.108469992
AT5G03300,6.98416969,7.348743622,21.55316398,14.91147981,-0.328044116,0.482296414,0.194855823,0.964026953,0.324043825,0.49282457,0.604885242
AT5G03320,2.69770045,5.035232825,8.210002315,9.956248588,0.280479974,0.793879933,0.925208287,0.441523036,0.328587051,0.505735949,0.622108704
AT5G03330,2.363240778,2.862753325,2.855989161,10.03285647,1.688022654,0.001157993,0.447171573,0.916302539,0.827468399,0.285337813,-1.53603327
AT5G03340,1.911507224,2.601887188,4.239351945,4.478951312,0.114086534,0.955140301,0.697397898,0.696353048,0.450896092,0.580914372,0.365530517
AT5G03350,10.20021132,7.648188134,33.61809351,14.61331949,-1.122786256,0.192900685,-0.81955782,0.443367589,0.30341433,0.523371034,0.786544857
AT5G03380,12.69243356,64.96224575,25.93546893,184.756401,2.875920869,4.02311E-69,2.304840706,5.52513E-26,0.489385158,0.351610258,-0.476993189
AT5G03420,2.645097237,1.450769395,4.054235362,4.199870736,0.394701871,0.685251906,-0.649572161,0.808039381,0.65242814,0.345431916,-0.917417623
AT5G03455,10.36980456,4.619835661,43.92143631,44.98963697,0.182476456,0.879265843,-0.564189552,0.862501192,0.23609894,0.102686662,-1.201142759
AT5G03520,11.26687587,12.9157569,40.7957343,25.88575196,-0.714782492,0.304948832,0.324487764,0.891081568,0.276177793,0.498952355,0.853304739
AT5G03540,4.613977195,3.911235777,11.93307132,18.34527006,0.631323755,0.11360958,-0.140035093,0.97690286,0.386654623,0.213201319,-0.858829098
AT5G03555,4.743308778,2.788746736,7.146854282,5.94979633,-0.110924624,0.93781622,-0.660569588,0.732156082,0.663691827,0.468712975,-0.501808778
AT5G03610,1.845413326,5.124075675,3.909608428,6.350725928,0.72811294,0.365161917,0.950998178,0.524291232,0.472019989,0.806848813,0.773450412
AT5G03630,4.270260267,24.03891307,12.40115976,99.27584855,3.021727036,1.73952E-66,2.094222384,9.4315E-10,0.344343622,0.24214261,-0.507991981
AT5G03650,7.843999723,8.941607074,14.73132895,10.0105173,-0.408894903,0.432747261,0.285705358,0.890513824,0.532470611,0.89322128,0.746315722
AT5G03660,6.810364739,7.0027845,10.95536834,14.44878013,0.420389949,0.613840343,0.0229514,0.996883172,0.621646349,0.48466268,-0.359113078
AT5G03730,4.407604049,3.545100286,12.29222818,12.14896759,0.030792283,0.978718432,-0.214928686,0.951998049,0.358568356,0.291802596,-0.297255454
AT5G03760,5.908039425,5.050385277,7.596906612,10.28514653,0.351415967,0.83421846,-0.117318245,0.978661922,0.777690148,0.491036784,-0.66336436
AT5G03850,4.428636847,6.63561094,63.11497213,70.34197134,-0.388044077,0.678837144,0.750582648,0.739202001,0.07016777,0.094333594,0.426963116
AT5G03880,26.91980199,22.38051791,100.4729954,90.45127532,-0.111782954,0.806636276,-0.23824008,0.901612329,0.26793072,0.247431756,-0.114829332
AT5G03900,6.833758975,4.946041218,12.57192345,9.217469808,-0.460878428,0.311160046,0.172323278,0.964026953,0.543573066,0.536594241,-0.018642401
AT5G03910,2.425573369,2.741208978,10.87516982,8.482433792,-0.2214399,0.831639216,0.251873032,0.964026953,0.223037747,0.323163027,0.534974258
AT5G03940,10.12024652,6.51703791,19.07662219,14.73932946,-0.323184336,0.61134985,-0.475521405,0.718410268,0.53050516,0.442152944,-0.262821291
AT5G04020,4.091843618,4.973144824,5.620576273,5.700535677,0.099285157,0.928779987,0.169440122,0.945006103,0.728011403,0.872399561,0.261027997
AT5G04040,13.12586179,10.36225904,28.09811522,22.91902208,-0.288008178,0.154974976,-0.289220961,0.794317245,0.467143852,0.452124833,-0.047145721
AT5G04130,2.401157648,2.092966948,3.20614838,3.457474584,0.185091886,0.913683319,-0.218787836,0.968916847,0.748922808,0.605345577,-0.307058049
AT5G04140,114.5130411,106.2644159,130.1706512,112.4059205,-0.111874527,0.432028241,-0.100247391,0.862501192,0.879714744,0.945363157,0.103832849
AT5G04170,6.982062332,7.594614506,24.70454629,54.0521905,1.193070732,1.41822E-08,0.235400163,0.956306155,0.282622569,0.140505212,-1.008253024
AT5G04230,2.956779984,3.869818358,6.551389762,6.508072793,0.063261998,0.980722062,0.413720118,0.906973926,0.451321031,0.594618174,0.397809549
AT5G04240,2.586512634,1.874811804,3.394453336,3.4917116,0.186198151,0.873993617,-0.30050578,0.922062997,0.761982086,0.536932032,-0.505017606
AT5G04280,3.686231738,3.938987203,9.643090161,4.52774497,-1.162664609,0.11985085,-0.094796066,0.987703677,0.382266647,0.869966667,1.186380798
AT5G04340,6.378276749,20.42405903,34.64050116,119.7072137,2.049884561,4.4488E-20,1.420779,0.006310224,0.184127727,0.170616777,-0.109947375
AT5G04360,3.732013129,2.413757853,4.558416386,3.048407016,-0.38917676,0.796359614,-0.575956903,0.739202001,0.818708256,0.791809571,-0.048195937
AT5G04410,5.701961995,10.50881165,14.4516731,16.40693924,0.294510068,0.6199831,0.831578448,0.291526199,0.394553762,0.640510182,0.698999608
AT5G04430,14.40932312,13.71986819,26.41717686,25.91342108,-0.05903725,0.933539177,0.022850319,0.993885949,0.545452801,0.529450286,-0.04295914
AT5G04440,9.230130976,3.596236098,26.78469301,27.13224794,-0.12008726,0.93547689,-0.900902782,0.476446681,0.344604695,0.132544716,-1.378463202
AT5G04480,3.789630914,2.268146668,9.430656054,3.864262032,-0.990228104,0.061550355,-0.494226422,0.769216459,0.401841706,0.586954676,0.5466218
AT5G04490,8.955163399,9.682627047,28.25384242,25.12135031,-0.172437629,0.914360358,0.063604629,0.989184187,0.316953824,0.38543418,0.282211839
AT5G04550,10.43921627,17.73511685,33.99481822,38.81363813,0.457412844,0.118866699,0.736960308,0.087147797,0.307082574,0.45693003,0.573346618
AT5G04560,3.503465019,3.879673679,4.010069581,6.719973585,0.740301068,0.160785256,0.190430964,0.936941745,0.87366689,0.577334662,-0.597675472
AT5G04590,25.40189609,34.58073306,62.53099035,63.11476491,0.016674899,0.981376755,0.427158856,0.322155804,0.406228911,0.54790243,0.431626085
AT5G04600,2.773419196,3.832174649,24.58128768,10.27727908,-1.243927715,0.018230914,0.025794038,0.996883172,0.112826441,0.372878329,1.724599751
AT5G04710,2.503185564,1.998866767,10.01110768,8.543717534,-0.277874768,0.81191187,0.019819227,0.996883172,0.250040819,0.233957497,-0.095917176
AT5G04720,11.57081722,14.27720995,20.74479718,27.875789,0.577667593,0.029461494,0.293194615,0.767944319,0.5577696,0.512172407,-0.123039775
AT5G04740,3.686187106,3.589558985,18.86557551,16.99089419,0.012478998,0.99520541,0.130270042,0.986306587,0.195392243,0.211263689,0.112671634
AT5G04810,4.74077119,3.786591126,10.2499853,13.59620286,0.577376326,0.031312855,-0.307831307,0.90707513,0.462514926,0.278503577,-0.731804067
AT5G04850,2.24759979,1.410590264,7.669021661,7.176078833,-0.204690464,0.932567646,-0.124143169,0.987703677,0.293075165,0.19656839,-0.576239378
AT5G04870,13.6115133,17.59412417,28.12397811,46.67673234,0.807851907,2.09787E-09,0.36377123,0.749215808,0.483982502,0.376935644,-0.360636663
AT5G04920,4.859273944,3.468522569,10.0851273,10.70096018,0.049930563,0.98467125,-0.187631285,0.971959027,0.481825742,0.324131901,-0.571930454
AT5G04930,12.09067137,20.21155091,17.00532049,38.45521163,1.231234131,5.73001E-30,0.704334688,0.007343832,0.710993443,0.525586781,-0.435907264
AT5G05000,3.02491635,1.591068796,7.704592999,2.063322025,-1.000627854,0.350221122,-0.311062584,0.957797759,0.392612089,0.771119959,0.973850715
AT5G05010,7.998549149,7.079549052,29.35577431,20.43530098,-0.359380289,0.531382469,-0.424298322,0.777333771,0.272469364,0.346437229,0.346499951
AT5G05080,2.859584844,6.039760367,15.98933487,12.32447362,-0.591023587,0.173926901,-0.152302497,0.977375972,0.178843264,0.490062339,1.454269496
AT5G05100,5.174048649,6.429836313,21.61741919,22.13157052,-0.007525406,0.996823316,0.407645574,0.901612329,0.23934627,0.290527792,0.279576856
AT5G05140,10.14027523,9.491437945,23.35295701,29.97233335,0.575031282,0.087728933,0.070184764,0.987703677,0.43421804,0.316673308,-0.455424398
AT5G05170,36.50849567,29.93450641,69.60559885,56.44275559,-0.266462532,0.079458339,-0.239636657,0.559495396,0.524505159,0.530351612,0.015992191
AT5G05190,6.283934611,24.64294034,19.07273524,84.73245303,2.253199315,2.81366E-48,1.916523797,6.10644E-14,0.329472125,0.290832372,-0.179968548
AT5G05200,14.45978033,10.15991467,25.39496885,27.85998534,0.221728084,0.492141177,-0.512911186,0.588146714,0.569395474,0.364677675,-0.642809145
AT5G05270,5.853645088,1.708579901,14.56421972,8.350062746,-0.563434867,0.492289194,-0.73248629,0.771567415,0.401919581,0.20461881,-0.973968093
AT5G05300,4.173528185,30.15638693,26.67865049,250.0967993,3.238032999,1.96172E-49,2.388556193,0.000108404,0.156437005,0.12057886,-0.375604829
AT5G05360,3.989806901,5.367143792,18.84410931,9.313664377,-0.926802902,0.170864817,0.203218697,0.977375972,0.211727009,0.576265536,1.444528421
AT5G05370,10.18638341,8.561166625,48.23847187,39.98044276,-0.28633009,0.817490759,-0.522376192,0.899651201,0.211167208,0.214133862,0.02012714
AT5G05440,33.90022911,21.18843993,210.9693226,224.2118055,0.138845108,0.771564965,-0.143182336,0.961585417,0.160687955,0.094501892,-0.765846669
AT5G05450,3.20844526,3.346277214,7.744678583,5.103400796,-0.602764444,0.327327633,-0.034124737,0.993889967,0.414277394,0.655695554,0.662429015
AT5G05470,1.920350523,1.284069232,2.246170684,4.176659932,-0.003643663,0.998866977,0.143258129,0.987459256,0.854944166,0.307439258,-1.475528803
AT5G05570,1.909382174,2.670415843,3.482778327,3.627495698,0.258007462,0.847911875,0.47449052,0.831990072,0.548235344,0.736159617,0.425223271
AT5G05580,13.55076855,10.39647049,25.51245067,27.23940158,0.020372018,0.98467125,-0.637126861,0.410777265,0.531143352,0.381670297,-0.476774371
AT5G05600,25.48237157,12.32431042,132.531805,61.58735285,-1.01564567,1.49922E-15,-0.980798296,0.022225189,0.192273632,0.200111059,0.057639969
AT5G05660,3.085970314,2.844131064,3.887551631,7.078158317,0.771713772,0.121527417,-0.061778233,0.991004798,0.793808188,0.40181795,-0.98224843
AT5G05690,17.30671875,16.34963947,54.95931572,47.74491408,-0.136178823,0.651514576,-0.127903431,0.964026953,0.31490055,0.3424373,0.120943578
AT5G05730,9.964330431,13.9408742,23.2367948,36.23260104,0.831774371,0.00145106,0.427336139,0.658186115,0.428816905,0.384760514,-0.156401032
AT5G05740,9.25991212,5.573548554,17.57085191,14.74425382,-0.181285543,0.868147374,-0.725900789,0.485017135,0.527004164,0.378014962,-0.479371022
AT5G05780,5.296960237,4.237778866,23.92431489,18.38665972,0.145912796,0.82936391,0.114411014,0.984477763,0.221404887,0.230481171,0.057961829
AT5G05850,3.817002011,9.98397424,13.05737646,35.54922209,1.504844156,3.66976E-12,1.513899708,0.001270839,0.29232534,0.280849303,-0.057778671
AT5G05860,2.520550377,2.044281566,10.3735917,10.13555836,0.154704732,0.882564296,-0.12999014,0.987703677,0.242977596,0.201694026,-0.268654947
AT5G06060,5.866977051,9.654639815,22.09851255,17.11368843,-0.259791395,0.787157671,0.813449473,0.69286726,0.265491944,0.564147224,1.087403624
AT5G06110,2.0661261,1.798047869,6.462209775,4.733568891,-0.552482623,0.399772068,0.020315886,0.996883172,0.319724393,0.379850365,0.248602388
AT5G06130,8.776325911,8.980537869,25.5881233,23.052186,-0.3565012,0.566790569,-0.104936926,0.985287668,0.342984353,0.389574241,0.183755527
AT5G06140,5.254169251,4.710251337,13.67663004,7.97999161,-0.601450069,0.453712944,-0.179036108,0.970346925,0.384171337,0.59025768,0.619595025
AT5G06210,3.607340382,5.677402321,7.88233417,8.985964751,-0.096512772,0.975573111,0.414047456,0.936826375,0.45764875,0.631807767,0.465244931
AT5G06220,10.08441895,8.110809933,20.07749748,21.71565832,0.222694322,0.678124665,-0.400789783,0.75398615,0.502274696,0.373500532,-0.427366299
AT5G06290,18.01883291,18.42981686,91.34179848,72.56116731,-0.275825643,0.125753776,0.0040165,0.998844586,0.197268208,0.253990082,0.364613695
AT5G06320,66.69762556,120.1639046,174.0225281,342.1206526,1.118228758,2.96996E-07,1.06769312,7.72832E-08,0.383270064,0.351232536,-0.125934825
AT5G06340,5.347838603,5.987331677,35.74696835,27.04202923,-0.147177333,0.907229718,0.10295703,0.987703677,0.149602577,0.221408372,0.565574746
AT5G06360,1.823097882,4.934973801,11.7668938,5.006300594,-0.724987849,0.303626443,0.426071482,0.922062997,0.154934506,0.985752595,2.669567113
AT5G06390,3.391126681,2.545219801,11.44262438,7.304321046,-0.460255485,0.590182277,-0.523030061,0.876460377,0.296359171,0.348453988,0.233621463
AT5G06530,11.97304962,17.22936685,23.47090043,20.03723183,-0.165547327,0.679224333,0.375596531,0.668084604,0.510123148,0.859867621,0.753269
AT5G06560,3.823303329,7.257531392,9.874955268,18.46815588,1.02729716,0.000579599,0.832802737,0.221269757,0.387171711,0.392975424,0.021465547
AT5G06580,3.724055025,3.037968776,7.413970829,6.846781853,0.080273558,0.973371864,-0.209051682,0.96489885,0.502302357,0.443707546,-0.178946956
AT5G06600,4.808117993,5.502208539,9.152643659,6.190353869,-0.219407462,0.807956677,0.2876133,0.856972298,0.525325597,0.888835865,0.75870515
AT5G06690,2.426567115,1.889015055,9.063002419,16.53614219,0.709701914,0.49988614,-0.068071168,0.993235243,0.267744286,0.114235535,-1.228844288
AT5G06700,14.76739103,14.82442266,35.26183676,21.52326694,-0.59432052,0.08284261,-0.091111523,0.970346925,0.418792451,0.688762663,0.717771503
AT5G06860,13.66850509,15.87983279,28.08396734,26.56504317,0.126728081,0.898199655,0.191850715,0.958516893,0.48670136,0.597771767,0.296557954
AT5G06870,40.7175464,24.05040585,108.8190195,50.66307377,-0.986186077,1.27397E-14,-0.742190266,0.039343554,0.374176744,0.474712726,0.343334831
AT5G06970,10.11905592,10.18651499,9.599601641,16.01456751,0.72547356,0.000122583,-0.038448402,0.988906775,1.054112066,0.636078057,-0.728752529
AT5G06980,30.16158166,16.80138065,74.2405284,45.26021574,-0.510691389,0.175592683,-0.603315203,0.491893733,0.406268413,0.371217423,-0.130168776
AT5G07020,37.24931834,32.51519894,159.379779,155.9886221,-0.010812302,0.98536334,-0.217409233,0.87038897,0.233714205,0.208445965,-0.165071974
AT5G07090,23.80512763,19.45821041,66.6634679,56.54639869,-0.097085449,0.810576364,-0.285632792,0.856795714,0.357094048,0.344110516,-0.053432109
AT5G07100,2.298986993,3.873022813,10.33713615,26.29923679,1.298467344,0.000620924,0.645613849,0.837427463,0.222400765,0.147267498,-0.594722687
AT5G07220,4.641332585,4.802597738,12.11924208,9.770138442,-0.395061729,0.565568719,-0.094982211,0.987703677,0.382972182,0.491558821,0.360124461
AT5G07240,2.741741409,3.00310988,12.34098162,6.566787591,-0.472551734,0.674559071,-0.336340614,0.939534869,0.222165586,0.457317956,1.041562212
AT5G07250,2.579376227,1.511787714,4.810203322,10.39860807,0.860290899,0.214146034,-0.521772383,0.906973926,0.536230187,0.145383661,-1.882987294
AT5G07270,3.344805577,2.651454576,8.543689441,4.736387856,-0.525720825,0.564389105,-0.588771097,0.815477732,0.391494284,0.559805205,0.51593366
AT5G07290,2.219341003,1.980417005,6.41362873,7.100588969,-0.087725057,0.952226388,0.047134246,0.993235243,0.346035154,0.278908836,-0.311124967
AT5G07340,1.830924945,1.846603766,3.524923207,2.418930201,-0.593655056,0.587577341,0.232999312,0.970346925,0.519422648,0.763396879,0.555524369
AT5G07350,6.177203011,5.137259385,10.28386245,10.67953739,0.011969445,0.991248821,-0.307429388,0.844681399,0.600669548,0.481037633,-0.320421763
AT5G07370,8.488608146,4.413986028,21.10387799,7.939360844,-1.053459955,0.034524913,-0.389344838,0.915554809,0.402229777,0.55596239,0.4669674
AT5G07440,37.62604779,36.49051065,108.294648,125.8340422,0.262144732,0.316996295,0.087734242,0.963685245,0.347441434,0.28998918,-0.260770742
AT5G07470,6.567148261,6.446105498,26.93126578,27.73579842,-0.045927648,0.981439484,-0.093759604,0.987703677,0.243848481,0.232411031,-0.069306444
AT5G07580,3.122265481,4.754041411,17.44816587,12.18433047,-0.398078859,0.653542394,0.716231423,0.747006029,0.178945197,0.390176664,1.12460967
AT5G07740,2.357074706,1.47111671,3.313454339,5.272137179,0.597560738,0.139136241,-0.721046408,0.476303021,0.711364777,0.279036121,-1.350137649
AT5G07910,2.383480695,2.036738964,7.788247009,6.41949371,0.479442899,0.63267563,-0.162930784,0.984337283,0.306035581,0.31727408,0.052030271
AT5G07920,10.86018256,6.389891495,16.13368754,13.71638949,-0.193266144,0.839877405,-0.501177813,0.511234297,0.673137033,0.465858125,-0.531009572
AT5G08050,45.09879615,38.0538413,277.5347484,231.3690609,-0.232988408,0.089484093,-0.264915534,0.868691965,0.162497836,0.164472472,0.017425625
AT5G08060,16.7406138,8.287456804,66.75162022,65.36998641,0.07409353,0.954646766,-0.656987276,0.639026788,0.250789625,0.126777704,-0.984176617
AT5G08160,5.677041782,2.967139056,25.40227297,15.46739022,-0.429996951,0.316449859,-0.857805025,0.491893733,0.223485583,0.191831913,-0.220339019
AT5G08170,2.417489692,2.601784683,6.816316651,8.417236112,0.299018123,0.734780062,0.215025288,0.973429971,0.354662175,0.30910202,-0.198362395
AT5G08200,2.649525293,1.849977594,8.750077245,11.65874769,0.370014292,0.555146504,-0.524671696,0.876460377,0.302800218,0.158677213,-0.932271276
AT5G08280,38.7070851,36.3107203,116.183633,102.2112163,-0.08713694,0.765876718,0.3160691,0.471027004,0.33315437,0.355251817,0.092651208
AT5G08290,10.5206494,8.798244331,56.29838717,47.88748072,-0.215164135,0.758966982,-0.320960185,0.928152578,0.186873016,0.183727442,-0.024491136
AT5G08300,8.938782113,6.746642847,23.11512709,28.01138954,0.22551751,0.719423391,-0.239658481,0.940256214,0.386707029,0.240853558,-0.683084747
AT5G08330,7.296476265,6.657496746,43.66277,47.57696365,0.098012618,0.93547689,-0.029974554,0.996883172,0.167109789,0.139931098,-0.256079627
AT5G08410,17.53332655,16.54754684,51.31559832,44.8521149,-0.193768177,0.822256397,-0.03671498,0.993885949,0.341676354,0.36893571,0.110739027
AT5G08420,2.278501048,3.202434888,11.14896681,3.241569573,-1.03726906,0.021712009,0.303222765,0.950627084,0.204368807,0.987927242,2.273229781
AT5G08450,3.813392637,2.020051056,7.754821886,11.01202756,0.494457243,0.13533245,-0.500968403,0.803508857,0.49174471,0.183440429,-1.4225979
AT5G08470,1.624011879,1.256186124,3.352483372,1.968698256,-0.628348139,0.293200634,-0.347716783,0.927958111,0.484420562,0.638079563,0.397476224
AT5G08520,3.478149475,3.417487228,11.2109025,5.516092595,-0.89876424,0.115221017,0.147063715,0.982876393,0.310247054,0.619548561,0.997799855
AT5G08530,19.59370074,18.35646188,42.89257524,37.74429315,-0.093691924,0.888761562,-0.094293342,0.975735197,0.456808682,0.486337413,0.09036751
AT5G08540,4.572257277,3.525533555,22.04372474,28.76574339,0.576976097,0.044091587,-0.219459196,0.964811001,0.207417636,0.122560141,-0.75904871
AT5G08570,5.18694849,3.190085749,11.47980145,8.994373646,-0.275652346,0.78749302,-0.72736671,0.638228306,0.451832596,0.354675698,-0.349287871
AT5G08590,7.7871999,4.452177768,18.1076877,16.62181401,-0.104874611,0.920573627,-0.554376619,0.747006029,0.430049382,0.267851497,-0.683068972
AT5G08640,3.678926677,2.355912488,4.561740293,7.099057813,0.436702514,0.805429942,-0.331075687,0.944014645,0.806474381,0.331862699,-1.281042221
AT5G08650,26.81074959,21.8655411,38.61974613,45.73129173,0.356733584,0.036034673,-0.293758552,0.68324374,0.694223869,0.478130844,-0.537995495
AT5G08660,3.248820924,4.530566664,8.178135312,4.20961489,-0.92032683,0.227364916,0.439059019,0.881484854,0.39725693,1.07624255,1.43785896
AT5G08670,17.52451839,15.53748824,37.99093135,45.71983618,0.176408546,0.560645096,-0.279642147,0.696544806,0.461281621,0.339841293,-0.440786651
AT5G08680,14.44071122,11.25235261,18.35178684,34.33714601,0.475556955,0.093736031,0.117241126,0.968936277,0.786883116,0.327702035,-1.263764724
AT5G08690,14.13100264,8.69593611,24.23459946,18.38385908,-0.272563308,0.094213702,-0.466988885,0.33100762,0.583092065,0.473020168,-0.301821993
AT5G08720,4.663455457,6.636105052,9.277473266,6.092604482,-0.549676828,0.446910989,0.50517815,0.75044202,0.502664392,1.089206606,1.115610239
AT5G08740,6.361330585,6.096966072,13.16435137,7.099367023,-0.506415991,0.705644609,-0.068760878,0.988076608,0.483224004,0.85880418,0.829637089
AT5G08760,28.17755528,9.909736596,141.1845096,84.88581529,-0.766656016,0.144844439,-1.067497868,0.310579946,0.199579652,0.116741962,-0.773641422
AT5G08790,17.54806798,27.73827835,50.84358894,152.5183834,1.654193623,1.29743E-13,0.71968898,0.152939774,0.345138263,0.181868426,-0.924279323
AT5G09220,4.101439757,8.44220209,20.00338008,31.18580912,0.729214453,0.000463502,1.00662168,0.135910161,0.205037336,0.270706527,0.400843037
AT5G09310,3.078502184,4.002287124,10.61574531,8.325640884,-0.419744194,0.775987581,-0.348856597,0.952588312,0.289993975,0.480718203,0.729168505
AT5G09330,4.149425316,4.212844796,11.62473239,9.230073236,-0.230294736,0.90066179,-0.131530079,0.977375972,0.356948029,0.456425934,0.354666731
AT5G09410,4.446423117,5.219438013,9.149381065,5.244526431,-0.720219263,0.132983084,0.329016428,0.876460377,0.485980755,0.995216266,1.034110882
AT5G09440,7.327610197,7.516130724,25.31138304,26.10123277,0.389516029,0.271547695,-0.403236199,0.901612329,0.28949861,0.287960756,-0.007684208
AT5G09590,2.946432999,1.967346559,4.02269362,3.908021646,-0.238540052,0.862472573,-0.30543713,0.939821128,0.732452749,0.503412401,-0.540994937
AT5G09620,6.796048357,4.240413022,14.81587021,9.207410622,-0.499014931,0.213658867,-0.397939344,0.871450789,0.458700587,0.46054349,0.005784647
AT5G09650,28.77848684,23.7095132,98.04055299,92.95554967,-0.137254495,0.854796659,-0.296862337,0.855487131,0.293536562,0.255062912,-0.202687074
AT5G09660,179.6390339,161.177519,555.8306621,527.8632107,0.024509668,0.928748446,-0.065516113,0.943207839,0.32319022,0.305339557,-0.081969036
AT5G09680,1.920438723,5.094524828,11.3652371,23.64264307,1.210865114,0.085205573,0.152147091,0.981413902,0.168974805,0.215480343,0.350748114
AT5G09760,3.444419656,2.805547865,6.702601995,4.514829654,-0.294746668,0.892972006,-0.149283937,0.978459479,0.513892912,0.621407247,0.274071313
AT5G09810,30.29401362,36.23587593,94.49235777,69.51435684,-0.448788134,0.000210233,0.158939375,0.920224397,0.320597499,0.521271829,0.701272722
AT5G09860,2.580984485,1.480088795,3.506795628,2.45911795,-0.24954303,0.879571939,-0.41317577,0.920755469,0.735995125,0.601877919,-0.290225319
AT5G09870,13.2021036,12.67618245,23.815507,20.70221624,-0.030797008,0.960313888,0.051435062,0.985287668,0.554349046,0.612310407,0.143468547
AT5G09890,7.541945551,6.148344593,11.98718986,10.6692279,-0.027836061,0.983299394,-0.262375359,0.933083297,0.629167106,0.576268934,-0.126700997
AT5G09900,7.879803751,4.880114489,15.99845329,17.67069686,-0.085739899,0.932334935,-0.333312362,0.915554809,0.492535347,0.276169895,-0.834671206
AT5G09920,4.301625793,3.792152159,15.48674513,24.39653763,0.534489211,0.501624608,0.185732398,0.979422389,0.277761773,0.155438129,-0.837507626
AT5G10160,4.1818827,1.587435333,14.06991231,14.21295571,0.4717895,0.633216783,-0.510575519,0.906973926,0.29722166,0.111689318,-1.412048042
AT5G10170,3.671431974,3.294126972,6.661613191,6.882955524,0.138731395,0.958222651,-0.167363282,0.97447605,0.551132566,0.478591931,-0.203603306
AT5G10180,5.99630602,6.299696476,10.9083451,17.5129451,0.656964032,0.025465869,-0.048102161,0.99028252,0.549698966,0.359716566,-0.611781164
AT5G10190,2.960597323,1.189375295,11.3842884,14.23052032,0.326577642,0.561699276,-1.102079984,0.434524017,0.260059937,0.083579185,-1.637628563
AT5G10360,28.32953117,24.76469771,139.3039975,89.13369783,-0.507847749,0.000169738,-0.052514343,0.987703677,0.203364811,0.277837656,0.450172078
AT5G10430,3.214477233,5.498597942,7.945095105,10.89972847,0.862386935,0.35880413,0.466935794,0.923139787,0.404586376,0.504471094,0.318323866
AT5G10450,76.50509806,63.76235481,447.8784825,375.3489107,-0.191874198,0.410877292,-0.018708231,0.993230672,0.170816641,0.16987489,-0.007975917
AT5G10460,2.99323312,5.453225777,11.74523507,14.25290756,0.115028007,0.963413635,0.835024096,0.69286726,0.254846591,0.382604444,0.586224577
AT5G10470,8.624908331,8.839958629,12.06597655,12.3247718,0.165794993,0.706805107,-0.016911647,0.994137552,0.71481229,0.717251303,0.004914244
AT5G10480,7.036646178,3.875496033,10.44654784,14.44868798,0.580381273,0.447232156,-0.542774948,0.862498781,0.67358579,0.268224772,-1.328419222
AT5G10490,3.685416442,4.16210633,7.338841369,6.103150901,-0.265307206,0.777960141,0.306862434,0.922491402,0.502179603,0.681960253,0.441484225
AT5G10540,4.086120718,4.511605736,11.73755011,10.50557068,-0.013151924,0.994871386,-0.055664235,0.989950827,0.348123815,0.429448897,0.302885954
AT5G10550,4.292222592,1.284310482,5.189292229,5.595676247,0.191711614,0.892883725,-1.321094369,0.185759186,0.827130638,0.229518368,-1.849505591
AT5G10560,3.607966553,2.697317536,7.12936339,5.037361057,-0.326836988,0.707826077,-0.381595036,0.907652878,0.50607135,0.535462419,0.081444523
AT5G10690,4.218978619,2.441518686,7.833047707,3.87878726,-0.92473999,0.206805389,-0.799910988,0.686366632,0.538612655,0.629454136,0.224853137
AT5G10695,10.8050199,22.85200026,92.3957434,121.1893471,0.613955834,0.056922273,1.486304006,0.033101583,0.116942832,0.188564431,0.689254129
AT5G10750,5.086322016,11.19650598,28.6226536,54.51285529,1.00436451,0.000756774,1.104621623,0.2222159,0.177702672,0.205392029,0.208914824
AT5G10770,2.970362987,2.22886422,4.481758036,4.413094461,0.101299403,0.972172839,-0.196614076,0.97421589,0.66276737,0.505056993,-0.392056378
AT5G10810,8.187713098,3.357684833,8.453988583,13.30343996,0.832576154,0.486853344,-0.9109975,0.696353227,0.968502976,0.252392227,-1.940089004
AT5G10840,12.13262864,7.613654155,20.33770766,19.10875142,0.113331995,0.862348251,-0.512382453,0.640807688,0.596558316,0.398438076,-0.582307652
AT5G10860,6.307667871,7.697437003,26.09460069,26.9019159,0.267759456,0.752284469,0.61998701,0.757416363,0.241723104,0.286129695,0.243313861
AT5G10920,2.788996007,2.361518729,7.780206904,4.992128872,-0.550945705,0.7346132,-0.056791699,0.993235243,0.358473244,0.473048431,0.400122452
AT5G10960,4.147978725,3.962502005,30.98817682,27.82095795,-0.403212198,0.368380412,0.506115034,0.888151421,0.133856817,0.142428669,0.089548951
AT5G10980,13.25602235,10.27726707,77.46648832,81.19923187,0.028020266,0.981964984,0.11677736,0.980146033,0.171119443,0.126568526,-0.435085005
AT5G11000,3.648068362,23.47402054,15.17470373,104.9440674,2.844704286,4.35279E-31,2.574500069,1.3636E-11,0.240404586,0.223681253,-0.104020065
AT5G11070,40.30215659,39.14046342,118.573686,112.8660374,0.088784676,0.851899506,0.078310793,0.979544858,0.339891235,0.346786902,0.028976248
AT5G11090,8.245049591,4.697892772,25.77375499,18.83117247,-0.676475515,0.224344531,-0.338268121,0.935505558,0.319900984,0.249474258,-0.358734475
AT5G11250,3.22269194,5.23553318,4.221758707,9.516179665,1.055630286,0.043197107,0.647106924,0.422172288,0.763352944,0.550171746,-0.472468205
AT5G11270,3.1749921,2.979570066,6.393051409,2.513010615,-1.106600709,0.210887841,-0.160414993,0.980883909,0.496631717,1.185657573,1.255439101
AT5G11280,2.392660768,1.527563732,10.53228097,8.554756226,-0.468579561,0.649719997,-0.748288053,0.80144117,0.227174035,0.178563093,-0.347364029
AT5G11340,4.358596387,1.926321318,11.0575675,5.435150034,-0.72026971,0.435218887,-0.430472265,0.936826375,0.394173166,0.354419162,-0.15337296
AT5G11380,2.344508383,1.646763085,5.02714701,4.292147687,-0.259327142,0.867288701,-0.409320559,0.916442123,0.466369569,0.383668784,-0.281612263
AT5G11420,19.29469906,13.29276476,43.25132916,29.87720644,-0.38733809,0.346071255,-0.385719342,0.766398879,0.4461065,0.444913241,-0.003864133
AT5G11450,7.904038234,9.004212554,37.17316428,35.72335784,-0.045759171,0.970612989,0.017543922,0.996883172,0.212627534,0.252053925,0.245403993
AT5G11480,7.469494169,5.126803323,27.22909871,13.48410911,-0.427613697,0.864773427,-0.411046496,0.900401274,0.274320287,0.380210756,0.470938029
AT5G11490,3.506278927,2.120798666,7.866342219,5.764970109,-0.38509322,0.435963245,-0.703610233,0.650377573,0.445731806,0.367876784,-0.276953277
AT5G11500,8.879983966,6.556275959,49.04034543,35.12834746,-0.151700517,0.765130721,0.208039818,0.959670996,0.18107507,0.186637757,0.04365294
AT5G11520,7.12139186,7.176855948,18.68423155,11.71957505,-0.508585757,0.448060228,-0.022661451,0.996883172,0.381144488,0.612381926,0.684093694
AT5G11560,7.771509999,4.907396242,15.2957151,8.615234849,-0.721710062,0.001580595,-0.412787185,0.746977286,0.508084123,0.569618394,0.164928352
AT5G11650,13.85767097,24.04349459,37.61999717,50.02990624,0.484805243,0.031724858,0.705632737,0.09270855,0.368359171,0.480582443,0.383670784
AT5G11670,15.02926753,56.11106581,45.10678527,186.6733149,2.063163947,1.46215E-58,2.079010972,5.4198E-22,0.333193054,0.30058429,-0.148588716
AT5G11680,6.013240522,4.097190456,19.20303197,14.35294082,-0.210849881,0.854469801,-0.159844847,0.981023779,0.313140161,0.285459998,-0.133519958
AT5G11700,7.676807842,7.629796933,19.3380559,16.968737,0.010747725,0.987419888,-0.077594747,0.973843233,0.396979297,0.449638469,0.1797017
AT5G11710,6.901069493,7.62223894,18.61330722,11.01316612,-0.557333713,0.270592546,0.155110149,0.957926244,0.370759984,0.692102421,0.900500007
AT5G11720,2.237200073,2.467212933,5.733676877,6.773081554,0.279370201,0.840319859,0.153942043,0.977375972,0.390185935,0.364267419,-0.099163813
AT5G11740,117.7496625,69.63963601,926.4246507,962.8003212,0.071404241,0.799930718,0.084478069,0.970346925,0.127101176,0.0723303,-0.813305339
AT5G11770,29.5453079,23.05857927,127.1231024,142.5221697,0.300893691,0.243832482,-0.294498753,0.877707377,0.232414937,0.161789421,-0.522585521
AT5G11790,7.332234899,2.795261638,22.44152227,23.77124537,-0.072925796,0.940598326,-1.317480315,0.180134145,0.326726271,0.117590038,-1.474316625
AT5G11810,4.284418816,2.157965946,6.788268219,4.742343856,-0.551343326,0.601779469,-0.316534334,0.949357573,0.631150491,0.455042066,-0.47198412
AT5G11840,6.868690112,3.719269416,27.19534881,17.68614206,-0.385669593,0.393888794,-0.696163568,0.756112107,0.252568561,0.210292861,-0.264275192
AT5G11850,2.212037805,2.474865236,7.268281376,6.257389771,-0.126960506,0.91068703,0.200457025,0.970346925,0.304341245,0.3955108,0.378027225
AT5G11860,2.310285337,1.663688813,7.836530077,14.29788406,0.729477658,0.51706976,-0.146047331,0.987459256,0.294809733,0.116359092,-1.341200204
AT5G11880,4.676068382,4.73265998,8.775890281,6.635262368,-0.252082687,0.679011592,0.072400591,0.987703677,0.532831226,0.713258906,0.420747223
AT5G11950,3.894012545,3.011178614,5.602647554,6.412695341,-0.084340682,0.979493534,0.013640257,0.997778221,0.695030788,0.469565207,-0.565751373
AT5G11960,1.991314828,1.703636586,5.358150786,1.878852677,-0.862211081,0.418773709,-0.107269483,0.988906775,0.371642178,0.906743039,1.286779521
AT5G12010,8.493211276,4.789232403,25.20978539,20.55320306,-0.244643387,0.531183589,-0.56923289,0.661535381,0.336901372,0.233016352,-0.531895101
AT5G12040,5.984893476,5.570932266,11.21115899,20.98700243,0.862775536,0.097764888,-0.042037358,0.993235243,0.53383361,0.265446782,-1.007967486
AT5G12120,6.128910996,5.363057809,15.24394618,8.555261849,-0.475208012,0.312742518,-0.16867423,0.970443888,0.402055408,0.626872433,0.640777553
AT5G12130,3.663772191,3.006305888,11.3412458,9.855548548,-0.377634999,0.810042223,-0.16101523,0.97447605,0.323048478,0.305036891,-0.082766944
AT5G12140,14.08845522,12.17505081,136.4689182,124.5255396,0.114950975,0.770024838,0.279983338,0.929666208,0.103235633,0.097771516,-0.078454896
AT5G12150,11.70938187,11.77200954,34.79667928,33.37465326,0.040945927,0.946070988,0.094480195,0.970346925,0.336508601,0.352723051,0.067892482
AT5G12250,16.67458038,13.40815375,34.75045047,41.33455925,0.254456567,0.424524481,-0.432333126,0.651031736,0.47983782,0.324381195,-0.564856683
AT5G12310,3.23848548,1.830291781,18.7307223,11.27783149,-1.026389984,0.117003367,-0.460687639,0.917987537,0.172896989,0.162291109,-0.091328775
AT5G12340,6.53203507,17.42615355,25.38302347,61.60364628,1.336383523,1.01307E-06,1.277123588,0.09826921,0.257338732,0.282875359,0.136497897
AT5G12350,1.949351842,1.563139765,3.567460616,1.616640152,-0.602245131,0.50160811,-0.145031028,0.977375972,0.54642561,0.966906434,0.823351188
AT5G12370,6.692317747,5.950740068,13.7965663,10.40947893,-0.191963313,0.746632599,-0.07560874,0.987459256,0.485071256,0.571665508,0.236974555
AT5G12430,2.693704939,1.987965803,2.962120963,4.635478628,0.639494486,0.233561002,-0.334215281,0.91649376,0.909383841,0.4288588,-1.084386644
AT5G12470,10.64290752,8.968750747,48.62198665,41.06777339,-0.123379386,0.841726251,0.109397062,0.97421589,0.21889084,0.218389019,-0.003311268
AT5G12850,7.907027564,7.61419538,13.04008383,14.73902866,0.443964474,0.08284261,0.289088715,0.876460377,0.606363247,0.516600894,-0.23113217
AT5G12860,110.7793404,89.09542597,201.551297,189.0907675,0.006019224,0.991248821,-0.292498265,0.177736553,0.549633478,0.471178086,-0.222197438
AT5G12940,3.669509183,8.254599267,12.40428172,23.63781111,1.041437112,0.018292726,1.301624672,0.073152502,0.295826011,0.34921166,0.239352823
AT5G12980,3.866048021,3.991670847,4.888344496,5.918001782,0.284551565,0.862348251,0.080197072,0.99028252,0.790870616,0.674496391,-0.229630968
AT5G13000,5.952073038,5.427135038,4.782132461,6.579334255,0.502025917,0.226048105,-0.112074967,0.964026953,1.2446483,0.824876018,-0.59348894
AT5G13010,4.558739951,4.15107988,5.6245555,4.912519246,-0.04282366,0.970047031,-0.206159648,0.936826375,0.810506706,0.845000227,0.060127607
AT5G13030,11.99399054,9.52090669,26.67986124,30.21203972,0.331302278,0.124988729,-0.308267368,0.861570253,0.449552208,0.315136177,-0.512513291
AT5G13100,5.770682146,8.1147636,29.85208869,52.29100386,0.775033698,0.000380462,0.608512102,0.687577765,0.193309159,0.155184697,-0.316923691
AT5G13120,12.79977497,11.29000762,44.71933033,48.67154931,0.073199347,0.933719576,0.135819872,0.970346925,0.286224657,0.231963185,-0.303252102
AT5G13160,6.320939849,6.748143093,14.67586457,6.762729766,-0.340742653,0.580630056,0.333959556,0.906973926,0.430703065,0.997843079,1.212119365
AT5G13190,32.86846826,54.75622486,158.5527129,248.0546788,0.752026844,0.000143712,0.961484769,0.002048105,0.207303096,0.22074256,0.090623152
AT5G13200,11.51717479,10.69223549,44.56169095,55.41430961,0.424939204,0.100029872,0.018916194,0.996883172,0.258454617,0.192950802,-0.421677936
AT5G13220,6.983444461,7.406884172,54.32279211,43.13476739,-0.201295626,0.615073915,-0.138282818,0.982744851,0.128554594,0.171714944,0.417634439
AT5G13280,3.345827156,2.921886926,9.532278267,6.86528418,-0.361047137,0.677743846,0.018518503,0.996883172,0.350999736,0.425603201,0.278039058
AT5G13390,11.86513172,8.382835448,15.30699403,12.83325087,-0.188611693,0.847349395,-0.468776843,0.393362432,0.775144467,0.653212154,-0.246913581
AT5G13400,2.473585985,2.246345135,7.536517052,2.970893547,-1.062456023,0.015375691,0.090358307,0.989001094,0.328213413,0.756117679,1.203976589
AT5G13410,11.47697405,12.27327755,34.01987171,44.11992799,0.093594019,0.964219283,0.34677552,0.889332759,0.337360886,0.278179909,-0.278274487
AT5G13420,2.385818976,1.783256243,4.78014422,13.15859409,1.295257681,0.001787858,-0.140672306,0.985287668,0.49911025,0.135520271,-1.880849862
AT5G13430,2.26646434,3.462578979,15.84915656,18.09931198,-0.104901774,0.932567646,0.356225485,0.906973926,0.143002205,0.191309978,0.419874727
AT5G13440,3.487402233,4.696554805,23.7538662,11.85637897,-0.174946888,0.807871917,0.131430485,0.972451974,0.146814089,0.396120503,1.431948951
AT5G13450,17.9693494,14.98726035,69.66437896,55.03908698,-0.153777076,0.666554889,-0.169110497,0.939821128,0.257941715,0.272302125,0.078163132
AT5G13490,3.140984445,2.129658029,4.348013976,4.559720621,0.205092479,0.908064279,-0.047083944,0.993885949,0.722395204,0.467058885,-0.629183865
AT5G13500,5.145814941,3.287644191,9.449929014,6.415001046,-0.280976299,0.844109682,-0.403918,0.907652878,0.544534772,0.512493165,-0.087491412
AT5G13510,53.14067829,38.1606979,203.8501087,183.1954234,-0.118134523,0.751390171,-0.242544631,0.844904665,0.260685062,0.208305956,-0.323603823
AT5G13560,3.547680395,3.14901007,8.871616592,10.31556892,0.264573677,0.779611909,0.050624317,0.991863328,0.399891086,0.305267707,-0.389532142
AT5G13590,2.247464373,3.735513936,4.81642405,4.078880057,-0.513166608,0.3394964,0.751275278,0.490250107,0.466625104,0.915818529,0.97279783
AT5G13630,297.8351593,237.0988209,578.8826767,505.60759,-0.117494256,0.214146034,-0.301378662,0.013165519,0.514500038,0.468938413,-0.133772722
AT5G13640,8.213564409,5.727716353,12.20338855,15.25886776,0.22744051,0.788254653,-0.231465162,0.929232007,0.673056043,0.375369683,-0.842414504
AT5G13650,57.58609605,50.98456755,123.6478662,108.3518999,-0.077906516,0.664001164,-0.192483563,0.784808883,0.465726565,0.470546134,0.014852999
AT5G13710,16.00608244,10.19060834,43.10594579,34.33157352,-0.239928189,0.594737798,-0.378352282,0.767854587,0.371319598,0.296829049,-0.32302917
AT5G13720,12.0056279,10.54013432,46.08303637,38.43307161,-0.060164586,0.971224214,-0.297809138,0.922062997,0.260521633,0.274246472,0.074069888
AT5G13740,4.043490758,2.26170379,11.05884645,5.111141437,-0.648719078,0.596390638,-0.405012444,0.918446523,0.365634045,0.442504638,0.275292167
AT5G13760,2.805253071,4.212056928,6.302850752,6.46714986,0.035520689,0.989088983,0.729997952,0.665672962,0.445076868,0.651300344,0.549268467
AT5G13770,9.69516109,7.524774862,28.12133967,26.70698395,0.029996625,0.979907342,-0.322704915,0.871450789,0.344761708,0.281753075,-0.291168187
AT5G13780,7.897294433,5.007528514,35.97127535,39.75579042,0.177248737,0.751390171,-0.525347227,0.812507089,0.219544466,0.125957212,-0.801579441
AT5G13800,3.836219086,4.585233875,9.919238973,9.647607101,-0.180492559,0.852035232,0.051546787,0.991004798,0.386745303,0.475271622,0.29736849
AT5G13810,6.026465186,7.007465351,20.53169675,33.16447457,0.889756949,0.082592729,0.229321134,0.957926244,0.293520076,0.211294327,-0.474205146
AT5G13850,6.335828046,7.479045079,30.07989426,23.99702749,0.018818146,0.988352156,0.451109295,0.906973926,0.210633322,0.311665479,0.565264683
AT5G13930,35.30613854,19.11332111,97.61996375,54.75939517,-0.698224408,4.51304E-08,-0.65004002,0.123129839,0.361669245,0.349041859,-0.051270856
AT5G13950,4.794814725,3.443114091,13.52907323,7.136507102,-0.724615431,0.008485252,-0.322924269,0.906973926,0.354408217,0.482464887,0.445011894
AT5G13980,4.55197344,4.87471059,9.037387555,10.10469169,0.23375129,0.806782691,0.096099674,0.982744851,0.503682443,0.482420517,-0.062223178
AT5G14030,9.371132575,4.982537765,58.64453043,43.20385895,-0.30373593,0.407254131,0.049891207,0.992589008,0.159795509,0.115326221,-0.470506299
AT5G14040,29.08908435,20.76673619,77.15506553,70.32352062,-0.149270784,0.858783522,-0.571377717,0.339897177,0.377021057,0.295302852,-0.352449812
AT5G14060,10.88124781,9.635161248,30.76051046,31.55564539,0.096852935,0.831427114,-0.032086002,0.992589008,0.353740808,0.305338748,-0.212281978
AT5G14120,67.29883204,62.00002381,132.5261979,114.8030185,-0.141274952,0.51643414,0.026223307,0.987703677,0.507815308,0.540055694,0.088804309
AT5G14210,2.627276349,2.972769505,5.510054151,4.575168801,-0.331257213,0.664968336,-0.011159397,0.997778221,0.476814978,0.64976171,0.446481174
AT5G14240,3.746405753,3.218830761,11.90996823,10.36363406,0.591532914,0.592434158,-0.758360985,0.69286726,0.314560516,0.310589002,-0.018330849
AT5G14260,13.02566422,14.46118066,37.93865571,42.08565472,0.260363121,0.352689396,0.272846795,0.879698359,0.343334891,0.343613061,0.001168401
AT5G14270,1.935898847,1.962427486,1.766133308,3.536570716,0.776863279,0.425792931,0.245273274,0.963685245,1.096122721,0.554895588,-0.982121093
AT5G14320,94.32161422,48.46786959,235.3727597,280.1189523,0.162818808,0.278012998,-0.772248704,0.069729532,0.400732924,0.173026028,-1.211651972
AT5G14430,4.547975102,4.16223998,20.27778691,16.52988683,-0.202631337,0.707841938,-0.044776016,0.992589008,0.224283603,0.251800876,0.166959152
AT5G14440,4.637530285,1.909215693,6.111141009,5.81708507,0.042312223,0.989467505,-1.025050591,0.565100576,0.758864879,0.328208316,-1.209231236
AT5G14460,2.847120129,3.107956323,7.813765543,7.887303513,0.301471778,0.682187296,0.203397853,0.9676473,0.364372352,0.394045483,0.11294867
AT5G14520,4.256500901,2.419903509,6.629097852,5.872875278,-0.174373688,0.874760581,-0.575061654,0.788164831,0.642093539,0.412047489,-0.639972865
AT5G14540,3.049531621,3.032510651,11.20114347,9.794040011,-0.198750198,0.918292389,0.040094825,0.993887951,0.272251813,0.309628166,0.18559506
AT5G14570,3.846532867,3.114892633,13.93680421,9.417517382,-0.461932661,0.614121152,-0.406912306,0.913758882,0.275998199,0.330755177,0.261104886
AT5G14590,7.292789297,2.43984853,6.579926878,6.030438898,-0.078495302,0.974621934,-1.439372136,0.060223404,1.108338958,0.404588882,-1.453870581
AT5G14640,4.721965902,3.734186301,10.85749707,7.888466788,-0.534228775,0.361285201,-0.184089569,0.97421589,0.434903723,0.473372887,0.122281018
AT5G14660,6.212146152,4.897501417,23.55109852,28.49023288,0.106200083,0.887468187,-0.147186021,0.979467805,0.263773095,0.171901066,-0.617718922
AT5G14700,1.365546086,15.9010982,1.594068499,58.67056876,4.91819143,9.83369E-79,3.478523901,3.92785E-19,0.856642037,0.27102342,-1.660274949
AT5G14720,8.65835079,7.947312447,18.44717234,16.6093371,-0.154766596,0.744442434,0.106934348,0.972259272,0.46935924,0.478484626,0.027780009
AT5G14730,1.401887338,1.662484139,3.164732883,8.957424665,1.362285718,0.124178204,0.08687868,0.991004798,0.442971774,0.185598451,-1.255030105
AT5G14740,445.2347724,354.0153532,876.5703851,912.6837427,0.086389745,0.361850887,-0.208913065,0.494499133,0.507928148,0.387883926,-0.388999436
AT5G14780,14.50336273,11.96413277,54.76271767,59.87353862,0.096058452,0.834119354,-0.20450354,0.936661917,0.264840084,0.199823378,-0.406396109
AT5G14790,1.482976087,1.595689052,6.683002534,5.337296649,0.202227794,0.92410538,-0.206361853,0.97690286,0.221902667,0.298969527,0.430071432
AT5G14880,4.341829033,3.571404201,5.632546979,5.180126895,0.065997304,0.981964984,-0.305650248,0.922062997,0.770846484,0.689443381,-0.161011493
AT5G14910,12.97958525,16.90157997,113.5007213,95.45014994,-0.145562672,0.74771509,0.551692329,0.761426269,0.114356853,0.177072325,0.630795929
AT5G14920,1.849583683,2.611601222,8.841611108,8.498065215,-0.104704317,0.970907841,0.223135732,0.97447605,0.209190798,0.307317155,0.554908911
AT5G14930,6.6042619,5.97396755,6.957674198,34.70162041,2.104602438,2.43389E-06,0.242929584,0.961714288,0.949205397,0.172152409,-2.463033934
AT5G14950,3.228464988,2.12309984,5.221907027,5.17703687,0.16393851,0.85287545,-0.340538645,0.906326092,0.618254016,0.410099424,-0.592225986
AT5G14970,14.39964327,13.34654953,46.0194267,45.38889311,0.121347397,0.910440499,-0.03649218,0.991579971,0.312903578,0.294048799,-0.089662555
AT5G15020,4.942280662,5.492666812,5.187966321,3.650992563,-0.378769679,0.641192267,0.24488989,0.901612329,0.952643166,1.504431115,0.659210223
AT5G15090,20.17370203,21.09091501,65.06105573,49.78588327,-0.341221967,0.565568719,0.037352347,0.99143278,0.310073389,0.423632436,0.450203339
AT5G15200,55.16295593,34.97405261,328.7774825,328.1650723,-0.075567215,0.874111818,0.009156419,0.996883172,0.167782038,0.106574573,-0.65472499
AT5G15320,10.33025112,7.177152378,57.41213611,84.3651043,-0.007943019,0.996480911,0.496927453,0.826572537,0.179931489,0.085072524,-1.080682519
AT5G15350,25.38100097,18.82597906,79.37382499,33.32947994,-0.679779248,0.199273529,-0.06359835,0.987703677,0.319765376,0.564844669,0.820840452
AT5G15400,4.271203255,4.630696661,6.063765637,4.06339013,-0.484746941,0.451401745,0.183268856,0.953728363,0.704381322,1.139614094,0.69411681
AT5G15410,18.50405845,7.928592544,49.70743221,17.53930747,-1.436980611,3.88202E-17,-1.106396933,0.00061213,0.372259391,0.45204707,0.280164757
AT5G15450,28.3454941,25.93749368,33.85608756,24.1883777,-0.419075689,0.019925653,-0.014008809,0.993885949,0.837234782,1.072312249,0.357020914
AT5G15470,2.290702073,1.765508185,3.853422683,2.002708765,-0.395708566,0.811178749,-0.232486267,0.970346925,0.594459072,0.881560123,0.56848148
AT5G15490,6.906641203,4.961564693,9.796244908,16.64081894,0.730023716,0.036853556,-0.300471515,0.917987537,0.705029454,0.298156281,-1.2416148
AT5G15540,1.598520754,1.966699201,2.163987298,3.177977733,0.617377059,0.173453462,0.291274062,0.928927481,0.7386923,0.618852417,-0.25537814
AT5G15610,2.572903075,2.345915467,8.626311214,10.65359772,0.415816789,0.543453589,0.16013511,0.978293689,0.29826226,0.220199366,-0.437771122
AT5G15640,3.418535431,4.123670458,7.18082358,6.54657742,-0.084243831,0.956863766,0.282664897,0.953728363,0.476064534,0.62989715,0.403959129
AT5G15650,35.70187124,44.08141058,182.4194919,269.2247446,0.538179453,0.005784495,0.35231872,0.389504549,0.195713029,0.163734618,-0.257380424
AT5G15680,2.401497021,2.910741156,3.306370262,3.70677455,0.110568895,0.935926433,0.389607567,0.828547374,0.726324286,0.78524904,0.112536453
AT5G15730,2.190147093,5.744539519,9.668285133,13.0287766,0.692568038,0.338331372,1.102115917,0.332731964,0.226529013,0.44091166,0.960793789
AT5G15780,13.86526636,12.5193355,22.30765109,22.5359526,-0.007359771,0.996823316,-0.047161669,0.989950827,0.621547571,0.555527238,-0.162007166
AT5G15850,17.60736695,3.508581157,35.71596461,11.20670681,-1.379985222,0.019436398,-1.829987865,9.62605E-05,0.4929831,0.313078696,-0.655012848
AT5G15870,3.755981839,27.10532856,9.052120906,65.59688271,2.823726646,8.80663E-27,2.762403246,3.16375E-19,0.414928377,0.41321062,-0.005984995
AT5G15950,12.76868969,5.174546127,22.75209114,19.47771558,-0.082632406,0.961948553,-1.01980901,0.170118111,0.5612095,0.265664939,-1.078931587
AT5G15970,39.59885271,12.51104531,247.281607,234.166747,-0.333613184,0.022275791,-0.485234644,0.583853338,0.160136668,0.053427933,-1.583637583
AT5G16010,20.0387985,19.70672318,71.48090977,56.8634629,-0.182839148,0.797843089,0.051569697,0.988742131,0.280337765,0.346562136,0.305947933
AT5G16030,8.592864418,9.675269316,49.87721587,35.0559103,-0.27909188,0.413418596,0.264770804,0.890513824,0.172280354,0.275995381,0.679885927
AT5G16050,5.33068781,11.37236459,29.2166628,26.94986985,-0.177314786,0.836004868,0.771327434,0.587220481,0.182453686,0.421982171,1.209651753
AT5G16070,3.641676467,2.30408794,5.023626526,8.931071866,0.904405602,0.233729313,-0.298640884,0.938037002,0.724909873,0.257985601,-1.490511093
AT5G16110,10.66322718,16.10600614,60.51110997,69.35007157,0.49264624,0.002344883,0.390527703,0.873896222,0.176219329,0.232242098,0.398257336
AT5G16120,10.71463317,6.016888623,17.28023707,11.35837889,-0.27577009,0.835335576,-0.839528117,0.546757914,0.620051283,0.529731283,-0.227126834
AT5G16130,17.10332348,11.69977602,88.24456707,76.21714128,0.098230979,0.938697461,-0.352328875,0.878842945,0.193817297,0.153505836,-0.336403821
AT5G16150,21.23588971,18.95818048,46.77561773,54.68769658,0.351864443,0.027604324,-0.0011637,0.999363834,0.453994853,0.346662626,-0.389143638
AT5G16180,1.41948988,1.389425486,2.674980989,2.768999651,0.207660845,0.917477985,-0.008700288,0.998844586,0.530654194,0.501778859,-0.080720331
AT5G16210,2.567237111,2.740513481,4.706383908,7.145105397,0.562713855,0.277328838,0.094555646,0.987121396,0.545479749,0.383551162,-0.508106602
AT5G16220,4.374340183,3.765806654,11.14464889,10.04616668,-0.027774873,0.989721267,-0.054315951,0.991579971,0.392505877,0.374850107,-0.06640044
AT5G16270,6.800609718,8.237390753,5.477674908,8.905348074,0.669704939,0.255232327,0.322173769,0.831990072,1.241513933,0.924993687,-0.424585027
AT5G16280,2.148790008,3.5823354,3.233706472,3.788298215,0.203427135,0.884981249,0.589788029,0.646580127,0.664497544,0.945631837,0.509014741
AT5G16300,4.09968783,3.932744854,6.153126515,4.051702327,-0.254224204,0.808203855,-0.028528964,0.993889967,0.666277188,0.970640125,0.542814002
AT5G16370,8.580877102,7.02524228,35.31430503,15.92927624,-1.044385923,1.92894E-07,-0.77147578,0.128412786,0.242985869,0.441027086,0.859994846
AT5G16390,24.93361919,15.09136412,91.34160618,91.5640547,0.044206559,0.96236087,-0.343119797,0.815840353,0.272971105,0.16481756,-0.727878283
AT5G16400,19.18567616,16.64894089,66.6624458,53.75894732,-0.078223193,0.916036097,-0.074259667,0.987703677,0.287803364,0.309696185,0.105770155
AT5G16440,3.436518297,2.845417975,11.76321719,18.03390651,0.418139161,0.762373124,-0.174670926,0.981023779,0.292141022,0.157781564,-0.888736312
AT5G16470,13.7216638,17.002639,92.86374113,97.49952988,-0.113304227,0.879571939,-0.226847434,0.957770699,0.147761264,0.174386882,0.239023403
AT5G16540,2.256407429,2.516864782,8.59627589,6.319733592,-0.313037906,0.894614339,0.163403213,0.982744851,0.262486623,0.398254886,0.601448161
AT5G16590,7.976399865,7.895565899,10.81580892,7.014573514,-0.418826307,0.740927811,0.091292466,0.982876393,0.737476034,1.125594576,0.61001921
AT5G16620,9.211675774,6.76184919,22.03563437,19.51030156,-0.051011612,0.964219283,-0.506504291,0.742144263,0.418035425,0.346578405,-0.27044344
AT5G16650,4.287798322,4.983754851,24.16789437,8.867868927,-0.6232383,0.238081896,-0.266591206,0.964068412,0.177417124,0.562001411,1.663428487
AT5G16660,7.72821153,4.378402251,42.09240326,25.05736104,-0.436923492,0.404164084,0.653122586,0.75838555,0.1836011,0.17473517,-0.07140468
AT5G16680,3.609784874,3.881396492,3.144397471,4.188376396,0.588712092,0.17008709,0.190261925,0.949613625,1.148005272,0.926706706,-0.308944551
AT5G16710,17.92282328,13.77975947,65.9053968,49.62600997,-0.172375627,0.770110016,-0.707993536,0.37268925,0.271947733,0.277672121,0.030052935
AT5G16715,3.869299238,4.339061586,8.220040455,9.111577204,0.375833248,0.450252337,0.302180785,0.906973926,0.470715352,0.476214105,0.016755446
AT5G16730,2.411620852,2.304177475,4.868064784,3.448092557,-0.046259343,0.987419888,0.127824833,0.982744851,0.495396212,0.668246991,0.4317986
AT5G16760,4.431880124,3.467534274,14.7938903,10.48444427,-0.682552379,0.363372185,-0.310019158,0.940145924,0.29957503,0.330731337,0.142742374
AT5G16780,1.501136217,2.478592833,4.104747367,2.2444807,-0.629046317,0.329486018,0.713454759,0.737099472,0.365707334,1.104305701,1.594378138
AT5G16830,10.74840939,13.807603,36.05378615,44.21879262,0.377253812,0.596107883,0.369547346,0.878702586,0.298121516,0.312256445,0.066830849
AT5G16880,8.058682499,6.018213771,27.0768928,26.29382841,0.09564305,0.88951426,-0.214420901,0.953728363,0.29762213,0.228883131,-0.378870664
AT5G16910,15.71229533,25.37706481,28.33850801,59.87148268,1.199134434,2.26359E-23,0.710610281,0.00033314,0.554450337,0.423858967,-0.387473934
AT5G16970,2.339564515,2.493758394,6.163390835,2.193432285,-1.283456946,0.014336932,-0.239186431,0.959658209,0.379590485,1.13692062,1.582615795
AT5G17020,4.986384222,8.143773264,6.917189553,8.320741805,0.1668742,0.787177807,0.771436225,0.150412875,0.720868524,0.978731639,0.441177181
AT5G17170,23.26138316,13.96648471,87.29959026,72.43478408,-0.145259843,0.901073188,-0.185892228,0.938029777,0.266454666,0.192814611,-0.466675718
AT5G17190,8.251994051,10.3422463,36.58415519,32.93435279,-0.300520311,0.727336641,0.514011597,0.873896222,0.225561968,0.314026098,0.477360626
AT5G17230,58.50186591,60.98222202,132.968912,129.174044,0.049914536,0.894149119,0.141591824,0.899651201,0.439966493,0.472093465,0.101678857
AT5G17280,6.575641703,4.075823346,42.03161197,18.43316749,-1.138690534,0.039127401,-0.625979184,0.86876,0.156445147,0.221113563,0.49913062
AT5G17350,10.84124482,10.56864488,25.00329947,54.73147738,1.278371466,0.000353295,0.68388065,0.631101839,0.433592568,0.193099938,-1.166992329
AT5G17380,8.645446042,5.364880872,12.67861755,6.72622752,-0.783780094,0.047458255,-0.732592441,0.532224008,0.681891855,0.797606215,0.226133698
AT5G17530,1.764292645,2.358474428,4.30713076,2.41880295,-0.545430344,0.693617677,0.32546135,0.952264185,0.409621333,0.975058521,1.251197955
AT5G17560,11.78600647,11.30625664,50.50393591,35.83955601,-0.123647789,0.90200603,-0.128990522,0.983876931,0.233368078,0.315468658,0.434889447
AT5G17630,6.163989288,8.330922004,13.93644982,9.113213709,-0.209651227,0.95081308,0.371704578,0.876460377,0.442292648,0.914158525,1.047443107
AT5G17670,3.644017785,4.091441631,24.9023265,19.57952399,-0.29976086,0.659944737,0.164055456,0.980883909,0.146332423,0.208965327,0.514014111
AT5G17710,4.588421358,3.63636703,29.18655014,25.84817514,-0.083742167,0.931860502,-0.554630768,0.814690997,0.157210131,0.14068177,-0.160258795
AT5G17770,5.925245612,8.101129189,31.30629032,19.67609298,-0.81072548,0.038899699,0.216285004,0.954670522,0.189266935,0.411724482,1.121256843
AT5G17790,1.859053593,1.799530489,3.627049128,4.07932275,0.206237252,0.884964831,-0.002460807,0.999363834,0.512552637,0.441134619,-0.216481185
AT5G17850,5.891898037,3.627327703,4.835007252,3.956874411,-0.159826508,0.920588354,-0.621238416,0.789654453,1.218591355,0.916715399,-0.410668598
AT5G17860,3.190972112,2.241158711,7.331785655,5.358171526,-0.349077829,0.647249875,-0.491162097,0.893940027,0.435224414,0.418269311,-0.057327337
AT5G17870,38.56506915,33.65274243,348.8366709,383.0722745,0.225000748,0.428415612,-0.33204664,0.846162176,0.110553369,0.08784959,-0.331635523
AT5G17890,2.392051426,1.514419037,4.181861683,3.324792786,-0.138227781,0.915784563,-0.466501683,0.813033124,0.572006347,0.455492758,-0.328603039
AT5G17910,2.380463745,2.757484661,2.735906519,3.222026859,0.243096862,0.843780853,0.001578813,0.999363834,0.870082266,0.85582299,-0.023839379
AT5G17920,201.1387174,151.0009795,353.8271219,324.3361692,-0.028745316,0.928748446,-0.377180427,0.009032201,0.568466081,0.46556935,-0.288078186
AT5G17990,4.424125065,5.615308759,13.84856094,16.26843628,0.273932105,0.696994361,0.50697185,0.804102054,0.319464606,0.345165857,0.111633664
AT5G18110,5.405908876,5.469340658,23.24473568,29.45180501,0.173178148,0.851029372,-0.163966534,0.977375972,0.232564868,0.185704769,-0.324622305
AT5G18150,4.587902178,14.05720674,28.79063345,123.1147122,2.144403041,3.41061E-09,1.347179536,0.313933968,0.159353985,0.114179747,-0.480928325
AT5G18170,11.77498021,8.815909138,37.91206735,26.71531273,-0.335801573,0.610267057,0.188700337,0.936826375,0.310586603,0.329994608,0.087446848
AT5G18190,3.498779524,4.829898663,6.159441648,5.686669819,-0.070045301,0.966101551,0.265448119,0.922062997,0.568035177,0.849336926,0.5803567
AT5G18230,5.715674233,6.353237683,11.85182834,10.93445791,-0.100876848,0.902041989,0.140109243,0.964811001,0.48226097,0.581029049,0.268796239
AT5G18280,3.601574465,2.950489425,9.426288793,6.946987953,-0.307338591,0.669472127,-0.031983212,0.996057284,0.382077671,0.424714919,0.152628841
AT5G18310,9.78503097,4.078377304,23.13714205,25.28085022,0.390079696,0.723359468,-0.430088635,0.921874278,0.422914418,0.161322791,-1.39041548
AT5G18400,12.29277256,16.99560106,30.77919011,69.56183599,1.129910801,1.03399E-05,0.560224701,0.547586906,0.399385836,0.244323641,-0.708989699
AT5G18410,2.920561534,3.274822331,4.801040368,4.192211427,0.079484504,0.960313888,0.264137153,0.937980091,0.608318471,0.781168218,0.360806445
AT5G18420,2.780102284,1.442909986,4.306787229,5.33562804,0.304070463,0.871619701,-0.631006948,0.846328658,0.645516515,0.270429268,-1.255202705
AT5G18470,2.620034017,4.222198332,4.118982209,8.414913882,0.921321751,0.255959427,0.507844954,0.901176514,0.636087724,0.501751817,-0.342251806
AT5G18480,4.860465256,9.266643006,13.97475011,23.99120723,0.814374612,0.043159848,0.836439862,0.323817193,0.347803375,0.386251635,0.151269105
AT5G18490,8.586675931,17.76242129,13.02372954,28.99499903,1.162053209,0.000150974,0.903926145,0.095158304,0.659310062,0.612602928,-0.106004837
AT5G18500,5.384084283,5.516209934,11.99668048,8.112326533,-0.417077944,0.333537763,0.250252595,0.939534869,0.44879784,0.679978784,0.599424003
AT5G18520,10.40968145,13.02755068,22.68800984,21.07770235,0.093959715,0.935760083,0.349428759,0.871450789,0.458818624,0.618072618,0.4298524
AT5G18570,6.18137912,3.42486265,7.248723081,3.518453158,-0.948252828,0.207555349,-0.789684731,0.491018381,0.852754209,0.973400098,0.190902949
AT5G18580,5.65137324,5.555881529,10.84874317,14.12098602,0.309307845,0.642052369,0.029194994,0.994137552,0.520924235,0.393448554,-0.404898552
AT5G18600,29.41202674,18.51385317,208.0860803,280.5003083,0.411404621,0.009258813,0.263210497,0.856795714,0.141345479,0.066002969,-1.098622912
AT5G18610,3.098220122,3.956869947,7.211693699,12.10179472,0.785026431,0.107844906,0.300688272,0.935505558,0.429610609,0.326965548,-0.393890991
AT5G18630,5.318873157,6.662141977,11.33069204,20.01338159,0.528829586,0.279836367,0.148841089,0.971959027,0.469421739,0.332884373,-0.495863509
AT5G18660,11.09968096,11.74123572,25.50014225,16.98603395,-0.256001818,0.7346132,0.105895784,0.977375972,0.435279178,0.691228791,0.667222302
AT5G18670,27.29362446,21.46839627,62.97824914,38.05549038,-0.622296647,0.034765282,-0.283314185,0.731062115,0.43338176,0.564134007,0.380399472
AT5G18800,6.537363462,6.388146986,34.55142153,23.03244948,-0.537965423,0.470390591,0.470699684,0.916442123,0.189206787,0.277354217,0.551765818
AT5G19000,7.398320835,4.514859126,16.0741383,5.218657517,-0.564143258,0.153079463,-0.469498233,0.808039381,0.46026236,0.865138038,0.910473876
AT5G19010,6.89595048,7.294893287,11.84079568,16.20696365,0.387269369,0.298674495,0.184558984,0.948709768,0.582389112,0.450108573,-0.37171034
AT5G19050,1.785853045,1.370207327,4.796532973,3.480740998,-0.388639903,0.849659285,-0.1691814,0.984337283,0.372321645,0.393653917,0.080378344
AT5G19120,55.26993241,37.30883929,137.7493853,105.1743217,-0.33152799,0.017094925,-0.478497125,0.181930605,0.40123542,0.354733348,-0.177714004
AT5G19140,59.08346075,63.15443347,261.0100717,285.0073451,0.110109007,0.615056306,0.628531929,0.012429029,0.226364678,0.221588793,-0.03076394
AT5G19190,6.066040904,12.19162117,24.69834137,27.41322811,0.233891877,0.806782691,0.879624564,0.576518967,0.245605193,0.444734969,0.856604782
AT5G19220,40.57481592,39.48663152,100.8393454,105.4420773,0.132559436,0.517664308,-0.00038422,0.999983173,0.402370878,0.374486472,-0.103612287
AT5G19230,11.12093079,47.75557665,36.90718838,116.3661283,1.738082137,1.86966E-34,2.048714302,8.59152E-13,0.301321539,0.410390698,0.445694231
AT5G19240,95.46259733,138.2569372,347.897552,506.783627,0.646565218,4.19457E-05,0.606392571,0.014629119,0.274398589,0.272812557,-0.008363011
AT5G19250,38.11821438,38.91965349,187.0634138,192.6265098,0.2095332,0.4495234,0.203657525,0.909347084,0.203771617,0.202047234,-0.012260516
AT5G19260,2.019732848,2.507827439,6.298783923,7.924113763,0.295751933,0.838088436,0.070171215,0.992589008,0.320654411,0.316480494,-0.018902669
AT5G19290,6.937603911,3.32185069,13.25532229,11.11011297,-0.10996627,0.934252635,-0.821790267,0.507825036,0.523382514,0.298993422,-0.807751984
AT5G19330,3.539333432,3.354564549,10.44508748,10.39991382,0.156829132,0.87696402,0.01433966,0.996968648,0.338851488,0.322556956,-0.071099175
AT5G19370,9.564858495,7.654344606,37.57918194,30.97790919,-0.18951385,0.74214498,-0.250225501,0.950467107,0.254525458,0.24709042,-0.042770885
AT5G19390,4.758407671,5.515455846,10.02347182,10.31431749,0.108474133,0.928885241,0.032859879,0.993235243,0.474726498,0.534737839,0.171735189
AT5G19400,7.477181604,9.64112356,11.14834037,12.51709793,-0.049189081,0.963413635,0.243317969,0.889140862,0.670699077,0.770236329,0.199635553
AT5G19430,3.824786933,2.008451419,5.042409401,7.093780808,0.792608092,0.351057002,-0.642289499,0.859996219,0.75852368,0.283128486,-1.421737312
AT5G19440,2.760382088,1.599270164,6.946821114,3.089302423,-0.647899646,0.590182277,-0.566510735,0.892181608,0.397359028,0.517680028,0.381617536
AT5G19485,1.421352152,1.30032327,3.784261229,2.379057617,-0.692183402,0.521729001,-0.020402483,0.996968648,0.375595675,0.546570735,0.541227764
AT5G19510,22.48778495,17.20490987,141.2039755,157.5951864,0.227233769,0.450839156,-0.021520995,0.994887233,0.159257449,0.109171544,-0.544763989
AT5G19530,1.279049918,2.423554725,3.823290743,3.176484605,-0.503971358,0.739822045,0.856689398,0.731176934,0.33454163,0.762967565,1.189435976
AT5G19540,8.600855084,6.303748731,21.60682675,20.75165201,-0.022617967,0.985277812,-0.310907982,0.908589705,0.398061927,0.303770935,-0.390009051
AT5G19550,5.704032984,4.654779458,18.87627245,27.29935849,0.431160073,0.266396778,0.123925725,0.981413902,0.302180052,0.170508749,-0.825562659
AT5G19590,13.22166116,5.94660652,52.95154078,30.63220309,-0.748118731,0.184515822,-0.9246994,0.402773541,0.249693606,0.194129247,-0.363141391
AT5G19620,2.600008586,2.408777937,6.033268586,3.419825179,-0.627181229,0.643399275,-0.189122328,0.971959027,0.430945274,0.704357039,0.708802244
AT5G19690,6.087974722,6.094930019,8.82888617,3.79546186,-0.892169259,0.065105994,-0.093181934,0.981413902,0.689551842,1.60584673,1.219603276
AT5G19760,36.79066728,36.38323763,111.5947486,104.1316327,-0.038255486,0.943262951,0.061845087,0.982744851,0.329680991,0.349396593,0.083794834
AT5G19770,5.655634284,3.251099082,10.7913198,3.624633685,-0.594879021,0.348218802,-0.084806438,0.982744851,0.524091065,0.896945558,0.775202907
AT5G19780,3.731880208,1.927138625,4.828503949,3.725034397,-0.594386051,0.092867187,0.01775547,0.996883172,0.7728854,0.517347874,-0.579119814
AT5G19820,18.55401636,13.43563797,18.43847419,12.98152412,-0.358204592,0.110614356,-0.377839886,0.521257388,1.006266363,1.034981551,0.040592808
AT5G19850,8.490118446,9.578059777,15.14097953,11.28712127,-0.248692738,0.839515142,-0.142957519,0.957926244,0.560737727,0.848583049,0.597729721
AT5G19855,23.84326009,21.31706544,56.77433185,62.25054316,0.089470145,0.913711595,-0.137488487,0.969732935,0.41996549,0.34243983,-0.294420265
AT5G19860,9.030703366,11.7879833,33.67365423,29.26045911,-0.352459383,0.521964282,0.303150643,0.92462256,0.268183052,0.402863922,0.587074542
AT5G19900,3.007619094,1.533621523,6.016366865,4.925540916,-0.586874894,0.363372185,-0.066503554,0.989950827,0.499906199,0.311361036,-0.683069003
AT5G19940,84.8788673,79.57328296,308.0380521,248.5717894,-0.094872338,0.517600533,-0.025023616,0.989422922,0.275546695,0.320121938,0.216324723
AT5G19990,4.687721739,3.70055923,5.847638702,3.884654115,-0.093470579,0.955140301,-0.226307701,0.953640782,0.801643531,0.95260971,0.248924402
AT5G20010,20.67341516,21.51264575,74.02515157,103.5634515,0.405036345,0.062226973,-0.149586042,0.948642345,0.279275553,0.207724303,-0.427019277
AT5G20020,2.421500777,5.447711817,26.5305997,26.5834108,-0.245823093,0.677743846,0.272444051,0.948709768,0.091271996,0.204929001,1.166879985
AT5G20040,1.631326238,1.833365427,4.934487834,3.404497726,-0.011061386,0.996634936,0.291129132,0.958216631,0.330596871,0.538512748,0.703907428
AT5G20050,6.011730026,12.06920984,24.7304184,46.16938066,0.904088727,0.021714835,1.07867718,0.046609923,0.24309051,0.26141156,0.104829368
AT5G20060,5.748374315,2.679765403,21.69482858,11.84510838,-0.692208244,0.069938836,-0.685408992,0.768977036,0.264965187,0.226233929,-0.227987513
AT5G20080,5.490164723,5.613000079,20.99875842,18.25098251,-0.22531911,0.775666911,0.171659726,0.970346925,0.261451873,0.307545091,0.234252542
AT5G20140,6.708505262,6.027655836,18.6589282,9.725817673,-0.628796702,0.281997289,-0.397630827,0.889140862,0.359533259,0.61975826,0.78558036
AT5G20160,7.533294296,5.183959984,36.89152552,20.01225177,-0.659208137,0.610199208,-0.046562194,0.993885949,0.204201214,0.259039315,0.343179631
AT5G20165,2.873522565,6.462146271,14.58802531,13.91396527,0.29688697,0.903785697,0.145028395,0.987703677,0.196978172,0.464435992,1.23744401
AT5G20180,1.949546476,3.324552691,12.85343359,14.18114285,0.397485883,0.768833314,0.185921218,0.98206646,0.151675151,0.234434751,0.628201696
AT5G20190,16.26595341,12.07197276,58.99993633,38.24674513,-0.420070663,0.088675855,-0.423628422,0.789698208,0.275694423,0.31563399,0.195182489
AT5G20200,1.520236279,1.444457518,4.389361922,7.29919256,0.772548539,0.142502924,-0.004609242,0.999274118,0.346345621,0.197892781,-0.807493444
AT5G20230,129.6552793,189.7126597,790.2790979,1533.59919,1.040277016,1.19846E-70,0.723797274,6.40899E-05,0.164062645,0.123704199,-0.407352322
AT5G20250,108.3019837,97.47397144,331.9697311,232.2836533,-0.404471632,9.86722E-06,-0.113275696,0.833378374,0.326240538,0.419633367,0.363193336
AT5G20270,6.274845596,3.463869653,12.41919847,4.24170886,-0.827235101,0.492217209,-0.703960928,0.720465537,0.505253669,0.816621264,0.692659241
AT5G20280,10.59059589,7.393791429,13.22556609,8.51257852,-0.336349041,0.284808199,-0.532561329,0.347301053,0.800766925,0.868572479,0.117263855
AT5G20290,54.37952883,37.13446356,266.741187,221.094521,-0.229003268,0.201969546,-0.221912575,0.82680677,0.203866262,0.167957412,-0.279527582
AT5G20300,2.867126088,2.265578287,5.899922113,2.937451387,-0.865139895,0.130397932,-0.130333452,0.980463961,0.485959989,0.771273457,0.666404926
AT5G20350,5.326677382,10.84050468,14.2641362,33.14480952,1.222422391,0.000374238,0.952668403,0.180023876,0.373431472,0.327064926,-0.191266465
AT5G20480,3.746806584,4.765587781,5.958182345,5.720511386,0.16114177,0.932789145,0.238683424,0.932776132,0.628850607,0.833070238,0.405720813
AT5G20490,6.019691615,6.168880381,4.601530436,6.258831858,0.543744125,0.19443028,0.078213576,0.977375972,1.308193372,0.985628073,-0.408460557
AT5G20500,5.143149904,4.744423461,43.40676888,44.37300233,-0.073021859,0.945896426,0.223050927,0.966582294,0.118487278,0.106921398,-0.148181557
AT5G20610,2.62219237,2.22463092,2.811652141,2.80002441,0.064240055,0.983396337,-0.396410627,0.906973926,0.932616212,0.794504117,-0.231228814
AT5G20630,19.94331631,16.36997033,80.02794714,69.17117191,-0.100287977,0.857784809,-0.164929392,0.964811001,0.249204397,0.236658855,-0.074520621
AT5G20650,13.35224845,8.824310347,42.51427673,45.18059984,0.133524719,0.94925199,-0.463238641,0.899651201,0.31406505,0.195311934,-0.6852833
AT5G20700,16.88942385,11.89486134,71.99960005,54.92904859,-0.29522642,0.541828898,-0.31337472,0.901612329,0.234576634,0.216549561,-0.115362072
AT5G20720,55.31264745,37.15729057,189.7692341,122.8607218,-0.561710481,0.505848473,-0.427101269,0.491893733,0.291473208,0.302434253,0.053258264
AT5G20730,4.192289452,4.003150655,5.210790187,3.123955574,-0.489736603,0.333905774,-0.036764943,0.992536659,0.80454006,1.281436487,0.671525811
AT5G20830,2.842421542,3.668971533,7.969614843,10.05386124,0.305544084,0.598132091,0.28791339,0.93175614,0.356657329,0.364931587,0.033087409
AT5G20840,5.773101024,4.57019834,6.569414074,3.860905223,0.028320673,0.981376755,-0.315258065,0.864081627,0.878784768,1.183711611,0.429735869
AT5G20890,6.384849962,4.767563522,17.60082762,19.34075813,0.082660326,0.924323233,-0.342261586,0.901612329,0.362758508,0.246503446,-0.557401637
AT5G20900,21.89164898,6.208066627,58.50714623,49.17756449,-0.157657198,0.836053725,-0.982327688,0.197386167,0.374170514,0.126237781,-1.56755212
AT5G20920,4.34278991,4.100994495,23.8104893,21.53887253,-0.04908957,0.981281699,-0.367306578,0.913839092,0.18238978,0.190399683,0.062006181
AT5G20950,4.292593229,3.025543838,10.35746887,9.950883975,-0.125415042,0.905437541,-0.135861701,0.978293689,0.414444232,0.304047745,-0.446880092
AT5G20990,3.504836978,3.31402423,7.823614962,9.58320886,0.262227537,0.751891252,-0.101710363,0.987459256,0.447981783,0.345815716,-0.373436632
AT5G21040,3.573982122,2.351895262,10.77921416,6.130818828,-0.768472609,0.306576961,-0.533395819,0.836533171,0.331562401,0.383618458,0.210391723
AT5G21060,5.017965984,2.83024348,12.31556009,9.143152231,-0.271674744,0.843780853,-0.655195867,0.761143727,0.407449271,0.30954789,-0.396457826
AT5G21090,33.25434376,57.01255301,142.315884,211.1731346,0.620239111,1.13123E-07,0.830638922,0.012489862,0.233665722,0.269980143,0.20840719
AT5G21100,2.565675343,2.259174143,5.545874359,7.452630184,0.37485218,0.648657599,-0.312886412,0.943661442,0.462627744,0.30313783,-0.609877883
AT5G21105,4.109692923,4.544846919,12.78128695,16.84412538,0.326689446,0.757363572,0.164375085,0.970346925,0.321539837,0.269817923,-0.253011308
AT5G21160,5.892970762,4.851394189,11.63653989,11.34444154,-0.05053456,0.97533758,-0.293895417,0.875877317,0.506419504,0.427645043,-0.243919153
AT5G21170,18.11431436,13.0702973,62.42548679,71.61364799,0.192043395,0.771362638,-0.557837661,0.563828357,0.29017498,0.182511262,-0.668937635
AT5G21222,2.428544036,2.378470153,4.960002383,4.38822736,-0.199015444,0.906742238,-0.0171642,0.996883172,0.489625579,0.542011605,0.146644813
AT5G21274,6.92611424,7.722255871,25.65371277,12.27707349,-0.565224192,0.263920187,-0.213518952,0.970346925,0.269984867,0.628998098,1.220177107
AT5G21326,5.951732676,4.121007904,8.174276814,12.76941456,0.80118291,0.010471949,-0.127425538,0.9805112,0.728105105,0.32272489,-1.173841876
AT5G21430,19.24590948,16.21051883,73.94361848,55.12378075,-0.317264082,0.700851044,-0.124755778,0.973429971,0.260278167,0.294074873,0.176129222
AT5G21482,3.066205479,2.917293413,7.021873995,4.918698828,-0.291530225,0.781606232,-0.100853149,0.987703677,0.436664839,0.593102671,0.441755501
AT5G21920,23.89099033,20.62969907,111.0947459,95.86358699,-0.151025799,0.559876274,-0.117819775,0.971959027,0.215050587,0.215198489,0.000991878
AT5G21930,12.34146913,11.91361646,28.24987347,23.59881166,-0.155859478,0.568533941,0.011402478,0.996883172,0.436868121,0.504839677,0.208627469
AT5G21940,50.38833129,40.66720578,255.0868556,235.3849478,0.017844027,0.961547121,-0.04946322,0.984477763,0.197534017,0.172768931,-0.193257318
AT5G21990,7.958968938,5.761235101,17.45413176,22.27165678,0.302677211,0.477239448,-0.268070329,0.920224397,0.455993403,0.258680131,-0.817843705
AT5G22000,6.780097047,10.82458421,41.06273238,55.39087733,0.522123811,0.135937791,0.604329536,0.563080614,0.165115584,0.195421787,0.243115022
AT5G22060,7.823563959,7.725348036,14.71946142,8.573685554,-0.41645456,0.280886483,-0.123671389,0.977375972,0.531511564,0.901053344,0.761511438
AT5G22080,2.615326001,1.592904896,5.355309556,9.974084524,0.40378197,0.770024838,-0.064279513,0.993235243,0.488361312,0.159704371,-1.612545114
AT5G22090,16.93103859,18.27102917,60.39392907,51.15268523,-0.20145364,0.378786657,-0.02140611,0.993889967,0.280343386,0.35718612,0.349480984
AT5G22250,8.859063278,19.17559994,18.45603214,56.54974627,1.773753602,1.22069E-13,1.157363634,0.091016066,0.480009095,0.33909259,-0.501382482
AT5G22340,6.40021367,3.550829464,34.13108639,23.88067306,-0.400984724,0.696192733,-0.765377274,0.64050134,0.187518604,0.14869051,-0.334721159
AT5G22380,3.920635461,18.13911309,12.08632546,99.40203677,2.866273156,2.12753E-18,2.056275564,0.000121919,0.324386057,0.182482308,-0.829955212
AT5G22440,5.879737919,6.378500706,38.55070967,25.67960739,-0.127186487,0.926343682,-0.761642397,0.69286726,0.152519577,0.248387781,0.703599775
AT5G22450,4.245290169,6.830159693,6.839062858,11.40450146,0.809142178,0.004385927,0.632008172,0.361873458,0.620741505,0.59890033,-0.051676684
AT5G22510,8.202299504,9.730634587,23.98556831,20.18112799,-0.238338336,0.494506669,0.382983939,0.771515916,0.341968112,0.48216505,0.495665279
AT5G22580,11.87960394,4.817932395,42.82992499,35.69612398,0.021593066,0.993625042,0.134464866,0.977375972,0.27736691,0.134970744,-1.039148962
AT5G22620,4.623969796,4.077801769,12.08140586,15.4154388,0.436995003,0.306984994,-0.030867863,0.996628465,0.382734414,0.264527129,-0.53292794
AT5G22630,5.929763709,16.95679109,23.42572241,73.78264433,1.677292308,5.2348E-22,1.518909183,0.000474901,0.253130452,0.229820864,-0.139371299
AT5G22640,7.221522476,7.20152196,14.86966961,12.11833327,-0.142078025,0.92509632,0.009632394,0.997319169,0.485654535,0.594266703,0.291180116
AT5G22650,6.02010624,2.929598574,20.13728057,20.49277602,0.145278853,0.857184791,-0.335247546,0.927958111,0.298953288,0.142957624,-1.064332514
AT5G22690,4.925121784,16.72435678,9.116415581,39.25955905,2.155173737,2.12949E-20,1.657475562,7.26256E-11,0.540247616,0.425994514,-0.342785949
AT5G22800,9.505053903,10.41114613,12.57051533,13.16275601,0.202741825,0.691481635,0.121226768,0.957926244,0.756138762,0.790954882,0.064944389
AT5G22830,4.595487596,4.387465767,9.829811579,5.252953619,-0.864149633,0.10377284,0.233129304,0.957926244,0.467505156,0.835237865,0.837204841
AT5G22920,31.85752555,24.86522644,136.7203744,105.7590397,-0.287850224,0.384864346,-0.130079683,0.953728363,0.233012276,0.235112067,0.012942627
AT5G22950,4.268318614,2.201813938,8.864161447,8.235497766,-0.123858258,0.967018989,-0.458681106,0.920224397,0.481525369,0.26735651,-0.848847005
AT5G23010,8.065205892,8.389831429,19.39602495,20.95373754,0.159243483,0.801703443,0.111540241,0.977375972,0.415817463,0.400397849,-0.054516126
AT5G23040,17.68061688,10.31183523,65.26617392,58.53060741,0.008007051,0.99520541,-0.641828373,0.585102859,0.270900159,0.17617851,-0.620723279
AT5G23060,62.54553248,53.18679327,227.8591368,218.0265578,0.041762018,0.915784563,0.086819036,0.957161107,0.274492098,0.243946397,-0.17020044
AT5G23110,2.780374379,3.46685248,2.26061693,2.341908437,0.088480966,0.945793716,0.32408152,0.657364819,1.22991841,1.480353555,0.267379164
AT5G23120,50.42765968,40.27492799,149.1871449,117.7257158,-0.22811405,0.262745068,-0.226540908,0.836533171,0.338016119,0.34210816,0.01736047
AT5G23130,2.512564741,1.653674618,8.367044158,5.789200795,-0.467053181,0.664001164,-0.361563915,0.943207839,0.300292994,0.285648171,-0.072131524
AT5G23150,2.025106615,1.854221502,2.975614333,4.538313242,0.634297189,0.242970601,-0.173840266,0.966506055,0.68056757,0.40857063,-0.736152905
AT5G23210,3.245404625,2.600066817,7.228182417,8.529528185,0.468749993,0.428447021,-0.189161771,0.97447605,0.448993182,0.304831259,-0.558682686
AT5G23350,3.401283407,4.609591968,4.618903806,4.319301626,0.262618966,0.801703443,0.092821263,0.988742131,0.736383252,1.067207703,0.535312264
AT5G23390,1.852851485,1.932183458,1.736290796,4.09954477,0.926004268,0.286280469,0.06770261,0.99102187,1.067132009,0.471316589,-1.178970289
AT5G23440,3.943043971,2.541700813,25.09394318,16.84623944,-0.190549535,0.90589739,-0.287798663,0.964811001,0.157131302,0.150876451,-0.058602968
AT5G23450,7.954885365,10.53273214,19.99032602,13.95323978,-0.34221282,0.339321415,0.407587824,0.692803458,0.39793675,0.754859252,0.923668531
AT5G23510,5.309150644,9.047023431,12.49660327,19.97951523,0.974423655,0.010969127,0.905647122,0.426983813,0.424847499,0.452814962,0.091976556
AT5G23540,3.787988616,3.456343371,20.51910848,25.77959147,0.617445032,0.112737781,0.011974068,0.997851096,0.184607856,0.134072853,-0.461446797
AT5G23610,4.035296328,2.973168363,8.48794261,4.714272639,-0.913121946,0.101933647,0.050730188,0.992735144,0.475415129,0.630673826,0.407706247
AT5G23630,3.6656939,3.356677024,6.136909458,2.794867044,-1.094669212,0.001844335,-0.00986138,0.997324194,0.597319208,1.201014922,1.007680054
AT5G23740,27.1996502,17.8537525,47.0939001,45.19059905,0.150490139,0.892972006,-0.310151251,0.891862226,0.577562065,0.395076695,-0.547843243
AT5G23850,3.194713255,2.164989382,4.176186242,3.864450925,0.026715775,0.992146229,-0.50451622,0.899651201,0.764983425,0.560232081,-0.44940389
AT5G23860,5.158777096,2.80040138,8.031808486,5.200041292,-0.735377439,0.208392062,-0.741733415,0.598051705,0.64229334,0.538534451,-0.254193698
AT5G23890,5.355775351,3.348435113,6.523248411,6.97032668,0.073918612,0.96321555,-0.46483181,0.7528024,0.821028882,0.480384244,-0.773244141
AT5G23900,21.20576853,20.03772362,82.49111034,99.37287005,0.309550362,0.418423686,0.230519078,0.919796702,0.257067318,0.201641792,-0.350351526
AT5G23920,3.728430775,3.245173015,15.54829755,11.07143363,-0.350074567,0.79196615,-0.131954712,0.987703677,0.239796721,0.293112267,0.289641416
AT5G24020,3.007416511,1.602561806,10.96430798,4.228280614,-0.576551206,0.677743846,-0.842502165,0.678006934,0.274291503,0.379010277,0.466527038
AT5G24030,16.79352339,10.51872324,28.57013397,22.8040652,-0.115206394,0.897479719,-0.461279821,0.587220481,0.587799953,0.461265268,-0.349728577
AT5G24120,5.914583449,7.539341505,10.56585002,12.62988887,0.244928763,0.763228352,0.26828059,0.922062997,0.559783022,0.596944405,0.092728847
AT5G24150,3.581339686,2.55053034,7.254243258,6.991611046,-0.079549292,0.967018989,-0.284784041,0.936826375,0.493688943,0.36479866,-0.436501904
AT5G24165,22.34910364,21.36784162,139.8928626,65.17437192,-0.848831051,0.001505812,-0.114076843,0.986063809,0.159758713,0.327856502,1.037169895
AT5G24210,11.980599,12.02947546,46.75521416,55.40963727,0.198471569,0.825947775,0.127537822,0.971959027,0.256240918,0.21710078,-0.239135964
AT5G24300,14.84963675,10.72890714,32.53801069,29.61660648,-0.02438591,0.98189672,-0.503736521,0.553709817,0.456378138,0.36225984,-0.333204805
AT5G24314,10.49165518,10.401662,60.21046317,67.17804541,0.250686576,0.505908894,0.071970239,0.989950827,0.174249701,0.154837223,-0.170403839
AT5G24400,4.863727524,4.474777431,16.31147518,24.26813941,0.695130768,0.369228383,0.098728613,0.987703677,0.298178275,0.184388978,-0.693422723
AT5G24430,6.675556152,10.39996409,15.1249139,21.90875603,0.583467883,0.252055376,0.692430024,0.384603568,0.441361597,0.474694413,0.105037965
AT5G24450,3.492295322,2.426939475,5.095376062,1.861675298,-1.540691695,0.00467491,-0.231602542,0.963798813,0.685385196,1.30363199,0.927549724
AT5G24490,36.95961892,22.30910642,103.3902924,91.10790583,-0.153719339,0.830426619,-0.188684761,0.901612329,0.357476684,0.24486466,-0.545864573
AT5G24500,2.176673019,1.540211414,5.842483212,2.423978251,-0.352774767,0.857206999,-0.295921996,0.963798813,0.372559568,0.63540645,0.770208622
AT5G24520,10.95394842,10.35783386,41.49668039,45.03161046,0.206092466,0.547734233,-0.263511431,0.922018668,0.26397168,0.230012513,-0.198670813
AT5G24530,5.213436995,5.708730713,25.48751414,8.939492114,-1.515206733,4.7304E-08,0.149526272,0.977375972,0.204548665,0.638596761,1.642461114
AT5G24650,6.126788548,3.172434309,20.86147821,9.173523526,-1.106498932,0.08284261,-0.396228079,0.918446523,0.29368909,0.345825058,0.235752738
AT5G24690,18.85794033,14.17129803,43.71976453,45.8026056,0.035236695,0.96321555,-0.255058908,0.878842945,0.431336731,0.309399385,-0.479344245
AT5G24710,9.147805717,6.079151673,13.0204342,9.436013288,-0.260589052,0.354357485,-0.507570087,0.477681352,0.702573016,0.644250012,-0.125027508
AT5G24800,2.763509863,2.400292227,15.38756496,6.620802592,-1.068771969,0.052760847,-0.002556593,0.999363834,0.179593709,0.362537954,1.013395225
AT5G24810,8.502354006,5.995085934,20.597409,23.3383997,0.155473,0.818496515,-0.238717827,0.900701154,0.412787551,0.256876479,-0.684324667
AT5G24850,2.689706424,1.977121945,3.521244444,3.989352823,0.15345168,0.935760083,-0.620559199,0.796396124,0.763851095,0.495599671,-0.624116198
AT5G24930,54.55165745,32.43959215,143.2488473,111.8804829,-0.253217518,0.067058275,-0.589061727,0.030817583,0.380817427,0.289948625,-0.393302206
AT5G25060,2.48734619,2.390420686,4.387660445,5.490743045,0.224817714,0.762714575,0.036529075,0.993885949,0.56689578,0.435354681,-0.380892294
AT5G25100,12.41679614,9.601955786,25.7384604,22.25177896,0.061850699,0.915857683,-0.295637032,0.826931091,0.482421868,0.431514074,-0.160887692
AT5G25250,9.187012886,31.5923347,10.93639329,84.46157826,2.814024817,1.6291E-46,2.218186945,2.11648E-21,0.840040463,0.374043859,-1.167251375
AT5G25265,15.32543669,20.82505364,39.62119116,40.66590648,0.05062083,0.970776026,0.456262857,0.678582244,0.386798989,0.512101056,0.404844508
AT5G25270,3.24681403,2.910610695,13.1064085,10.99240471,-0.081724039,0.94462422,0.080838215,0.988906775,0.247727211,0.2647838,0.096062511
AT5G25280,13.57973791,5.88458013,70.27793363,16.64240024,-1.7356207,4.95635E-16,-1.095371536,0.124243911,0.193229044,0.353589629,0.871764004
AT5G25350,11.55784318,4.439805802,33.00529512,16.87045641,-0.705214333,0.000515821,-0.725529656,0.208038531,0.350181483,0.263170462,-0.412105228
AT5G25440,11.05285701,19.54574067,38.79246477,39.95814069,0.246131595,0.726403463,0.766602196,0.42062461,0.284922783,0.489155409,0.779721911
AT5G25460,26.51730881,20.91459417,57.13289384,57.49051589,0.164516453,0.663516232,-0.191900165,0.918446523,0.464133829,0.363792077,-0.351426733
AT5G25520,3.042098865,3.297020174,4.171644673,3.905955268,0.067340086,0.977276874,-0.14534831,0.973057288,0.729232498,0.844100853,0.211036527
AT5G25540,6.227667082,6.479532784,25.54555258,22.27046865,0.171678687,0.863133365,-0.347551881,0.936826375,0.243786744,0.290947303,0.255138192
AT5G25610,33.93278738,30.87034143,100.1320771,103.170913,0.148771709,0.799661869,0.156894985,0.920224397,0.33888029,0.29921555,-0.179590579
AT5G25630,10.46893265,5.452459984,12.80243345,12.64061406,0.065035709,0.949725534,-0.848995831,0.443944769,0.817729902,0.43134455,-0.922783668
AT5G25760,2.315219655,2.127757308,20.42788468,11.72072007,-0.461228698,0.580630056,-0.594950476,0.884952175,0.113336241,0.181538105,0.679663146
AT5G25930,5.753323081,13.74721482,13.30835079,25.59117746,1.015967937,8.219E-12,1.223076392,4.50758E-05,0.432309245,0.537185709,0.313357236
AT5G25980,106.3324812,122.1745741,232.7856326,237.3416769,0.224825654,0.018154302,0.265227319,0.257881852,0.456782835,0.514762412,0.172398274
AT5G26000,242.8597055,270.8994928,500.403041,434.1512451,-0.075482796,0.674559071,0.208151944,0.183893951,0.485328197,0.62397493,0.362527385
AT5G26030,39.7420202,81.15465098,84.46076951,219.254054,1.379213156,1.14789E-15,1.200745755,1.73292E-15,0.470538221,0.370139797,-0.346241654
AT5G26210,3.075285392,1.775424785,7.136647036,13.65324269,0.490171699,0.514163036,-0.469361716,0.922062997,0.430914598,0.130036858,-1.728481369
AT5G26340,3.772885257,6.031946761,6.720045773,15.53334876,1.303001946,8.71721E-06,0.705728153,0.608941521,0.561437434,0.388322367,-0.531870452
AT5G26360,6.553637711,5.990934034,10.84441219,7.156084811,-0.252618958,0.804649368,-0.022080014,0.996883172,0.604333144,0.837180412,0.47019449
AT5G26710,8.722123262,6.235992432,9.765534051,8.779657345,-0.11627451,0.894017963,-0.426111251,0.731626207,0.89315374,0.710277427,-0.330525893
AT5G26742,33.41524688,23.63483123,69.27962292,50.7337042,-0.321559135,0.018911538,-0.436078764,0.158942738,0.482324318,0.465860548,-0.050105392
AT5G26751,7.71783431,6.762314556,11.09780389,14.27571371,0.088298708,0.943216773,0.202086976,0.957572781,0.695437979,0.473693624,-0.553967605
AT5G26760,2.189340148,2.114988359,2.493185062,2.963305183,0.444332956,0.818496515,-0.761799943,0.705479167,0.878129819,0.713726136,-0.299063634
AT5G26780,2.423510245,3.140093255,6.224739683,5.897051006,-0.000940814,0.999728904,-0.409423761,0.906973926,0.389335196,0.532485348,0.451729057
AT5G26820,8.36515669,6.758990675,24.48443355,17.78672051,-0.401990952,0.192462562,-0.184525782,0.956206514,0.341652041,0.380002074,0.153479546
AT5G26830,6.809553218,7.839847012,11.61496662,6.698514373,-0.673760605,0.171096908,0.251315682,0.913758882,0.586274024,1.170385936,0.997337296
AT5G26850,2.577439365,2.111103095,3.90137624,2.140529927,-0.723843674,0.274275323,-0.235015818,0.956159786,0.660648757,0.986252548,0.578073675
AT5G26910,2.045652897,2.401422542,3.589645126,3.535058597,0.371401675,0.741131983,0.26428058,0.941363014,0.569876081,0.679316191,0.253434999
AT5G26920,7.997564957,26.50155036,24.06965433,85.39198888,1.896728845,3.22409E-35,1.943378217,6.64923E-10,0.332267545,0.310351717,-0.098441255
AT5G27150,3.704284653,3.955491555,11.61349728,10.90671356,0.338549651,0.55495224,0.271744454,0.927958111,0.318963751,0.362665759,0.185248064
AT5G27290,7.879239374,7.020013865,29.97877668,37.44799799,0.365963523,0.226229854,0.146839834,0.971959027,0.262827248,0.187460325,-0.487529565
AT5G27380,5.523069136,7.329975776,16.19226528,16.90822503,0.133987334,0.851052069,0.38665696,0.855487131,0.341093049,0.43351539,0.345917857
AT5G27390,4.939796928,3.207540725,17.44367356,21.82280636,0.311546389,0.594783857,0.025188906,0.996883172,0.283185587,0.146981129,-0.946116895
AT5G27420,10.21224196,65.29825259,19.24515509,236.330228,3.678218394,1.1091E-155,2.619023339,6.92949E-30,0.530639629,0.276300891,-0.941492208
AT5G27430,3.539145425,2.648737631,10.53485781,11.85576459,0.632507458,0.60044524,-1.262569457,0.317708075,0.335946198,0.22341348,-0.588513963
AT5G27470,12.03389341,7.726087223,28.7163,22.49292198,-0.352793413,0.586545528,-0.449692806,0.742778419,0.419061418,0.343489709,-0.286894828
AT5G27520,3.788074768,4.282285211,17.64915083,22.00676894,0.37138348,0.400857502,-0.168235982,0.971959027,0.214632126,0.194589457,-0.141432492
AT5G27540,2.557892849,2.102896618,6.361560983,3.178323179,-1.108109051,0.020092477,-0.400553077,0.906973926,0.402085723,0.661637127,0.718537081
AT5G27560,9.568152352,9.025815236,19.89274955,14.23430256,0.017784097,0.989721267,-0.130131316,0.977375972,0.480986921,0.634089039,0.398687775
AT5G27640,3.656708625,3.456265201,10.12179298,13.07704947,0.178664839,0.738863555,0.017022645,0.996883172,0.361270838,0.264300078,-0.450903949
AT5G27700,14.19552313,7.039417099,109.2011755,88.8570074,0.185195784,0.575382336,-0.464454262,0.833374929,0.129994234,0.079221857,-0.714477212
AT5G27770,3.685166815,7.580427024,36.91661144,25.17253288,-0.293502822,0.594164071,1.197835392,0.34705405,0.099824081,0.301138827,1.592968941
AT5G27830,2.141413482,1.976444052,1.834628526,4.320544451,0.816505983,0.611117368,-0.081599903,0.99102187,1.167219113,0.457452544,-1.35138142
AT5G27840,4.293015245,4.558537521,16.02825338,14.19561738,-0.210756538,0.870727579,0.191999621,0.958516893,0.26784049,0.321122879,0.261751382
AT5G27850,23.11880455,13.64424854,108.9554652,71.65394843,-0.2137995,0.701520018,-0.439528502,0.756031447,0.212185818,0.190418656,-0.156153407
AT5G27920,2.528406841,1.23593446,15.35034641,7.608417546,-0.707497329,0.023562458,-0.516171622,0.889841989,0.164713341,0.162443038,-0.020023498
AT5G27970,1.559151136,1.163066247,2.333096345,3.70742757,0.804872892,0.14404498,-0.083663638,0.987703677,0.668275504,0.313712466,-1.091000132
AT5G28020,5.8100088,5.965005112,9.891249753,10.45337715,0.247444398,0.841630854,0.003138478,0.999363834,0.587388747,0.570629475,-0.041761359
AT5G28050,23.6778137,21.32298991,102.1261828,125.5594875,0.347152119,0.047925687,-0.018060728,0.996883172,0.231848612,0.169823805,-0.449144386
AT5G28060,12.74367624,8.899549137,54.25281436,52.92160993,0.049130212,0.988083363,0.197537721,0.922062997,0.234894289,0.168164747,-0.482136337
AT5G28500,11.85693151,7.349160472,33.49898337,31.52870736,0.023994035,0.989467505,-0.529538201,0.655288289,0.353948996,0.233094252,-0.60262805
AT5G28630,2.497843256,3.933051403,13.55633212,47.7683337,1.688431882,0.002154777,0.497998041,0.906326092,0.18425657,0.082335956,-1.162121571
AT5G28740,4.271822811,3.753514082,4.91506041,1.670040141,-1.19507439,0.025441189,-0.176796445,0.969223621,0.869129259,2.2475592,1.370716457
AT5G28750,18.52152878,12.36242381,150.0504322,147.1726875,0.021709416,0.989186752,-0.650422121,0.698761927,0.123435358,0.083999443,-0.555304039
AT5G28770,19.60575511,14.55804016,58.1564832,57.44546067,0.048169972,0.965327504,-0.448730614,0.75044202,0.337120713,0.253423682,-0.411713924
AT5G28830,1.413622476,2.942925988,8.112687926,8.437000124,-0.013197817,0.994562397,0.273864956,0.964026953,0.174248349,0.348811893,1.001304247
AT5G28840,37.17343531,32.80316994,90.35091799,67.45265801,-0.4251281,0.014702822,-0.052054245,0.985124941,0.411433953,0.48631397,0.241227183
AT5G28919,4.554743931,7.156928465,13.39079985,6.791273743,-0.411297053,0.59048679,0.376563118,0.918446523,0.340139796,1.053841847,1.631458659
AT5G30510,58.73966165,55.68226671,189.634788,175.5452862,0.005032819,0.991366964,-0.095156269,0.949450398,0.309751509,0.317196023,0.034263376
AT5G32440,5.257850107,1.282806764,20.95367717,25.27777851,0.18299273,0.841562073,-1.555320109,0.154712094,0.250927322,0.050748398,-2.305835383
AT5G32450,5.835668268,8.583489236,18.00524247,21.36512281,0.406973024,0.669472127,0.706909236,0.671438056,0.324109396,0.401752394,0.309825773
AT5G32470,2.996060186,2.500558944,7.722487097,7.123306327,-0.254154479,0.844990817,-0.327547715,0.927958111,0.38796571,0.351039086,-0.144297469
AT5G33320,5.358007334,6.043819758,16.38384413,12.39157597,-0.157304939,0.752379378,-0.241957479,0.918817256,0.327029926,0.487736166,0.576678293
AT5G34850,9.43642911,9.005524226,25.82849877,22.54509485,-0.086098021,0.903785697,-0.080374383,0.985124941,0.3653495,0.399444947,0.128719448
AT5G35100,14.52621832,10.52026498,36.40447293,18.33463585,-0.958155833,6.40805E-05,-0.24674914,0.935505558,0.399022899,0.573791869,0.524055984
AT5G35160,6.777603644,7.549177009,13.13235898,10.94759217,-0.188732433,0.881080612,0.081361202,0.985287668,0.51609948,0.689574191,0.4180566
AT5G35170,11.54860134,12.88939931,31.40037568,36.64816837,0.259548841,0.361889241,0.035709428,0.99102187,0.367785451,0.351706508,-0.064492383
AT5G35180,3.707187838,4.216254133,8.356657578,9.809220084,0.19551253,0.79007689,0.378298031,0.899651201,0.443620886,0.429825623,-0.045575802
AT5G35200,2.802917178,2.266274024,7.833374134,5.91195565,-0.376791801,0.752374097,-0.045339964,0.993885949,0.35781735,0.383337454,0.099391617
AT5G35210,3.591994303,3.396181532,6.292942598,6.668745676,-0.005716629,0.996067026,0.087216004,0.982876393,0.570797246,0.509268414,-0.164552134
AT5G35360,18.55413111,13.14411994,42.06126633,45.32198725,0.180087524,0.591967925,-0.316369459,0.771567415,0.441121553,0.290016408,-0.605041726
AT5G35460,5.599821794,5.479764044,16.46132006,14.89569136,0.179807328,0.826610712,0.103430455,0.987703677,0.340180604,0.367875778,0.112917804
AT5G35530,9.122147506,6.272281358,32.46308919,30.042966,-0.21288056,0.704530207,-0.043089481,0.991812135,0.281000599,0.208777035,-0.428610179
AT5G35570,2.958070664,2.291887513,5.548126169,5.104832201,0.191829847,0.867762084,-0.023733335,0.996883172,0.533165716,0.448964319,-0.247983222
AT5G35620,9.326458627,3.171608637,27.70926902,21.19392955,-0.648087075,0.075294552,-0.887008956,0.583854619,0.336582629,0.149647031,-1.169397065
AT5G35630,403.2242626,327.8440538,750.2214859,753.9647454,0.094203573,0.450252337,-0.169800736,0.741674721,0.537473626,0.434826768,-0.305753207
AT5G35680,5.576876008,5.215092492,36.86482637,36.46213308,-0.012336492,0.994014149,-0.081632686,0.988742131,0.151279053,0.14302763,-0.080918357
AT5G35730,3.236228954,2.285849113,3.878418542,4.254818847,-0.089457254,0.975634941,-0.133800258,0.985287668,0.83441973,0.537237705,-0.63521271
AT5G35735,55.37553686,251.1494702,138.8666248,842.3043312,2.668165444,4.7979E-109,2.198452314,1.44057E-76,0.398767789,0.298169511,-0.419416135
AT5G35750,1.855573146,1.390036866,3.292752364,1.634774362,-0.7999092,0.387593572,-0.347384034,0.922062997,0.563532553,0.850292798,0.593460767
AT5G35790,15.17360555,10.95986875,31.78053658,32.49874431,0.167132865,0.734620771,-0.339061211,0.836101519,0.477449634,0.337239761,-0.501573911
AT5G35910,2.605804179,2.343049096,3.738994167,2.379642371,-0.53623339,0.454620465,-0.199208653,0.96893317,0.696926516,0.984622364,0.498563961
AT5G35970,36.41966255,34.13066382,93.97395756,88.68591468,0.021961655,0.944529046,-0.049439467,0.973510542,0.387550588,0.384848755,-0.010093064
AT5G35980,5.781890417,5.477576341,9.924124065,15.0304319,0.599437177,0.002536768,0.099942268,0.978174374,0.582609647,0.364432398,-0.676878369
AT5G36120,7.280578649,7.783413223,33.71185626,29.76395962,-0.180360208,0.819764722,-0.163553238,0.977375972,0.215964929,0.261504629,0.276039435
AT5G36160,6.547752145,7.256431541,28.52225089,43.76521418,0.589547976,0.04710809,0.208334216,0.96219347,0.229566459,0.165803634,-0.469436247
AT5G36170,3.206645396,2.54176142,14.51954965,7.927566768,-0.709424952,0.293200634,-0.325330653,0.943661442,0.220850197,0.320623149,0.537810474
AT5G36210,3.290489938,5.098659285,8.241040307,9.595137025,0.332009063,0.779788616,0.570007267,0.76437457,0.399280894,0.531379518,0.412338582
AT5G36230,12.56988033,12.43956453,40.0907294,49.39838308,0.311607602,0.275697184,0.089114446,0.978174374,0.313535835,0.25182129,-0.316230087
AT5G36250,8.152591899,6.518988828,12.17402397,13.47039318,0.13250641,0.916452331,-0.158790227,0.970346925,0.66967109,0.48394941,-0.468596446
AT5G36290,12.39498004,17.10716321,39.34221876,49.34882343,0.504139192,0.179310763,0.36488627,0.826765207,0.31505544,0.346657975,0.137907231
AT5G36880,6.618216694,11.9231076,13.98167211,29.16109994,1.023872952,0.000117585,0.868757855,0.05419429,0.473349442,0.408870297,-0.211262361
AT5G36925,3.50435844,55.83508558,59.57684298,231.1690816,2.178519416,9.87923E-14,2.746743849,4.41401E-05,0.058820815,0.241533536,2.037824842
AT5G36930,2.789296381,3.541113285,5.595961278,3.899488929,-0.277727025,0.790130543,0.261444521,0.927958111,0.49844812,0.908096766,0.865402684
AT5G37070,4.672796274,4.990217854,10.41942394,17.97794345,0.678221267,0.370117941,0.689453919,0.695454253,0.448469733,0.277574455,-0.692135819
AT5G37310,1.978259302,1.456006455,2.341463147,2.745442409,0.039927711,0.991366964,-0.281480752,0.959589247,0.844881673,0.530335822,-0.671843106
AT5G37360,10.63185019,11.54741707,35.51766768,38.84916088,0.134445948,0.860465504,0.196904924,0.950627084,0.299339762,0.297237233,-0.010169085
AT5G37370,2.281623218,2.982025413,9.869462543,4.964183148,-1.118403483,0.046522984,0.517214778,0.877055808,0.231180088,0.600708178,1.377647164
AT5G37475,3.702767412,3.982657165,8.380991339,5.945524185,-0.474252911,0.557548986,0.349351632,0.938422258,0.441805422,0.669858038,0.600444257
AT5G37510,15.88431788,14.4696445,30.42859107,35.58456778,0.315145479,0.610267057,-0.10047191,0.966576059,0.522019499,0.406626957,-0.360397839
AT5G37540,2.743230271,3.435828698,2.302789827,2.539242013,0.006461328,0.998273149,0.156339386,0.982876393,1.191263848,1.353092254,0.18376722
AT5G37600,2.104189705,5.4197292,9.442833047,32.20929209,1.537087266,9.88211E-07,1.620760916,0.012467771,0.222834577,0.168266014,-0.405229295
AT5G37720,2.081400771,2.77810238,5.634709173,8.456460243,0.272864595,0.864292185,0.26339881,0.969223621,0.36938921,0.328518352,-0.169167761
AT5G37770,7.352851273,11.92911175,48.65526754,41.96084414,0.098835443,0.914979914,0.368002752,0.906973926,0.151121382,0.28429151,0.911663215
AT5G37780,3.880304818,4.562564013,17.99294125,11.00569454,-0.363417013,0.857511431,0.287527519,0.96219347,0.21565706,0.414563933,0.942855658
AT5G37830,2.885005891,3.936585024,3.599133967,4.25361292,0.269672811,0.799661869,0.520106541,0.773822539,0.801583358,0.92546856,0.207331424
AT5G38210,4.327013103,9.939388448,10.86736617,27.45689393,1.435656089,5.58724E-10,1.236865797,0.005707546,0.398165759,0.361999739,-0.137380502
AT5G38410,248.9832548,202.647016,2489.478286,2468.93197,-0.0483522,0.890760207,0.161221557,0.75044202,0.10001423,0.082078817,-0.285123439
AT5G38420,35.54288574,27.2904825,612.9601718,578.1665967,-0.255581106,0.000761161,0.297858953,0.172708091,0.057985637,0.047201763,-0.296854842
AT5G38430,68.03157266,58.72970656,688.1891746,610.8527773,-0.382944595,1.35156E-06,0.025571656,0.989462947,0.098855918,0.096143799,-0.040133527
AT5G38470,9.774393032,6.15054574,35.16962852,35.79000239,0.10534729,0.879571939,-0.421273303,0.856795714,0.277921418,0.171850945,-0.693519234
AT5G38480,14.52624475,13.07053733,77.95836741,58.15857816,-0.279642488,0.36970556,0.248989968,0.916302539,0.186333363,0.22473963,0.270368537
AT5G38510,3.539870045,3.355907136,8.739047463,4.905012041,-0.768584779,0.539267743,0.109841016,0.987703677,0.405063602,0.684179184,0.756225757
AT5G38520,13.33909868,16.10025113,67.06781928,49.30169642,-0.293267184,0.513172733,0.302225157,0.899651201,0.198889703,0.326565865,0.715405409
AT5G38560,3.353650104,3.269372925,8.03949622,7.558133707,-0.034415541,0.983120328,-0.007678441,0.998437669,0.417146798,0.432563521,0.052356833
AT5G38600,1.543138955,1.656960251,3.793749464,1.564692427,-0.685852981,0.595097802,0.428551379,0.922062997,0.406758266,1.058968665,1.380416331
AT5G38640,3.228173667,1.223262446,4.163210255,3.631775672,-0.396828675,0.830237516,-1.070156994,0.369959664,0.775404909,0.336822138,-1.202962905
AT5G38660,28.14700165,24.36876827,72.57012715,56.86564087,-0.23203689,0.756864951,-0.198884022,0.922062997,0.38785934,0.428532377,0.143870665
AT5G38700,2.704354441,2.68636618,13.23476037,1.90496685,-2.303699175,0.001498592,0.56488112,0.901612329,0.204337243,1.410190513,2.786866
AT5G38710,4.122970329,3.068108406,7.506785527,9.263250607,0.249082135,0.841562073,-0.462079277,0.899651201,0.549232466,0.331212933,-0.7296579
AT5G38830,6.237717335,3.530568794,10.60579458,13.81430749,0.482361763,0.369133496,-0.718535722,0.598051705,0.588142386,0.255573347,-1.20242808
AT5G38980,14.67972467,23.6418029,85.45182636,66.29939847,-0.335143809,0.579256622,0.232860825,0.953728363,0.171789478,0.356591514,1.053630695
AT5G38990,8.899858333,11.4707957,12.35895965,14.60392483,0.314073977,0.438614711,0.388796285,0.64645896,0.720113876,0.785459788,0.125312352
AT5G39020,2.433805282,8.192774275,4.899779683,15.45411544,1.641309113,1.52588E-12,1.529546991,0.000240404,0.496717289,0.530135439,0.093936024
AT5G39040,3.723652097,3.03154119,5.631366732,6.52747042,0.693863022,0.455033246,-0.225479644,0.957926244,0.661234168,0.464428177,-0.509705771
AT5G39080,7.302663574,3.839502205,15.308181,9.596356882,-0.510969,0.682710293,-0.825612774,0.530135373,0.477043195,0.400099981,-0.253759344
AT5G39340,3.799947025,3.239658517,7.441913515,9.018915799,0.633511276,0.527185208,0.189905665,0.977375972,0.510614242,0.359207092,-0.507417943
AT5G39500,3.508556783,2.37663349,4.418846062,2.904557639,-0.278680153,0.884571,-0.52462613,0.703859924,0.793998418,0.81824284,0.043392939
AT5G39510,7.087449993,6.397072278,12.63659266,25.15531628,0.607470946,0.210653232,-0.100587374,0.987703677,0.560867172,0.254302995,-1.14111069
AT5G39530,10.30065764,7.064794547,46.07862286,37.44462191,-0.309403804,0.585611566,0.087712231,0.979889818,0.223545258,0.188673144,-0.24467786
AT5G39570,27.5919722,20.91066689,73.89969069,51.2308461,-0.450798121,0.163995921,-0.256109957,0.842562591,0.373370605,0.408165558,0.1285461
AT5G39580,7.240584434,27.95896792,39.5341051,148.4713249,2.031907172,1.84103E-34,2.072549225,4.59922E-12,0.183147802,0.188312241,0.040118401
AT5G39590,8.844090747,7.099755437,18.37171124,16.58609236,-0.0281598,0.978812655,-0.172234665,0.957926244,0.481397222,0.428054739,-0.169432517
AT5G39660,5.603845349,5.155184008,16.23533451,11.95312443,-0.28915018,0.758966982,0.026789962,0.995454298,0.345163529,0.431283389,0.321356118
AT5G39670,6.147470155,29.69182605,19.37245027,71.86743219,1.837550305,1.92051E-20,2.098090077,7.42062E-07,0.317330543,0.413147168,0.380669392
AT5G39740,15.24718786,14.19158046,44.66015488,47.01376673,-0.024897456,0.975573111,0.367605893,0.708694063,0.341404724,0.301860103,-0.177602935
AT5G39830,4.368640699,3.07364241,8.610634279,6.638616569,0.057810586,0.971224214,-0.61395458,0.749215808,0.507354111,0.462994417,-0.131998239
AT5G39950,9.037822016,5.013954347,22.95382681,24.81351098,0.050050053,0.988352156,-0.889859459,0.655288289,0.393739227,0.202065494,-0.962417472
AT5G40170,4.679775722,12.83844929,8.171384829,22.85795713,1.533946291,9.39826E-09,1.451760875,0.000339468,0.572702892,0.561662148,-0.02808431
AT5G40200,2.539079485,1.747739947,8.81784367,10.03528382,0.142784471,0.868464936,-0.316419418,0.947031174,0.287947891,0.174159494,-0.725398636
AT5G40340,7.453924642,6.099054347,6.900060088,7.21486297,0.042235968,0.977961921,-0.278116417,0.897819553,1.080269526,0.845345833,-0.353777731
AT5G40370,9.902562893,17.77752799,57.43670734,50.73691254,0.302273948,0.822774047,0.933156589,0.209778499,0.172408262,0.350386476,1.02311818
AT5G40390,7.233013662,6.99873584,14.43192498,20.50155396,0.619928979,0.004418444,-0.026307548,0.993235243,0.50118149,0.341375871,-0.553972043
AT5G40450,18.77366967,20.11884672,19.08775254,14.55441251,-0.22445784,0.390499862,0.154055791,0.75327594,0.98354532,1.382319397,0.491027566
AT5G40670,2.60953803,2.784479947,10.85920836,17.61098337,0.682242058,0.148735232,0.23642704,0.970346925,0.24030647,0.158110418,-0.60394306
AT5G40770,3.203012738,2.628393395,19.35407548,19.61270251,0.235880552,0.769468087,0.057461529,0.993235243,0.165495518,0.13401485,-0.304399264
AT5G40780,2.222840038,4.366074013,7.202421764,17.32937123,1.240750217,0.028231075,1.20595384,0.297933502,0.308623975,0.251946476,-0.292732865
AT5G40810,12.2872774,17.13628263,34.65050504,34.78214858,-0.085599659,0.931860502,0.386701991,0.782503796,0.354606012,0.492674643,0.474418225
AT5G40890,11.09735325,12.60663469,20.86444864,13.98181078,-0.590852271,0.03420602,0.244882779,0.870160035,0.531878577,0.901645351,0.761463154
AT5G40930,4.797407993,7.114465155,10.17433807,6.324081977,-0.692440798,0.587354737,0.488216018,0.906973926,0.471520403,1.124979907,1.254507129
AT5G40950,57.87940474,40.49190779,310.4234518,236.5596928,-0.22822615,0.056872492,-0.189114937,0.896539194,0.186453067,0.171169937,-0.123383187
AT5G41050,5.046752208,3.639560644,17.20487233,4.813815003,-0.956524093,0.231547074,-0.425147683,0.926487051,0.293332732,0.756065749,1.365973632
AT5G41080,26.08374914,21.46212405,113.8385763,74.80495448,-0.483441906,0.022159021,-0.196168089,0.922062997,0.229129264,0.286907788,0.324425406
AT5G41100,6.161157413,16.41134244,17.40225085,54.27025994,1.594637265,2.64458E-23,1.381526252,3.13203E-05,0.354043708,0.302400292,-0.227467945
AT5G41140,2.578254467,1.972375667,2.428631705,3.108617841,0.239713706,0.883739504,-0.407384796,0.900157908,1.061607843,0.634486376,-0.742589844
AT5G41210,1.846132232,4.39816014,6.821585002,11.88263689,0.700598981,0.206114613,0.149866472,0.982876393,0.27063098,0.370133345,0.451718117
AT5G41520,46.05981567,32.20093828,152.4145224,133.6970436,-0.03451812,0.971224214,-0.279442976,0.871450789,0.302200965,0.24085004,-0.327373103
AT5G41600,5.039215779,4.746266658,35.22395692,11.99366672,-1.403448158,0.020034658,0.539626525,0.879698359,0.143062172,0.395731078,1.46787812
AT5G41685,3.654085914,2.706614289,27.96342808,27.68203491,0.061801874,0.975573111,0.079090437,0.991863328,0.130673747,0.09777512,-0.418430012
AT5G41700,17.44037441,18.18780988,119.3630443,163.0955778,0.374394008,0.137117742,0.525197837,0.69660785,0.146112011,0.111516266,-0.389820611
AT5G41740,3.938673373,16.13754097,9.712909413,40.56735243,2.255495719,3.24393E-87,1.973275432,3.31224E-24,0.405509122,0.397796257,-0.027704668
AT5G41750,7.494024606,20.62853727,10.54682234,26.54729829,1.521873804,3.65926E-18,1.408103152,3.66043E-17,0.710548103,0.777048461,0.129072255
AT5G41770,2.858240655,3.064095419,3.97665563,4.227684619,0.268080463,0.874365364,-0.236879054,0.949613625,0.718754884,0.724769157,0.012021709
AT5G41790,13.63287849,13.41436422,9.842231903,7.80628106,-0.234501664,0.574307439,0.031660651,0.988906775,1.385140954,1.718406514,0.311038572
AT5G41950,3.195560389,2.075221191,7.692220541,6.74143888,0.040838213,0.984953863,-0.443203348,0.902085818,0.415427557,0.307830602,-0.432460259
AT5G41970,3.718876429,2.663080221,11.63658477,16.26334589,0.440811821,0.567826836,-0.397982617,0.922491402,0.31958487,0.163747376,-0.964727316
AT5G41990,3.434043596,5.106386133,11.88503095,8.685089995,-0.23670536,0.677486414,0.634586341,0.635394058,0.288938549,0.587948557,1.024927238
AT5G42000,3.104104156,5.123093151,20.70099353,18.28965969,-0.58671713,0.246944575,0.428735559,0.933174478,0.149949525,0.280108719,0.901509936
AT5G42050,45.36937845,85.87918017,112.8553243,240.0253733,1.107025486,2.84251E-16,0.974627139,9.99721E-08,0.402013629,0.357792091,-0.168122915
AT5G42070,5.173483986,8.16978579,38.70139522,18.11049654,-0.942224516,0.007273537,0.918542834,0.609575028,0.133676937,0.451107774,1.754721564
AT5G42080,8.970244687,7.552393503,25.20399092,20.6748623,0.031285678,0.964879586,-0.121506458,0.968916847,0.355905726,0.365293534,0.037561071
AT5G42090,11.37644593,6.896809442,20.45926903,23.26726891,0.054826978,0.960313888,-0.657040056,0.527262319,0.556053391,0.296416802,-0.907596187
AT5G42100,27.0428714,13.33715142,36.13879476,23.74375439,-0.428928857,0.05518486,-0.82410081,0.039736217,0.748305846,0.561711985,-0.41379746
AT5G42190,11.43924489,4.116533252,39.48441192,24.7578344,-0.617283679,0.492141177,-0.409330058,0.890513824,0.289715468,0.166271944,-0.801091959
AT5G42220,3.817483388,3.1829054,5.087676027,6.305163303,0.376420504,0.612632566,-0.159805768,0.970346925,0.750339324,0.504809352,-0.571804531
AT5G42240,3.727351125,2.181056928,7.232184981,11.42793447,0.732539911,0.118866699,-0.613986364,0.784808883,0.51538382,0.190853118,-1.433184489
AT5G42270,67.30583938,72.34171836,130.3076567,128.7658607,0.0711803,0.80006813,0.178747583,0.703502208,0.516514847,0.561808215,0.121267901
AT5G42300,13.18879475,25.25656742,120.3002469,74.42651665,-0.375705705,0.210653232,0.793562097,0.610185705,0.109632317,0.339349046,1.630096829
AT5G42310,9.518126287,8.508668661,16.36766551,14.51728059,-0.096939193,0.920287067,-0.049643906,0.988190111,0.581520088,0.586106234,0.011333155
AT5G42390,18.70186315,17.59891292,35.80143928,34.36274918,0.034118984,0.954707778,-0.061184791,0.972259272,0.522377411,0.5121509,-0.028523563
AT5G42480,4.355218258,3.930565266,7.715292101,5.420468491,-0.454599888,0.462933863,-0.091909443,0.987703677,0.564491688,0.725133865,0.361295015
AT5G42530,134.5546565,77.00028217,1115.980592,609.022325,-0.653350231,8.69409E-09,-0.253421837,0.742322926,0.120570785,0.12643261,0.068488237
AT5G42540,7.089968728,4.774188649,6.333737634,3.022045054,-0.640836028,0.31524689,-0.389424252,0.778090413,1.119397288,1.579787384,0.497008249
AT5G42570,6.798909732,5.038959668,30.95191347,31.72225244,0.149535876,0.837762242,0.105018941,0.987703677,0.219660401,0.158846213,-0.467644119
AT5G42620,2.866098659,3.715721797,7.550635732,6.17830313,-0.205673343,0.860465504,0.355450133,0.908242698,0.379583754,0.601414615,0.663941678
AT5G42650,51.97651843,83.83475203,138.2709706,205.6326293,0.665109178,5.65317E-15,0.799364544,2.19799E-06,0.375903331,0.407691874,0.117117503
AT5G42740,6.937221071,6.473891765,15.81326595,12.45072553,-0.276627014,0.722752574,-0.270417988,0.920224397,0.438696288,0.519961006,0.245180934
AT5G42765,5.785408999,4.25077466,26.20285411,37.94395053,0.573120366,0.141526399,0.163838795,0.978293689,0.220793085,0.11202773,-0.978839102
AT5G42790,6.006572644,6.524205038,36.17255516,26.25170296,-0.280902183,0.559187424,-0.020947865,0.996883172,0.166053314,0.248525021,0.581744597
AT5G42830,2.243396402,7.539765871,8.783413994,25.88969981,1.696754922,8.79778E-08,1.691922768,0.007144433,0.255412805,0.291226469,0.189310634
AT5G42870,2.05516937,1.508779102,2.623116958,4.42244782,0.841129611,0.211665143,-0.230157123,0.958516893,0.783483696,0.3411638,-1.199438681
AT5G42920,1.521178515,1.650276641,3.616244755,3.355228523,0.173110452,0.915185625,0.246659284,0.964026953,0.420651427,0.491852233,0.225599714
AT5G42940,3.561661381,5.432059518,10.55030397,10.47815427,0.027650755,0.991366964,0.589352085,0.749517708,0.337588509,0.518417593,0.618848883
AT5G42950,5.194362213,4.157663798,8.042595035,7.845365335,0.022607462,0.987503385,-0.225733627,0.906973926,0.645856492,0.529951585,-0.28535307
AT5G42960,4.322548048,4.419632211,10.22354673,9.20131991,-0.57172285,0.538771135,-0.454571989,0.915554809,0.422803178,0.480325894,0.184027365
AT5G42980,54.94188067,71.8226511,451.4388222,460.2157306,0.142796231,0.36233301,0.501761032,0.305689253,0.121703934,0.156063008,0.358752805
AT5G43010,2.888208241,4.55484214,11.46084184,6.324834618,-0.712117276,0.144743754,0.639207939,0.771515916,0.25200664,0.720151975,1.514839647
AT5G43100,1.997755798,2.020572701,6.405921324,6.97210769,0.600226418,0.495475016,0.116446104,0.987703677,0.311860808,0.289808017,-0.105804754
AT5G43130,3.792636007,2.086799221,7.133321877,4.366079121,-0.659868738,0.430276796,-0.547485418,0.777882263,0.531678799,0.477957262,-0.153673319
AT5G43150,2.730035577,3.022340452,13.35633826,8.353429371,-0.454146179,0.790422086,0.022768911,NA,0.204400003,0.361808345,0.823830466
AT5G43190,6.457963483,6.527354251,20.01291197,8.240481795,-0.956151844,0.021714835,-0.054994066,0.991004798,0.322689846,0.792108327,1.295549562
AT5G43310,5.59010743,3.843186324,6.558750707,5.408974459,-0.159042703,0.888761562,-0.482721539,0.686025267,0.852312838,0.710520331,-0.262507131
AT5G43320,4.000811276,4.882205861,16.19346425,24.05998238,0.729928953,0.017534845,0.506051113,0.862501192,0.247063335,0.202918098,-0.28398338
AT5G43420,1.987993664,4.299242055,3.936156112,15.81011129,1.901983722,0.000453502,0.875875758,0.671438056,0.505059659,0.271929905,-0.893218997
AT5G43460,3.127860889,9.211537737,30.90500504,26.46548856,0.176552656,0.814286759,0.453908486,0.882817709,0.101208878,0.348058481,1.781993877
AT5G43470,4.907743237,4.550482454,5.366951674,5.421920947,0.141898276,0.907410404,0.05760374,0.984477763,0.914437754,0.839274954,-0.123741441
AT5G43600,1.337786588,2.344809225,5.11251357,4.767198284,-0.152316497,0.93319566,0.613850339,0.865608628,0.261669054,0.491863163,0.910513696
AT5G43750,24.09347889,14.53558517,77.34526262,48.10156547,-0.309448501,0.648616226,-0.439507747,0.696353048,0.311505554,0.302185283,-0.043824487
AT5G43760,20.69799697,22.76505748,43.36843252,39.71957248,-0.066840767,0.943262951,0.081254271,0.971959027,0.477259513,0.573144575,0.264125149
AT5G43780,5.692645817,7.856065228,23.04400602,16.38612577,-0.440907038,0.366462245,0.496905736,0.765830845,0.247033689,0.479433964,0.956624313
AT5G43830,22.04662001,34.75832804,88.21190341,69.02102851,-0.345026042,0.427584264,0.720800073,0.192731823,0.249927948,0.50359041,1.01073857
AT5G43870,2.206646781,1.734785613,3.890177402,4.242565569,0.265044441,0.884571,-0.225576066,0.971959027,0.567235515,0.40890013,-0.472199341
AT5G43880,6.799965258,3.681401983,10.60897908,10.0857115,0.018942314,0.991366964,-0.711807542,0.362381548,0.640963207,0.365011629,-0.812299118
AT5G43900,2.848167746,5.268066378,6.384489759,5.534077581,-0.020427792,0.984346901,0.656195548,0.288162175,0.44610734,0.951932151,1.093467863
AT5G43940,18.23279259,15.34284607,56.0920443,44.78617312,-0.204266408,0.531161731,-0.06311753,0.987703677,0.325051312,0.342579975,0.075773346
AT5G43960,2.716170774,5.076397528,7.811254625,4.605820154,-0.266991186,0.854796659,0.667499237,0.71491127,0.347725289,1.102170158,1.664327071
AT5G43970,10.50647464,6.413759761,39.76195202,35.75393876,-0.18809428,0.908492735,-0.417438483,0.922062997,0.264234378,0.179386104,-0.558750044
AT5G44000,4.101784575,4.260088095,7.96219094,13.00204788,0.532517904,0.601246914,-0.214965051,0.964026953,0.515157776,0.32764747,-0.652869957
AT5G44020,38.45801079,29.75375218,177.6205404,152.6659374,-0.150463558,0.32994502,-0.394138704,0.542953978,0.216517812,0.194894504,-0.151792305
AT5G44050,3.604679174,4.820046897,5.650654293,9.067397533,0.769761166,0.192702021,0.383424553,0.906973926,0.63792244,0.531579969,-0.263094287
AT5G44060,3.776397172,11.36358096,18.24925509,82.65584053,2.204802663,7.30563E-17,1.325993113,0.068273796,0.206934319,0.137480678,-0.589944061
AT5G44070,35.41467174,140.0658921,79.33433256,321.8716964,2.055327305,3.71016E-59,2.014731788,5.50396E-56,0.446397803,0.435160636,-0.036781868
AT5G44090,3.074276143,4.497556285,8.4081137,10.89774871,0.437897184,0.517908865,0.55279286,0.753103272,0.365632085,0.412705083,0.174718532
AT5G44100,4.195036183,2.507189093,6.568580257,6.840289844,-0.001669795,0.998985375,-0.92710064,0.376678636,0.638651888,0.366532581,-0.801088325
AT5G44130,26.87082829,13.79317525,75.32865246,62.09726579,-0.209784578,0.652368697,-0.810463865,0.223569813,0.356714576,0.222122103,-0.683417208
AT5G44190,10.08271608,7.247522903,39.55231144,30.02860365,-0.243030762,0.560924995,-0.464167031,0.770320086,0.254921033,0.241353977,-0.078899814
AT5G44240,3.320615093,2.718457359,4.058251827,5.664380057,0.677428121,0.073301092,-0.35487544,0.901612329,0.818237811,0.479921427,-0.769721981
AT5G44260,6.547805449,3.509256972,13.19410091,7.747012309,-0.710301607,0.090257619,-1.032012821,0.296197048,0.49626765,0.45298198,-0.131664754
AT5G44290,14.15853093,17.2588972,33.39275844,56.26939333,0.736917894,7.70907E-11,0.619284996,0.081433265,0.424000041,0.306719092,-0.467146434
AT5G44320,4.464243038,4.248710584,15.45217997,8.967764841,-0.695443522,0.032941382,0.064781049,0.989950827,0.288907005,0.473775869,0.713599535
AT5G44340,39.89194309,29.41344263,126.0265499,110.0031474,-0.047924486,0.86472096,-0.336432972,0.616598148,0.316536024,0.267387282,-0.243438851
AT5G44530,2.685082892,2.88180725,4.342977187,6.976771665,0.708193036,0.175328438,0.115618712,0.985124941,0.618258576,0.413057412,-0.581868026
AT5G44568,10.35121589,12.1169729,113.6852774,81.94438703,-0.505694973,0.330343117,0.121450311,0.987703677,0.091051508,0.147868247,0.699557479
AT5G44580,18.02825836,24.05671599,91.47366956,82.89455868,0.113146398,0.910440499,0.254421167,0.942837015,0.197086861,0.290208626,0.558258805
AT5G44585,6.838718694,13.76137186,23.69964953,40.74487214,1.326864192,0.000908994,1.128708971,0.464804964,0.288557798,0.337744878,0.227073568
AT5G44650,11.82545749,6.393642237,27.74850694,16.21457793,-0.407252329,0.54488933,-0.800867409,0.555846517,0.426165542,0.394314441,-0.112067398
AT5G44720,4.208429609,3.936513152,7.689847585,8.573614513,0.110652782,0.960313888,-0.054047886,0.993235243,0.547270874,0.459142774,-0.253312237
AT5G44790,3.38391181,4.180433769,4.425342194,5.286701495,0.364174413,0.775494077,0.335280838,0.893289199,0.7646667,0.790745188,0.048381824
AT5G44800,3.326163347,2.238919022,4.121617115,2.040385969,-0.850126599,0.002958355,-0.472669817,0.653128427,0.807004449,1.097301714,0.443311733
AT5G44870,4.483479597,5.554002533,10.44306813,16.80647877,0.788483893,0.000221459,0.362119169,0.830365412,0.429325898,0.330467947,-0.377562854
AT5G45030,1.331729923,1.320358952,2.061944023,2.112421303,0.374551306,0.868520646,-0.063891696,0.993235243,0.645861337,0.625045274,-0.047263766
AT5G45050,1.52271036,1.615771562,3.648164352,5.040888933,0.559832863,0.243958212,-0.005102131,0.998984146,0.417390833,0.320533061,-0.380925746
AT5G45060,2.410269433,2.570344884,5.50123175,5.776430541,0.086471335,0.970580026,0.056335775,0.989950827,0.438132684,0.44497114,0.022343927
AT5G45100,1.804008185,3.073434096,6.546255906,6.874969304,-0.016927903,0.994871386,0.562233932,0.901040468,0.275578622,0.447046955,0.697962395
AT5G45110,24.30648837,37.75726782,36.1521886,71.35210683,1.027778596,3.5042E-16,0.711597291,0.002473408,0.67233795,0.529168226,-0.345460146
AT5G45130,8.118321118,10.57919542,30.24630105,56.79252651,0.850173247,0.03582823,0.159067346,0.965760148,0.268407073,0.18627795,-0.526965775
AT5G45170,10.23101989,9.076756372,21.3828439,14.47577794,-0.390204514,0.409932295,-0.206425116,0.953728363,0.478468624,0.627030644,0.390111632
AT5G45250,2.375062417,2.405156375,3.198213598,4.940085223,0.711065625,0.052519469,0.015942357,0.996883172,0.742621574,0.486865361,-0.609104368
AT5G45260,1.564062177,1.331276115,2.794164921,2.670956261,-0.038038228,0.98400376,-0.222468116,0.96282239,0.559760151,0.498426775,-0.167427215
AT5G45280,9.892362014,16.26124167,32.60543096,74.18466876,1.17521872,7.53007E-17,0.939476667,0.083490731,0.303396144,0.219199492,-0.468958296
AT5G45340,14.34682605,32.92715155,24.24776383,65.96336305,1.588667818,1.76852E-12,1.03946289,0.000289767,0.591676253,0.499173329,-0.245267141
AT5G45350,58.64118501,43.014704,205.0488401,303.0796245,0.629638369,0.001757872,0.436229996,0.236759629,0.285986426,0.141925423,-1.01081363
AT5G45390,48.02078295,37.1998327,124.7826156,97.4956544,-0.311743859,0.126744447,-0.135535714,0.936826375,0.384835521,0.381553752,-0.012355658
AT5G45410,7.823362237,11.21094728,37.88400748,47.62054384,0.338659065,0.582009918,0.588820504,0.751527743,0.206508307,0.235422496,0.189052369
AT5G45430,14.79166889,8.934929166,36.42515398,31.79435214,0.307772209,0.374554783,-0.37943415,0.694972648,0.406083908,0.281022526,-0.53109208
AT5G45480,4.060217626,5.872413087,6.139863451,11.24593839,0.969557747,0.000142596,0.348679739,0.881859618,0.661287936,0.522180798,-0.340729173
AT5G45500,4.903711983,3.545207786,12.92960095,6.009842909,-0.943234456,0.002858933,-0.508299286,0.747006029,0.379262438,0.589900242,0.637274505
AT5G45510,7.948440407,7.839897859,16.05525167,13.06950358,-0.239068566,0.370861464,-0.072869473,0.978293689,0.495067942,0.599861947,0.277003983
AT5G45550,6.404550376,5.272727135,22.48905211,14.98265206,-0.312209624,0.846547438,-0.195372823,0.970346925,0.284785252,0.351922151,0.305381886
AT5G45620,5.236859892,3.316776296,12.23278146,15.25044698,0.329240977,0.700207226,-0.214690373,0.963685245,0.428100503,0.217487153,-0.977019346
AT5G45680,32.55775078,19.88007952,91.31824424,90.11713527,0.071409365,0.95081308,-0.232121552,0.922062997,0.356530626,0.220602657,-0.692575839
AT5G45710,3.039596817,2.082945211,7.369038745,7.357137846,-0.206620364,0.87696402,0.023871397,0.996883172,0.412482133,0.283118959,-0.542923264
AT5G45750,12.59222812,14.97416336,63.7903608,66.81909076,0.294701449,0.571328255,0.419852995,0.844965954,0.197400171,0.224100077,0.183019903
AT5G45775,8.692981199,6.197843184,48.04168504,47.13460752,0.025335965,0.983396337,0.213125033,0.968936277,0.180946634,0.131492411,-0.460584733
AT5G45820,6.795917541,3.949877918,22.29794359,8.897123681,-1.311841877,0.00047996,-0.451324592,0.858985755,0.304777771,0.443949984,0.542639468
AT5G45930,10.05975266,9.266650519,23.88018812,21.18585344,-0.113365102,0.895234524,-0.064929527,0.988909536,0.421259356,0.437398028,0.054237989
AT5G45950,12.06401065,5.50464863,13.36861447,8.238281717,-0.492495835,0.476743583,-0.923765021,0.300480526,0.902412938,0.668179217,-0.433552641
AT5G46020,7.022644865,7.271528661,41.21492899,46.33759654,0.137888781,0.93547689,0.356026068,0.928927481,0.170390803,0.156925029,-0.118771999
AT5G46070,2.973394514,3.825856841,4.229300457,3.198302907,-0.388202774,0.657206435,0.393137038,0.849103083,0.703046412,1.196214665,0.766784471
AT5G46110,284.413522,274.9226074,856.6174688,776.1364761,-0.030233805,0.92932035,0.023012078,0.984477763,0.332019288,0.354219414,0.093376229
AT5G46210,6.999701914,6.598524493,13.53393863,14.34501044,0.216030148,0.693600941,-0.026267622,0.993889967,0.517196221,0.459987431,-0.169117295
AT5G46240,1.991842776,1.58025201,3.859758695,3.352007467,0.037323097,0.989467505,-0.105246915,0.987703677,0.516053705,0.471434514,-0.130463831
AT5G46290,17.23718765,17.46834513,43.39376231,44.36938245,0.097563958,0.833097811,0.02002804,0.993885949,0.397227314,0.393702688,-0.012858267
AT5G46330,7.347202807,11.52664512,15.50891606,19.98236417,0.532810785,0.001609267,0.684188683,0.119729576,0.473740575,0.576840909,0.284076242
AT5G46410,2.54725691,3.282287324,4.157938481,6.217174388,0.564685984,0.41942134,0.528594548,0.861482046,0.612624963,0.527938758,-0.214633572
AT5G46420,9.040775217,6.803754327,18.69964292,10.08272555,-0.626746214,0.086264646,-0.333999619,0.876460377,0.483473147,0.674793169,0.481009605
AT5G46430,16.40420577,21.94581802,108.0022891,87.12038366,-0.071048342,0.961547121,0.160162221,0.968916847,0.151887575,0.25190222,0.72985998
AT5G46450,4.229579653,3.282614544,6.280021213,6.057526288,0.186088083,0.753371077,-0.409774368,0.797273237,0.67349767,0.541906776,-0.313628266
AT5G46470,4.904070635,9.178374169,11.37372367,18.43811,0.785015842,0.000208947,0.80908871,0.019417633,0.431175469,0.497793655,0.207272741
AT5G46510,1.767343259,1.940390226,2.902169101,4.385248945,0.774386752,0.026046415,0.453833411,0.76903624,0.608973219,0.442481202,-0.460762616
AT5G46580,6.509523138,4.897341453,7.989204081,7.957509174,0.060451411,0.968871709,-0.387968578,0.864081627,0.814789943,0.615436482,-0.404818206
AT5G46630,8.558672582,7.298978779,19.67825936,16.48233848,-0.245693306,0.771362638,0.08810088,0.984337283,0.434930368,0.44283636,0.025989239
AT5G46710,4.31655838,9.765628337,22.61608053,32.53622109,0.478161099,0.475676212,0.81308898,0.565100576,0.190862355,0.30014636,0.653133598
AT5G46730,5.933667956,5.210892118,9.779275701,2.813008688,-1.646954032,0.026475763,-0.020658214,0.996883172,0.606759451,1.8524266,1.610219798
AT5G46750,5.47182314,4.417795173,12.33386957,14.40853461,0.155546833,0.866625846,-0.020874492,0.996883172,0.443642047,0.30660961,-0.53299319
AT5G46760,2.543971455,2.685759304,5.566251081,4.219325332,-0.222098734,0.91260038,0.133501535,0.985287668,0.457034981,0.63653762,0.47794119
AT5G46780,5.625588141,4.580505291,8.752071442,20.18376193,1.318916151,0.002086577,0.171400165,0.977375972,0.642772192,0.226940117,-1.501995854
AT5G46790,2.098325675,1.655003138,9.233850236,7.307412,-0.170654473,0.923830366,-0.170912724,0.985124941,0.227242767,0.226482801,-0.004832876
AT5G46800,18.01620083,16.58188649,91.90158121,83.16028127,-0.041307787,0.970570188,-0.007355407,0.997778221,0.196037985,0.19939671,0.02450838
AT5G46860,2.214809745,3.866298814,4.331080641,3.170879719,-0.271300295,0.923174064,0.313406047,0.95584419,0.511375781,1.219314246,1.253614251
AT5G46910,3.373443169,8.502210258,7.479530361,17.40814377,1.313598839,9.74188E-10,1.238692583,0.007133237,0.451023394,0.488404184,0.114873294
AT5G47010,6.01754966,5.751700468,13.25671957,10.54532317,-0.159220191,0.844109682,-0.04582132,0.989422922,0.453924489,0.545426667,0.264932915
AT5G47020,2.884153099,2.877160973,5.160952038,6.284893961,0.408985213,0.265471005,0.034233433,0.993885949,0.558841291,0.457789899,-0.287752989
AT5G47030,36.37570998,32.14406927,163.763325,146.1510673,-0.06272299,0.859797054,-0.101050534,0.970346925,0.222123665,0.219937287,-0.014270893
AT5G47040,14.06630786,16.64184975,27.50136047,23.60660059,-0.113722575,0.79167162,0.262674656,0.808039381,0.5114768,0.704965956,0.462884785
AT5G47070,3.56251017,5.957860106,11.59920129,16.32274699,0.54830904,0.511304724,0.681111883,0.662880002,0.307134093,0.36500352,0.24904171
AT5G47080,4.177787207,2.008715736,10.64277667,5.672266568,-0.561088598,0.69132037,-0.37118124,0.936826375,0.392546733,0.354129291,-0.14858824
AT5G47110,26.86684101,23.42165587,148.5568549,113.4246521,-0.229165251,0.206114613,0.013155446,0.996883172,0.180852247,0.206495285,0.191297318
AT5G47120,7.792767706,16.25738339,32.17450383,33.64716421,-0.02350584,0.983396337,0.472198635,0.691033703,0.242203198,0.483172469,0.99632034
AT5G47190,33.90074291,27.43700008,101.878618,66.79073513,-0.490964141,0.022577475,-0.199670038,0.920224397,0.332756211,0.410790509,0.303937255
AT5G47200,8.694708634,11.60528476,34.79915137,40.42387763,0.300045973,0.301093195,0.753017027,0.521657089,0.249854042,0.287089845,0.200416742
AT5G47210,21.35184829,15.45767147,88.08855072,81.35013198,-0.109005945,0.887253098,-0.29805255,0.823564474,0.242390732,0.190014092,-0.35122812
AT5G47220,17.55133663,26.08639883,69.31263305,82.61471942,0.384038177,0.094691594,0.705183769,0.225821966,0.25321988,0.315759698,0.31843637
AT5G47230,6.414079185,21.30275363,12.15191288,75.10342177,2.696944923,2.054E-50,1.820468927,0.000508313,0.527824652,0.28364558,-0.89596935
AT5G47240,8.661004788,5.912357578,26.24854137,17.27950562,-0.547421752,0.338331372,-0.171981852,0.971959027,0.329961374,0.342160112,0.052374434
AT5G47320,2.890303453,2.740245109,10.14207114,14.7035385,0.516102014,0.660114282,-0.320727064,0.95807376,0.284981579,0.186366371,-0.612727115
AT5G47390,13.24231773,7.3418191,38.98510719,22.33298444,-0.504655066,0.111303339,-0.67419995,0.45925537,0.33967632,0.328743304,-0.047199134
AT5G47430,2.222097344,2.385640792,7.161484399,6.118749026,-0.01855565,0.989467505,0.085738914,0.987703677,0.310284463,0.389890283,0.329476741
AT5G47435,3.997167606,3.074556725,23.61606381,15.23765212,-0.562526186,0.202997845,-0.227380413,0.968936277,0.169256301,0.201773653,0.253528258
AT5G47480,3.642722455,3.010589003,5.018374153,6.101348311,0.519491853,0.138855244,-0.076958934,0.987459256,0.725877016,0.493430116,-0.556879364
AT5G47540,3.431841608,3.071747656,5.937588911,3.219915025,-0.384651832,0.711636028,0.095061265,0.988076608,0.577985721,0.953984075,0.722931331
AT5G47550,3.019488037,2.825875551,13.69013995,12.47071753,-0.343379454,0.870223384,0.341029892,0.95584419,0.220559326,0.226600879,0.038986694
AT5G47560,26.5019296,20.09640018,60.82055103,64.50679737,0.133140084,0.724003889,-0.188607805,0.892645235,0.435739715,0.311539264,-0.484052612
AT5G47570,3.873034749,6.728863515,66.57336366,48.44983448,-0.488942134,0.536525859,0.451270425,0.902085818,0.058176942,0.138883106,1.255351739
AT5G47620,3.369806677,4.487672058,10.28397612,11.84516248,0.181187721,0.819128518,0.198521384,0.969732935,0.327675467,0.378861165,0.209401602
AT5G47690,5.825730866,7.086412458,7.487726524,10.77042161,0.560633091,0.005496483,0.234379965,0.899651201,0.778037345,0.657951259,-0.241858692
AT5G47700,9.155388819,7.219323614,126.6306687,155.5717372,0.087582966,0.928748446,-0.486510433,0.859400715,0.072299933,0.04640511,-0.639710617
AT5G47710,4.346201769,2.89424285,6.763209615,10.30239061,0.607024703,0.686608062,0.278105766,0.967756086,0.642624141,0.280929248,-1.193768343
AT5G47730,2.907534754,5.400863538,8.059553618,14.56800575,0.65911073,0.241993615,0.866226961,0.566750049,0.360756301,0.370734583,0.039362105
AT5G47770,4.934739901,4.221512409,20.32734272,15.19716994,-0.274388882,0.779435194,-0.006376169,0.998844586,0.242763649,0.277782799,0.194404855
AT5G47780,10.15043873,8.173249992,29.95205477,17.7157049,-0.597726312,0.023721773,-0.225846406,0.938319899,0.338889562,0.461356183,0.44506579
AT5G47820,1.996884993,2.302354615,2.75099535,2.41452382,-0.152106241,0.91260038,0.078094985,0.988655422,0.725877269,0.953543964,0.393573817
AT5G47840,6.521173726,7.697123313,60.45879812,54.86119761,-0.052927066,0.937988427,0.063316475,0.989950827,0.107861452,0.140301773,0.379353889
AT5G47860,3.210079583,3.7370612,7.546314843,12.8829507,0.710027167,0.157015943,0.155208122,0.977375972,0.425383734,0.290078049,-0.552323741
AT5G47870,3.492874602,3.562629688,13.67777468,7.246789423,-0.581745109,0.711443687,0.035296712,0.996883172,0.255368632,0.491614904,0.944947333
AT5G47880,4.098288712,5.008736362,14.32005062,10.27081686,-0.353456351,0.767851946,-0.240386847,0.956211798,0.286192334,0.487666797,0.768910721
AT5G47910,28.61085596,85.96580322,43.76522107,166.618435,2.033937352,3.33659E-96,1.669744871,5.50875E-31,0.653734981,0.515944128,-0.341491052
AT5G48120,1.954184421,2.199042185,2.381299523,2.546853287,0.256055462,0.90200603,0.03895367,0.993235243,0.820637808,0.863434967,0.073341897
AT5G48150,3.479451859,7.025351147,10.83162419,24.68819013,1.275386244,0.019925653,0.759784733,0.494642082,0.321230851,0.284563231,-0.174861198
AT5G48160,5.821170523,6.431769461,14.99553867,15.4697433,0.207363007,0.849395877,0.116291066,0.977375972,0.388193492,0.415764459,0.098990506
AT5G48180,4.210528582,7.831495498,15.06326895,4.766175583,-1.468483468,0.032984676,0.634733538,0.770320086,0.279522897,1.643140367,2.555417357
AT5G48220,3.790914121,2.983268426,22.52939562,8.977941806,-1.309482146,6.2584E-06,-0.398895303,0.896539194,0.168265238,0.332288679,0.981699981
AT5G48300,27.21044055,22.05467453,62.91947948,40.8757976,-0.333692126,0.311160046,-0.244387341,0.812146809,0.432464489,0.539553375,0.319184009
AT5G48380,19.33682087,47.2824684,40.5591301,102.6369144,1.41238559,9.24333E-23,1.380045193,2.78743E-13,0.476756302,0.460677025,-0.049496359
AT5G48385,7.326197932,16.04563623,24.34229567,42.92366138,1.006064336,3.41061E-09,1.083117759,0.073152502,0.300965777,0.373817976,0.312736501
AT5G48450,3.326665226,1.879555531,9.335382237,13.03135529,0.682472467,0.147400001,-0.668259367,0.769598235,0.356350189,0.144233312,-1.304891285
AT5G48490,9.669817644,9.979037137,87.05329389,80.32153978,-0.101226365,0.927227683,0.088050971,0.989950827,0.111079285,0.124238618,0.161523896
AT5G48540,15.68745601,45.83982638,51.65047692,143.0861526,1.567902115,2.42248E-32,1.566967896,1.27463E-07,0.303723352,0.320365217,0.076959682
AT5G48545,3.825000258,3.665624275,13.18894303,17.87212088,0.386773478,0.787157671,0.145124573,0.987121396,0.290015678,0.205102925,-0.499782826
AT5G48590,6.205177187,3.160416732,20.38818147,16.11096349,-0.322089274,0.738357295,-0.515957236,0.847531205,0.304351675,0.196165595,-0.633667278
AT5G48655,7.500590909,6.971982619,31.3526843,57.8476336,0.909368797,0.093716424,0.499032591,0.788384684,0.239232815,0.120523212,-0.989104262
AT5G48760,6.998307629,6.876890166,28.00781718,21.20230315,-0.236276591,0.937734607,0.046561079,0.993235243,0.249869798,0.324346375,0.37635878
AT5G48790,10.21161309,4.500215913,33.23148537,41.30340585,0.236149166,0.836743752,-0.817028221,0.478349899,0.30728729,0.108955081,-1.495854625
AT5G48880,1.599361647,1.613762854,8.518990105,5.908639294,-0.444453826,0.752374097,0.534483074,0.895159629,0.187740757,0.273119203,0.540788875
AT5G48930,37.67872528,22.43526301,93.23536012,52.74107392,-0.767823891,1.34046E-05,-0.693375563,0.056194322,0.404124843,0.425385024,0.073968202
AT5G48960,1.144671939,1.752199019,4.319670301,3.141374824,-0.53456393,0.514358206,0.715387347,0.769216459,0.26499058,0.557780945,1.073757575
AT5G49030,9.475391259,10.10170014,14.78217596,16.02907298,0.222488995,0.553097991,0.101990028,0.968936277,0.641001114,0.630211127,-0.024491638
AT5G49280,5.504245008,5.772019274,21.34882133,22.30659547,0.231338126,0.805395438,-0.107030787,0.987703677,0.257824304,0.258758414,0.005217509
AT5G49360,82.40333139,77.13004529,105.3348531,94.4557764,-0.04758546,0.897215974,-0.072032968,0.961585417,0.782298821,0.816573091,0.061862236
AT5G49450,3.371396674,14.34539897,13.22854583,17.20244462,0.285993643,0.873742785,1.53354898,0.125623597,0.254857693,0.8339163,1.710210684
AT5G49460,4.741858007,4.753495334,12.97938758,10.1700667,-0.293765105,0.757463193,-0.003059635,0.999274118,0.365337577,0.467400605,0.355429452
AT5G49480,15.35625772,15.91164662,83.84468287,77.96984476,0.172126378,0.867181201,0.093144526,0.987703677,0.183151241,0.204074366,0.156059497
AT5G49520,7.420957311,23.03464674,20.5418574,47.20351666,1.109969636,1.42598E-08,1.669502474,0.000121854,0.361260288,0.487985819,0.433800552
AT5G49570,3.229777424,2.474994837,8.276207011,5.565226048,-0.338517977,0.710257815,-0.191285434,0.970346925,0.390248506,0.444724943,0.188520212
AT5G49630,6.994751537,6.924358406,11.18551216,8.278189017,0.063315866,0.975796871,0.079962284,0.987703677,0.625340301,0.836458118,0.419651809
AT5G49650,3.475781111,3.501994471,6.68349637,8.292001732,0.392684582,0.665907324,-0.029488956,0.996883172,0.520054313,0.422334025,-0.300277818
AT5G49660,4.26201677,5.679201664,7.692525862,9.997056225,0.362395786,0.657206435,0.511209204,0.69286726,0.554046466,0.568087398,0.036105925
AT5G49720,41.77587306,42.43324375,77.98958229,67.30296172,-0.160797514,0.700851044,0.123951015,0.922491402,0.535659659,0.630481076,0.23513642
AT5G49730,17.19153403,15.43138343,21.11876756,15.79690408,-0.286216694,0.268788426,-0.167109043,0.906973926,0.814040591,0.976861248,0.263052924
AT5G49740,3.714404439,4.525654507,6.35454551,9.171410392,0.583520592,0.158774251,0.362341898,0.824202397,0.58452716,0.493452404,-0.244359124
AT5G49760,5.304976544,4.378063782,8.995168291,9.959337577,0.343194573,0.270332774,-0.189658471,0.949357573,0.589758454,0.439593873,-0.423952914
AT5G49810,6.307026166,3.977643024,7.408604218,5.614096661,-0.318519758,0.518399505,-0.498897609,0.623990042,0.851310987,0.708509893,-0.264898252
AT5G49820,4.535629827,6.257526123,10.59217782,11.35542782,0.242850434,0.698179302,0.214536806,0.953728363,0.428205597,0.551060358,0.363906694
AT5G49830,3.453984898,3.733241061,9.641710736,7.299840451,-0.212559515,0.808545633,-0.177965984,0.959658209,0.358233616,0.511414063,0.513591109
AT5G49890,2.830638792,2.615107037,4.467995133,6.495592125,0.526172276,0.682991584,-0.034324837,0.993889967,0.633536678,0.402597175,-0.654091097
AT5G49900,1.484509648,5.360066101,3.402467978,14.10205397,2.108949729,1.2549E-09,1.738038745,0.000512465,0.436303782,0.380091164,-0.198987494
AT5G49910,22.54789497,18.33916007,53.96179744,46.62352133,-0.129038063,0.55128332,-0.301558055,0.634971898,0.41784922,0.393345666,-0.087184754
AT5G49940,10.53551013,6.36757778,42.10614909,34.29648066,-0.18710896,0.814992274,-0.533801705,0.81394186,0.250213101,0.185662717,-0.430473194
AT5G49970,9.227407411,6.12916099,18.015592,14.55032058,-0.232933181,0.765130721,-0.493246619,0.811639549,0.512190075,0.421238897,-0.282040636
AT5G49980,4.788484403,1.802805432,8.607590555,8.255216133,-0.218632096,0.849395877,-1.004953777,0.330650095,0.556309501,0.218383796,-1.349021934
AT5G50000,5.041257313,2.703992904,10.73883505,13.47240238,0.673316736,0.149762506,-0.706378837,0.742487354,0.469441731,0.200706068,-1.225861863
AT5G50100,9.13245915,7.849654118,20.50774203,11.35787139,-0.488618595,0.413418596,-0.100610866,0.987703677,0.445317633,0.69112018,0.634101865
AT5G50210,4.354929428,4.171693846,7.210470653,10.82593765,0.425928468,0.536672845,0.013803972,0.996883172,0.603972977,0.385342497,-0.648342702
AT5G50250,6.473651939,8.431240582,28.20386576,15.61234324,-0.556050555,0.194789244,0.37054368,0.918446523,0.229530661,0.540036845,1.234370959
AT5G50380,2.596424239,4.938768542,8.015761041,5.754959442,-0.089142462,0.953880993,0.781927181,0.500907662,0.323914875,0.858176081,1.405658968
AT5G50430,5.109660897,7.816616785,11.78542109,7.514579674,-0.394927198,0.82936391,0.465239598,0.86876,0.433557771,1.04019348,1.262555752
AT5G50450,1.75620398,1.492900114,6.100384369,5.562956207,-0.029644506,0.991366964,-0.092314413,0.989950827,0.287884152,0.268364528,-0.101294381
AT5G50850,10.99222145,11.51081195,33.29850452,21.87522851,-0.601260258,0.058403564,0.071491375,0.987703677,0.330111565,0.52620305,0.672665926
AT5G50870,4.505341687,4.916796728,19.193077,27.11188393,0.440750555,0.603692489,0.080242221,0.99028252,0.234737853,0.181352087,-0.372257159
AT5G50900,2.484703141,2.56249555,4.294749934,6.739899643,0.565287958,0.482296414,0.242131178,0.964026953,0.578544311,0.380197879,-0.605676976
AT5G50920,137.5879929,115.480778,191.439799,167.2014732,-0.114863806,0.533320281,-0.230886207,0.346021421,0.718701093,0.690668424,-0.057398612
AT5G50950,4.461354855,5.196837043,12.97174327,11.99838119,0.242911403,0.765130721,0.071722243,0.987703677,0.343928704,0.433128183,0.332684521
AT5G50960,14.70282341,6.099322494,25.16002845,13.93158246,-0.808835819,0.079458339,-0.466339962,0.755915679,0.584372289,0.437805433,-0.416597907
AT5G51010,34.75511813,33.84122641,129.3672148,124.1854139,-0.059771865,0.937447108,0.026732882,0.993889967,0.268654761,0.272505646,0.020532717
AT5G51020,10.34963188,10.50671505,30.34007474,12.73437832,-0.997593338,0.007096097,-0.139790412,0.97690286,0.341120843,0.825066979,1.274228332
AT5G51070,17.96757563,28.01338021,39.31573946,78.94970076,1.095635328,1.0869E-36,0.650367839,0.009073258,0.45700719,0.354825667,-0.365106492
AT5G51110,21.92475454,19.13923247,205.9990137,142.5869273,-0.339378057,0.140123204,-0.062484162,0.987703677,0.106431357,0.134228522,0.334767997
AT5G51150,2.539337859,1.514229254,7.181922562,2.915839122,-0.867403941,0.133384409,-0.078117298,0.989950827,0.35357355,0.51931166,0.554590262
AT5G51200,4.942030123,6.052670999,6.561488471,6.962755851,0.143368042,0.960313888,0.312687156,0.771515916,0.753187352,0.869292437,0.20683282
AT5G51230,1.755252511,2.369296109,5.000194153,9.400505428,0.550868315,0.536936517,0.552212719,0.86215767,0.351036871,0.252039226,-0.47797429
AT5G51280,2.565719832,1.604218185,2.074441916,2.00179174,-0.140800828,0.95445,-0.185000608,0.97421589,1.236824137,0.80139115,-0.626061896
AT5G51300,3.156070113,1.721371298,8.482027265,6.028925024,-0.553493739,0.46451119,-0.593387977,0.789698208,0.372089126,0.285518777,-0.382062604
AT5G51340,2.317542276,1.874325516,4.422813841,5.080828221,0.120845815,0.960313888,0.007622718,0.998844586,0.523997247,0.368901572,-0.506323297
AT5G51400,6.307499844,3.904740166,24.87285919,17.78827658,-0.190901153,0.915857683,-0.538668145,0.875322749,0.253589658,0.219512,-0.208196099
AT5G51430,3.384378336,2.872818468,6.343715859,5.586000475,-0.060223133,0.978727357,-0.175707998,0.970346925,0.533500934,0.514288977,-0.052911566
AT5G51460,3.231422871,2.339166251,11.79541314,12.97944897,0.034325957,0.991366964,-0.011900504,0.997980555,0.273955887,0.180220767,-0.604178342
AT5G51545,7.905307842,6.182737816,37.9231872,20.85956132,-0.645027366,0.074332554,-0.218712548,0.970346925,0.208455787,0.296398267,0.507795585
AT5G51550,15.62658682,7.691903223,43.51613291,26.00051783,-0.635623815,0.328143734,-0.918638421,0.209778499,0.359098701,0.29583654,-0.279580181
AT5G51640,2.600091114,2.845447579,4.514942083,3.814254105,-0.322808585,0.864292185,0.14205087,0.982876393,0.575885818,0.746003675,0.373399943
AT5G51720,19.88008159,10.07395881,87.80695276,48.07211909,-0.621107782,0.188752399,-0.432547642,0.906973926,0.226406691,0.209559283,-0.111558161
AT5G51820,8.425629939,8.484346172,15.34112053,12.96183164,-0.291595875,0.613837653,0.112723679,0.974111218,0.549218678,0.654563831,0.253153195
AT5G51940,5.088499212,3.723756048,12.21932417,13.88955842,-0.242221927,0.879819951,-0.615107277,0.851670604,0.416430495,0.268097512,-0.635317892
AT5G51970,13.64628538,11.40620671,36.10395786,48.76049464,0.466026329,0.169520503,-0.096842342,0.9805112,0.377972006,0.233923113,-0.692244971
AT5G51980,2.598421418,1.537682197,7.126859283,3.337873071,-0.808419091,0.320521437,-0.627408309,0.784808883,0.364595583,0.460677253,0.337459278
AT5G52040,4.744426715,4.916221699,9.261381416,9.191855905,0.165052587,0.912682269,0.403104715,0.896539194,0.512280674,0.534845384,0.062187422
AT5G52050,8.134137873,28.42385396,15.03514077,55.45808788,1.875208018,3.21602E-26,1.77399822,4.15946E-11,0.541008428,0.512528561,-0.078018668
AT5G52060,4.38975161,3.083514476,18.84560348,14.52152582,-0.607823868,0.055229119,-0.077001103,0.988190111,0.232932398,0.212340942,-0.133528745
AT5G52100,2.108132394,1.817429731,11.9585686,13.85198886,0.352436811,0.703023189,-0.165925235,0.984477763,0.176286349,0.131203522,-0.426114306
AT5G52200,3.263765966,2.242608509,14.61467745,19.08215805,0.193071537,0.893246092,-0.142631974,0.987703677,0.223321108,0.117523841,-0.926166167
AT5G52240,14.01809278,5.347274967,36.85800171,39.17021523,0.211164965,0.858128988,-0.693693587,0.694972648,0.380326988,0.136513801,-1.478193508
AT5G52310,29.72695437,14.34233421,57.77706912,38.86897876,-0.539335984,0.00023294,-0.829565948,0.000765149,0.51451129,0.368991794,-0.479614002
AT5G52320,3.872670133,3.641844319,7.107104242,7.110210844,-0.017140986,0.993625042,-0.213191079,0.964026953,0.544901271,0.512199202,-0.089289851
AT5G52440,10.35930913,11.04790062,31.58937005,26.60530104,-0.226574693,0.820552724,-0.01303286,0.996968648,0.327936553,0.415251855,0.340569895
AT5G52470,13.1478347,11.89503807,35.44615621,40.54761259,0.082877652,0.951036865,-0.308217939,0.864081627,0.370924131,0.293359764,-0.338453117
AT5G52510,2.751546632,2.039638717,5.198745503,7.047748804,0.507400056,0.591967925,-0.199762054,0.972259272,0.529271269,0.289402868,-0.870928123
AT5G52520,8.788269589,7.755168751,17.61387592,17.01980749,0.033498009,0.980615591,-0.129168901,0.971959027,0.498940133,0.455655492,-0.130923262
AT5G52530,6.526072662,8.224267261,15.32803324,12.65365629,-0.23379916,0.656606435,0.403621214,0.731956595,0.425760602,0.649951846,0.610290378
AT5G52540,6.500469369,5.761029623,19.56574644,7.36914738,-0.907861045,0.012635214,-0.228736018,0.943661442,0.332237228,0.781776958,1.234543322
AT5G52560,2.078233125,3.149316099,3.380829888,4.067961363,0.20339356,0.93198509,0.314800076,0.936826375,0.614710942,0.774175519,0.332752522
AT5G52570,7.813295591,3.397655215,19.5447233,22.03956783,0.235636232,0.714997259,-0.706308726,0.694972648,0.399764963,0.154161608,-1.37470851
AT5G52580,6.428548935,7.627201621,14.11230838,18.65305624,0.392747622,0.656187283,0.253387053,0.923472352,0.45552781,0.408898227,-0.155797328
AT5G52650,15.71418081,13.8658033,91.78780599,78.08176069,-0.276343658,0.736712481,-0.062926692,0.987703677,0.171201181,0.177580567,0.052781054
AT5G52750,6.686663478,50.20574623,23.87643299,163.4443082,3.032599286,2.3585E-72,2.931382621,1.6928E-18,0.280052866,0.307173415,0.133354168
AT5G52780,3.937245063,1.784781437,21.4689572,21.02040012,0.271874493,0.881138327,-0.798162862,0.77809427,0.183392469,0.084907111,-1.110977111
AT5G52820,1.857231966,1.330101464,8.318923379,7.293227376,0.285999826,0.778915825,-0.249170827,0.970346925,0.223253885,0.182374879,-0.291778258
AT5G52840,7.425927968,7.037674989,78.984708,58.40267461,-0.396039431,0.140393239,0.200891564,0.971959027,0.094017287,0.120502615,0.358066493
AT5G52882,3.827985707,3.559463337,8.025824565,5.76026785,-0.517868777,0.148820296,-0.204191887,0.956159786,0.476958558,0.61793365,0.373588021
AT5G52900,5.714214605,2.939192624,23.12605361,8.367300171,-1.344921844,0.011400686,-0.617659432,0.823006316,0.247089914,0.351271326,0.50754969
AT5G52920,12.02987934,9.701345918,24.14005982,27.35606831,0.246141669,0.635773978,-0.070346888,0.986150942,0.498336766,0.354632318,-0.490797
AT5G52970,9.857484014,10.73689034,49.41303715,41.15253997,-0.243569463,0.738616166,0.063435695,0.989950827,0.199491563,0.260904682,0.387195099
AT5G53050,13.83614341,14.79206311,50.72327699,42.61681815,-0.444852166,0.216033324,0.443979788,0.68324374,0.272777002,0.347094498,0.347606483
AT5G53060,1.992504768,2.93425236,6.800585346,7.554747886,0.07016639,0.975009112,0.239677656,0.959670996,0.292990186,0.388398449,0.406685096
AT5G53120,2.672978913,1.694055076,9.776580035,3.648006646,-0.930210109,0.412238622,-0.072070219,0.991579971,0.273406335,0.464378287,0.764253846
AT5G53130,6.896615494,8.714117379,12.8807873,12.90409909,0.150160272,0.818265499,0.428460351,0.73184281,0.535418786,0.675298393,0.334857365
AT5G53140,7.650507308,5.65367682,17.14577213,17.23567282,0.338298574,0.669472127,-0.244596507,0.919796702,0.44620372,0.328021823,-0.443910742
AT5G53170,10.19090786,9.933575024,18.74407494,12.3024821,-0.43941745,0.061672259,0.003206089,0.998984146,0.543686893,0.807444786,0.570587562
AT5G53280,1.502885655,2.017284562,5.465947141,1.722454317,-1.154608889,0.294075891,0.144632841,0.987703677,0.274954297,1.171168688,2.090685148
AT5G53300,92.90238576,77.57826647,247.4021505,249.1505186,-0.010925047,0.988352156,-0.145951887,0.922062997,0.375511634,0.311371082,-0.270222644
AT5G53310,2.844683582,5.945045533,30.52775615,20.13969558,-0.159372262,0.90200603,0.346762181,0.930561985,0.093183514,0.295190437,1.663499347
AT5G53350,7.550845166,5.517876298,14.21432903,12.1411447,-0.093775043,0.94925199,-0.347620488,0.891862226,0.531213619,0.454477435,-0.225083471
AT5G53370,6.586433143,6.179764097,20.30558438,16.60249148,-0.151356671,0.882210968,-0.117993765,0.977375972,0.324365604,0.37221908,0.198531165
AT5G53450,2.497204798,3.585769975,6.574639857,3.97342872,-0.525073375,0.708222269,0.231704887,0.956206514,0.379823816,0.902437222,1.248496206
AT5G53460,13.71416693,12.87816737,9.527782306,10.02249005,0.139752318,0.883179022,-0.069775246,0.970346925,1.439387099,1.28492693,-0.163768312
AT5G53480,8.407191741,8.440088808,14.4841529,10.4358223,-0.385655744,0.223199602,0.072241144,0.984779405,0.580440693,0.808761262,0.478565231
AT5G53490,22.00123175,19.33509473,87.20423107,47.49037155,-0.564574542,0.75055634,0.011541016,0.996883172,0.252295462,0.407137154,0.690400628
AT5G53550,3.063289729,3.458826903,10.50238723,9.700624939,0.179935689,0.815803136,0.050997042,0.991579971,0.291675565,0.356557121,0.289768689
AT5G53560,6.327116237,13.19751275,61.27394847,85.9104108,0.478436794,0.148048931,0.064043205,0.988742131,0.103259483,0.153619481,0.573086905
AT5G53570,3.363348195,5.584872908,11.09727334,16.71795918,0.697220111,0.093736031,0.419413993,0.877055808,0.303078792,0.334064275,0.140432806
AT5G53580,8.943720214,5.557585086,20.11016356,23.33176119,0.156867992,0.895748162,-0.562252069,0.76437457,0.444736324,0.238198267,-0.900787324
AT5G53620,4.981472149,5.440619569,9.621489982,9.585245256,0.234322735,0.935270677,0.104069098,0.982876393,0.517744357,0.567603585,0.132643775
AT5G53750,7.310713493,6.257036395,26.64638782,20.23740675,-0.29988251,0.653542394,-0.089873591,0.987703677,0.274360395,0.309181728,0.172382823
AT5G53850,6.817882789,8.778435663,17.47094196,14.52561415,-0.198557503,0.833711758,0.307127911,0.915554809,0.390241282,0.60434179,0.630998305
AT5G53860,15.64789282,7.068971308,20.04264987,19.81978048,-0.01833081,0.989905684,-0.799459188,0.301426879,0.78072974,0.356662442,-1.130263924
AT5G53970,9.040959591,8.338120728,16.33569303,8.046526897,-0.664492183,0.594164071,-0.037084668,0.993235243,0.553448181,1.036238471,0.904835901
AT5G54080,4.078892852,1.672736863,6.659336787,11.83093047,0.694345524,0.350860984,-0.965358691,0.536641217,0.612507369,0.141386755,-2.115080229
AT5G54110,5.572243978,4.246750266,19.77978962,22.25649514,0.132473435,0.92932035,-0.289534242,0.953728363,0.281714016,0.19080948,-0.562098494
AT5G54160,19.01475927,19.50121072,87.17709333,79.40319177,-0.098820893,0.90200603,0.211952837,0.917121823,0.218116463,0.245597315,0.171196122
AT5G54170,24.6005891,31.10293758,66.03550277,92.12614182,0.574466055,3.02584E-06,0.38063416,0.553709817,0.372535804,0.337612506,-0.142010742
AT5G54180,3.663959934,3.232317657,5.530576202,1.804936245,-1.402104135,0.025199968,-0.114093744,0.987459256,0.662491538,1.790820959,1.434647175
AT5G54190,2.159908807,3.841097381,6.171043521,7.357382994,0.382125347,0.777376492,0.743921436,0.75044202,0.350007061,0.522073866,0.576869914
AT5G54270,659.9879262,461.7615127,4372.354026,4241.984092,0.040661532,0.909676643,-0.36803362,0.002043031,0.150945674,0.108855079,-0.471620692
AT5G54290,8.158652234,6.488549071,30.51106305,30.81520319,0.071509008,0.93607786,-0.273955346,0.942153525,0.267399803,0.210563242,-0.344744796
AT5G54300,8.910358963,5.918740061,23.10747029,17.91568962,-0.309175607,0.733639465,-0.172831723,0.970346925,0.385605125,0.330366298,-0.223057705
AT5G54310,5.677619859,2.140641744,19.7071723,25.57263041,0.28238127,0.824582091,-0.924650681,0.445907257,0.288099164,0.083708313,-1.783122669
AT5G54380,7.414821469,8.818906285,13.47905643,6.202141924,-1.07999242,0.038320503,0.298380571,0.879698359,0.550099446,1.421913009,1.370068851
AT5G54390,2.7341318,3.277317819,6.041392859,5.218659039,-0.109322033,0.975715601,0.535921779,0.881357641,0.452566463,0.627999989,0.472634853
AT5G54430,3.625835547,6.047240917,22.41010578,9.488141994,-0.996937028,0.175550741,0.384323489,0.922062997,0.161794665,0.637347219,1.977915517
AT5G54440,3.074010661,3.588243727,5.892078519,6.141811454,0.175043008,0.820976245,0.167482141,0.96219347,0.521719229,0.584232153,0.16326815
AT5G54500,11.97624939,14.33197122,31.95734764,62.81009887,0.870009274,0.00029597,0.610960914,0.678927156,0.374757302,0.228179409,-0.715787984
AT5G54540,9.812972175,12.13959582,33.63086633,33.40585172,0.056358808,0.956311975,0.353364393,0.87240301,0.291784698,0.363397285,0.316643415
AT5G54580,1.852194734,1.699133499,17.63650472,15.93131298,-0.163011884,0.890765795,0.44155695,0.935496418,0.105020511,0.106653702,0.022262919
AT5G54600,24.91355685,30.52424019,168.6131368,99.47353206,-0.748885993,6.21401E-05,0.217976704,0.927958111,0.147755728,0.30685791,1.05435671
AT5G54610,4.134139956,1.465987303,7.962915869,1.588401722,-1.869791268,0.003246498,-1.186220558,0.343332056,0.519174135,0.92293233,0.830006362
AT5G54680,12.28729343,8.283570615,58.86927737,76.85824841,0.392733097,0.368079122,-0.351544166,0.889332759,0.208721662,0.107777249,-0.953527665
AT5G54710,53.29629345,106.0251504,104.4863269,245.5213115,1.229829022,7.69386E-30,1.080823311,2.59134E-15,0.510079118,0.431836853,-0.240234672
AT5G54720,43.74066385,99.51568144,56.82555597,124.8275634,1.288369433,6.34802E-16,1.331038232,1.27463E-07,0.769735783,0.797225218,0.050624029
AT5G54730,1.979218276,7.009728811,4.68892386,10.48158542,1.236920275,2.51186E-06,1.771852793,0.000107177,0.422105015,0.668766082,0.663899709
AT5G54770,329.0340868,295.1737717,1264.214031,1134.407581,-0.070663913,0.520450967,-0.207847266,0.426263372,0.260267707,0.26020081,-0.000370864
AT5G54800,4.898400986,5.026064535,16.40278159,23.59026976,0.727142194,0.187269145,0.163791714,0.97421589,0.298632336,0.213056679,-0.48713311
AT5G54810,22.87009835,54.36221097,48.2234068,174.3666746,1.981991711,2.75939E-57,1.385236589,6.24868E-07,0.474253062,0.3117695,-0.605177291
AT5G54860,3.479933475,9.919891354,6.770542028,35.12793955,2.46500074,6.58905E-28,1.435973985,0.005716982,0.513981519,0.282393203,-0.864011123
AT5G54870,4.386390843,4.278051518,9.808325699,3.046602444,-0.872672728,0.1178114,0.082324436,0.988742131,0.447210969,1.404204059,1.650725123
AT5G54900,8.527849691,7.349198996,20.28803547,19.56494424,-0.000170239,0.999850376,-0.488220476,0.784808883,0.42033886,0.375630971,-0.16223682
AT5G54940,125.4116442,101.4243563,516.2128554,372.80898,-0.358100891,0.089785969,-0.193319057,0.889332759,0.242945604,0.272054488,0.1632623
AT5G54960,2.811724445,4.275669786,8.796255811,5.701885207,-0.600405852,0.244840839,0.719353177,0.64121145,0.319650145,0.749869496,1.230145789
AT5G55040,4.101389206,2.960212557,9.73989663,5.462097132,-0.648127028,0.315583693,-0.365530355,0.876700446,0.421091657,0.541955312,0.364039607
AT5G55050,3.084640798,1.666213976,6.155948761,5.878936656,0.178801448,0.947897628,-0.813295267,0.730636809,0.501082923,0.283420978,-0.822102825
AT5G55070,5.016397624,4.318414733,19.76793086,21.80044522,0.218628381,0.805625602,0.188907109,0.961585417,0.253764426,0.198088373,-0.357345633
AT5G55100,2.51873289,1.992706564,7.02289061,6.816999633,0.073029908,0.9709843,-0.219177616,0.963685245,0.35864618,0.292314313,-0.295040793
AT5G55160,5.242750772,9.408581931,27.70823557,38.21779335,0.441582878,0.465701978,1.045803838,0.563080614,0.189212726,0.246183285,0.379723693
AT5G55180,2.576704925,4.02531572,10.39869307,6.310641322,-0.604914078,0.291373268,0.708213974,0.746977286,0.247791228,0.637861592,1.364118295
AT5G55190,6.315731802,7.491367356,39.33054467,38.7339356,0.032849606,0.974621934,0.34361929,0.927958111,0.160580837,0.193405788,0.268331231
AT5G55210,4.209148934,2.132512104,17.3435162,9.572050582,-0.529375031,0.57300368,-0.382288598,0.939534869,0.24269294,0.222785294,-0.123478135
AT5G55220,15.02489404,10.779301,24.32705925,15.7701581,-0.523405725,0.069830751,-0.229248802,0.906326092,0.617620646,0.683525234,0.14627362
AT5G55230,4.076127355,5.936797341,9.319251286,4.893076626,-0.638558196,0.210653232,0.355529421,0.899651201,0.437387858,1.213305614,1.471957915
AT5G55280,5.621183626,7.706838471,17.17029366,11.80055982,-0.342561874,0.637579635,0.482993134,0.841911044,0.327378421,0.65309092,0.99632462
AT5G55300,4.444096149,5.008889929,9.141156059,7.857089872,-0.178624434,0.906019898,0.122377435,0.97421589,0.48616347,0.637499381,0.390982447
AT5G55310,2.436943693,4.590516958,4.330965664,4.766301298,0.454374559,0.591953261,0.78015329,0.470364232,0.562679061,0.96311934,0.775402295
AT5G55630,2.785144622,2.76534228,8.189248032,8.04057623,0.256822504,0.799661869,0.206788823,0.97421589,0.340097725,0.343923396,0.016137906
AT5G55670,1.525197667,2.015929757,3.506627297,2.922228931,-0.155204867,0.93607786,0.672504991,0.76437457,0.434947184,0.68986031,0.665464038
AT5G55710,9.941209833,7.515210854,37.66236533,28.8730848,-0.246356379,0.884574151,-0.272430551,0.95441548,0.263956067,0.260284307,-0.020209499
AT5G55730,3.090925763,4.099185602,5.532231351,9.380056447,0.620602274,0.477274659,0.295551592,0.954413259,0.558712311,0.437010761,-0.354436806
AT5G55740,2.191950013,2.127441883,3.647280019,2.367659575,-0.468098364,0.636251951,-0.050115377,0.993235243,0.600982102,0.898542132,0.580264126
AT5G55850,9.614965986,6.80685555,37.79318256,54.54351002,-0.046977649,0.984409336,-0.139721852,0.982876393,0.254410064,0.124796801,-1.027574791
AT5G55910,4.475337143,3.782289395,12.58327619,7.910988052,-0.13105994,0.919052567,-0.306191018,0.927733977,0.355657547,0.478105816,0.426841176
AT5G55930,3.198258306,2.092109728,8.837169935,6.528239766,-0.493204291,0.253211348,-0.557219576,0.846328658,0.361909789,0.320470725,-0.175437559
AT5G55960,3.758259943,3.241760083,7.941136864,8.507338662,0.070383085,0.973570077,-0.117486545,0.987121396,0.473264724,0.381054547,-0.312649858
AT5G55970,2.235177607,3.675588591,5.487833248,10.64874705,0.95781139,0.241993615,0.491210703,0.906973926,0.407296925,0.345166297,-0.238789318
AT5G56030,3.773933966,2.822645539,11.88247362,9.252191651,-0.1165835,0.901073188,-0.402769541,0.751015493,0.317605078,0.305078585,-0.058053067
AT5G56140,4.956688951,3.009341284,24.34677018,24.50789571,0.063594541,0.940898932,-0.381879315,0.922062997,0.203587125,0.122790684,-0.729445217
AT5G56170,30.59962446,22.04194892,131.3306217,135.8595379,0.097194395,0.806782691,0.099062105,0.97421589,0.232996875,0.162240718,-0.522174667
AT5G56190,2.752949601,4.006424885,7.931911176,7.361735797,-0.007002388,0.997466437,0.45407765,0.899651201,0.347072671,0.544222857,0.648959778
AT5G56250,1.570530956,1.580340951,2.911157623,4.278686639,0.159971681,0.932561997,-0.205287674,0.970346925,0.539486747,0.369351879,-0.546591601
AT5G56260,4.285670477,6.847985719,27.39398838,25.4764723,-0.116572736,0.956311975,0.695131332,0.773822539,0.156445656,0.268796466,0.780852571
AT5G56290,7.778769491,4.356128887,11.42853091,10.17935173,-0.065353403,0.967018989,-0.841531346,0.383163772,0.680644744,0.427937751,-0.669501039
AT5G56340,3.856250264,4.325075002,11.41237961,9.116062595,-0.037748223,0.989721267,0.011235371,0.997778221,0.33790063,0.474445514,0.489643373
AT5G56350,5.237380308,5.218979869,14.18024512,15.061521,-0.028118112,0.981376755,0.183319622,0.964026953,0.369343426,0.346510812,-0.09206253
AT5G56360,1.932957969,1.262310015,2.634936082,2.674629941,-0.055592534,0.982955593,-0.403429541,0.927363267,0.733588182,0.471956885,-0.636315327
AT5G56550,4.170678944,3.653427664,33.81634018,29.75121791,-0.347229069,0.642273214,-0.023272424,0.996883172,0.123333244,0.122799264,-0.006259814
AT5G56600,9.315472446,5.080877164,27.8835474,11.24181103,-0.786057599,0.145703297,-0.533409615,0.877055808,0.334084911,0.451962513,0.435988293
AT5G56680,5.809027166,4.436472997,10.89751505,10.44410829,-0.300005151,0.704530207,-0.135018631,0.971959027,0.533059797,0.424782363,-0.327573514
AT5G56710,12.40587004,15.65333101,48.73096901,23.74904268,-0.342226493,0.403329459,0.131992098,0.964985376,0.254578768,0.659114189,1.372416327
AT5G56750,3.683045026,1.268055902,7.634608706,3.921778536,-0.678250124,0.634241117,-0.991982216,0.641616425,0.48241438,0.323336948,-0.577234538
AT5G56760,7.456962665,5.511257741,33.50898072,33.04250362,0.139022231,0.906019898,-0.157228803,0.975755314,0.222536243,0.166792983,-0.41598172
AT5G56850,1.636250302,1.924819806,3.600556303,3.871618269,0.191410188,0.915857683,0.306302134,0.953728363,0.454443748,0.497161567,0.129613048
AT5G56860,3.221497696,1.607720126,6.350070627,2.273254339,-0.398921785,0.779435194,-0.166761657,0.977375972,0.507316829,0.707232841,0.47929825
AT5G56870,4.677755579,3.33938657,4.967779525,5.374668201,0.478178732,0.700851044,-0.50069076,0.813609979,0.941618998,0.621319576,-0.599807917
AT5G56890,2.959967457,2.996483297,3.302036893,3.168562132,-0.162564181,0.93949253,0.14316133,0.97421589,0.896406537,0.945691822,0.077216952
AT5G56910,2.556549332,1.049103418,7.364326326,7.51239543,0.016082995,0.995356505,-0.638731873,0.878842945,0.347153184,0.139649653,-1.31376041
AT5G56950,2.219658266,1.757765515,6.685311671,2.365033285,-0.535796235,0.739390566,0.249668507,0.963665408,0.332020162,0.743230772,1.162539382
AT5G56980,57.37968456,56.05467513,96.88593796,120.149883,0.435165972,0.029876552,0.013574068,0.994137552,0.592239553,0.466539573,-0.344181385
AT5G57015,9.337247286,7.465869104,15.98685087,25.11646134,0.750461346,0.015756933,-0.074873102,0.987703677,0.584057946,0.297250039,-0.974434513
AT5G57020,7.313822306,7.56908305,18.49921296,21.36859759,0.235104319,0.62198463,0.287340242,0.908309853,0.395358566,0.354215246,-0.158535374
AT5G57030,9.534842148,8.176827541,23.51272322,20.08278277,-0.048913903,0.970907841,0.029705878,0.993235243,0.405518411,0.407156102,0.005814608
AT5G57035,4.354533065,8.050746158,9.082750016,21.65432696,1.183772205,0.001007572,0.820125337,0.212106559,0.479428924,0.37178464,-0.36684978
AT5G57040,27.24108051,14.99551879,72.6620891,59.45254443,-0.04290956,0.960290386,-0.6440363,0.635984896,0.374900871,0.252226695,-0.571788204
AT5G57220,2.912176833,37.26851993,8.573598408,121.3104622,3.885869391,1.8626E-201,3.550975453,5.32158E-31,0.339667978,0.307216041,-0.144871667
AT5G57290,16.09688643,10.16207321,126.7405192,114.0093439,-0.085760607,0.922141838,-0.287892917,0.936826375,0.127006632,0.089133687,-0.510861135
AT5G57330,11.80152881,8.171659059,14.02732561,22.55350415,0.454259517,0.393025223,-0.131029721,0.977375972,0.841324223,0.362323256,-1.215384472
AT5G57345,18.44992367,20.5878995,95.56289809,94.20323915,-0.00561662,0.996592681,0.184939741,0.957926244,0.193065761,0.218547681,0.178855737
AT5G57350,22.44215099,28.53650759,45.69976509,63.87956516,0.558592311,4.03866E-05,0.355008078,0.288162175,0.491078038,0.446723573,-0.136569919
AT5G57360,5.133305335,2.55874689,12.4959655,3.52536801,-1.395065631,0.000289554,-0.976874341,0.287253316,0.410797016,0.725809868,0.821165971
AT5G57460,3.357435458,4.017431385,12.86006019,6.686647251,-0.678813136,0.195198302,0.205517809,0.969425022,0.26107463,0.600814015,1.202456197
AT5G57560,63.69979873,220.3225363,198.7564374,763.7296884,2.057065388,6.0618E-146,1.922952729,9.44239E-43,0.320491751,0.288482351,-0.151804165
AT5G57580,7.547466803,8.786339155,13.76282684,15.56332824,0.305644648,0.322296902,0.305533057,0.856972298,0.5483951,0.564553996,0.041895893
AT5G57610,2.533709618,1.69489145,3.848396499,4.175994418,0.28402475,0.833711758,-0.457916926,0.83700646,0.658380606,0.405865353,-0.697920648
AT5G57655,13.53623287,8.315239365,27.84067046,28.26992287,-0.063373892,0.944416055,-0.245426878,0.906973926,0.486203552,0.294137321,-0.725070586
AT5G57660,103.6047173,65.35905515,281.2869256,235.889259,-0.135495137,0.295345088,-0.540312689,0.009799655,0.368323971,0.277075164,-0.410697892
AT5G57710,25.32360472,22.02774216,32.27085062,45.90586726,0.607916153,2.04642E-06,-0.197001657,0.824365957,0.784720707,0.479845899,-0.709608106
AT5G57800,4.250518498,5.113847638,9.383970396,12.02643795,0.443171047,0.332258396,0.353449886,0.889556617,0.452955233,0.425217147,-0.091168695
AT5G57850,3.804082308,3.63846914,17.16997128,10.99888765,-0.612599684,0.19278965,-0.106596525,0.987703677,0.221554378,0.330803374,0.578313112
AT5G57870,7.583654973,8.597420098,22.49003653,21.9632231,-0.008690743,0.993625042,0.050728469,0.988906775,0.337200652,0.391446194,0.215206693
AT5G57887,5.333364436,11.89808598,74.22906757,73.21373023,-0.040099579,0.98891443,0.234141248,NA,0.07185008,0.162511676,1.177481706
AT5G57930,6.069253585,3.667633253,30.84377062,28.25821958,0.043319301,0.977961921,-0.704109473,0.685652346,0.196774048,0.129789962,-0.600361144
AT5G57940,8.96188924,5.298839579,18.57460779,15.50273453,-0.16114835,0.853198514,-0.602611073,0.598051705,0.482480671,0.341800317,-0.497317413
AT5G57990,9.677073542,7.177589376,19.43242843,19.15487165,0.061360266,0.910440499,-0.314157401,0.826765207,0.497985806,0.37471352,-0.410316592
AT5G58020,7.117620818,8.564535272,25.49520123,23.56707852,-0.000137979,0.999881497,0.287175448,0.936826375,0.279174922,0.363410987,0.380432686
AT5G58040,2.748975276,1.708385295,4.853567339,4.993292697,0.338242054,0.563853408,-0.650807314,0.664523271,0.566382433,0.342136021,-0.727206515
AT5G58060,6.554598763,6.226595811,31.08323047,25.8017619,-0.348433427,0.49471686,-0.339787022,0.927958111,0.210872508,0.241324443,0.194603028
AT5G58070,19.08309168,11.38965083,139.308035,89.05929476,-0.566528192,0.015625027,-0.440798334,0.808039381,0.13698486,0.127888401,-0.099131024
AT5G58090,18.86248924,10.41679682,50.69617591,44.65399237,-0.075778228,0.865868378,-0.853692061,0.056683835,0.372069271,0.233278063,-0.673520603
AT5G58100,4.294183828,3.311548492,4.669956108,4.103225392,-0.208069614,0.814992274,-0.293048657,0.916442123,0.919534087,0.807059855,-0.188227382
AT5G58110,5.055785735,4.802720369,36.17629477,50.33932918,0.628771107,0.332218683,-0.077157499,0.989950827,0.139754106,0.09540692,-0.550724849
AT5G58120,12.12132644,19.81639105,14.82787295,27.58175792,1.082809338,1.06209E-06,0.893836896,7.69795E-05,0.817468998,0.718460045,-0.18625609
AT5G58140,14.49148329,13.82942615,26.59345063,27.14323854,0.093969209,0.806257361,-0.032215651,0.991579971,0.544926775,0.509498015,-0.096985855
AT5G58230,2.345169054,3.060219114,10.01434493,5.918007931,-0.612861528,0.262745068,0.040893354,0.993889967,0.234180974,0.517102909,1.142827548
AT5G58240,3.799928111,2.494850433,17.54990693,8.622860022,-0.468336512,0.650461519,-0.256875871,0.970346925,0.216521269,0.289329808,0.418206217
AT5G58250,19.93931995,12.95871273,98.53421354,73.83999309,-0.270281324,0.410796729,-0.073517474,0.987703677,0.202359355,0.175497209,-0.205471459
AT5G58260,14.48875709,10.2289725,53.0822498,53.59740195,0.009991067,0.993614173,-0.072024063,0.987703677,0.27294919,0.19084829,-0.516206157
AT5G58270,2.455171099,3.815651018,7.35885586,10.96097927,0.672623909,0.159078983,0.544422481,0.859996219,0.333634895,0.348112237,0.061282344
AT5G58290,8.646537224,8.570570504,28.50422317,32.15246102,0.239286878,0.631728478,0.031133822,0.993885949,0.303342321,0.266560326,-0.186484719
AT5G58330,25.90418625,26.30942275,86.80957355,98.87864618,0.193146779,0.200540285,0.293159122,0.668084604,0.298402413,0.266077902,-0.165410504
AT5G58350,3.227647126,3.389991041,7.784108795,10.27318971,0.361723783,0.742816458,0.023483381,0.996883172,0.414645685,0.329984273,-0.329481812
AT5G58375,7.587562855,4.933409811,26.75221285,56.39773108,0.816858487,0.277040016,0.42481656,0.927998701,0.283623747,0.087475324,-1.69703032
AT5G58410,1.902483744,1.417572212,2.568282456,2.997529545,0.272807699,0.792674001,-0.390626778,0.880759806,0.740761102,0.472913508,-0.647431994
AT5G58420,9.828611691,8.302841432,38.34865945,44.92036114,-0.072427626,0.964219283,-0.057808214,0.988076608,0.256296096,0.184834699,-0.471575882
AT5G58430,30.39027447,57.9866342,59.66087697,124.778544,1.077717637,1.62729E-11,1.032681003,1.82233E-10,0.509383637,0.464716388,-0.132402095
AT5G58440,3.081265968,3.835960527,8.996848307,7.584047031,-0.136874345,0.913711595,0.327083763,0.923174629,0.342482819,0.505793346,0.562516444
AT5G58470,6.01750528,4.706762252,8.525299418,11.72888239,0.36166218,0.55495224,-0.098075572,0.987703677,0.705840931,0.401296739,-0.814673661
AT5G58490,2.884504396,2.697644373,11.68006591,8.436079949,-0.388605156,0.840512712,0.081966886,0.989950827,0.246959599,0.319774633,0.372780452
AT5G58560,2.938509728,2.177155323,10.13545809,7.658178226,0.350129687,0.736712481,-0.309122157,0.953728363,0.289923722,0.284291545,-0.028302184
AT5G58650,11.08314682,19.07459175,117.0161623,96.43962187,0.030691423,0.98328466,0.053787726,0.992589008,0.094714667,0.197787915,1.062294528
AT5G58670,3.367977002,3.763982107,7.831742434,7.107670194,-0.076940676,0.95445,0.170602619,0.971959027,0.43004185,0.52956623,0.300334063
AT5G58710,2.620512521,3.569680528,12.60400664,13.17220275,0.165387221,0.939512672,0.431284105,0.923472352,0.207911071,0.271001031,0.382331759
AT5G58720,7.095906182,16.40627048,22.64669464,39.76045191,0.926223106,0.014858509,0.668838652,0.223506062,0.313330766,0.412627867,0.397154823
AT5G58730,2.15691771,4.234217616,11.51106373,23.69661627,1.108708991,0.001431487,0.983338087,0.490250107,0.187377792,0.178684483,-0.068535625
AT5G58800,3.859149558,3.337282542,10.49022731,17.61421655,0.687293257,0.247671547,0.11023296,0.987703677,0.367880451,0.189465284,-0.95730349
AT5G58870,9.416386006,9.228357306,19.04867032,19.87813532,-0.025646188,0.976833108,-0.036289376,0.989950827,0.494332982,0.464246629,-0.090591734
AT5G58950,10.69739593,7.376508047,27.62537545,31.47528752,0.264810173,0.566301117,-0.379805283,0.80144117,0.387230789,0.234358719,-0.724475201
AT5G59030,11.97699207,6.711248477,69.3126588,80.98741709,0.167587708,0.68631476,-0.608837805,0.731956595,0.172796604,0.082867793,-1.060191469
AT5G59150,3.086234755,1.36497846,6.295771494,12.26303116,0.329629503,0.854796659,-0.314525445,0.956159786,0.490207556,0.111308407,-2.138830162
AT5G59160,5.191165023,5.253852975,24.41607781,21.20152521,-0.126691435,0.915784563,0.374961697,0.91649376,0.212612569,0.247805425,0.220980889
AT5G59250,9.946931052,7.747629214,29.3125771,21.23335456,-0.304719016,0.53359934,-0.323061982,0.879434506,0.339340039,0.364880132,0.104690933
AT5G59290,3.334869436,2.720025555,12.70511462,7.35166279,-0.492299237,0.728026115,0.026994773,0.996883172,0.262482436,0.369987802,0.495256818
AT5G59420,7.477652793,7.627563374,21.37273237,22.5798929,0.094092911,0.90200603,-0.138808938,0.972259272,0.349868826,0.337803346,-0.050630507
AT5G59430,6.155080712,3.457314256,9.989885519,13.15944855,0.327131225,0.495481797,-0.48612927,0.803508857,0.616131256,0.262724858,-1.229685014
AT5G59450,3.396434048,6.18048002,5.518259406,9.168273871,0.897965767,0.017218229,0.844333848,0.339323268,0.615490103,0.67411599,0.131261189
AT5G59480,10.39552842,6.044404443,25.64535696,19.20688122,-0.225460069,0.903580711,-0.815979918,0.477681352,0.405357135,0.314699944,-0.365216615
AT5G59500,6.311101679,3.740346167,11.03354417,12.31570553,0.324085498,0.717709484,-0.632887037,0.804102054,0.571992243,0.303705391,-0.913323063
AT5G59540,5.330114426,6.710652211,8.725449663,27.30215936,1.650160801,2.19591E-10,0.397901022,0.889291286,0.610869884,0.245791995,-1.313427189
AT5G59550,9.070942861,38.50921016,37.45854918,173.2279516,2.304387816,1.7491E-115,2.01309368,8.6999E-13,0.242159482,0.222303674,-0.123425698
AT5G59610,3.92063314,1.615015378,5.682435246,3.323662243,-0.59398007,0.676289943,-0.450228715,0.922062997,0.689956501,0.48591441,-0.505803192
AT5G59680,2.560544489,2.095857356,4.964351334,9.544986371,0.911708774,0.176766992,-0.204312386,0.968936277,0.515786317,0.219576778,-1.232048012
AT5G59730,75.39007818,164.6880641,192.4128473,429.9347456,1.257800892,1.87438E-70,1.261520108,6.05061E-27,0.39181416,0.383053628,-0.032623152
AT5G59750,6.35445744,7.318142214,15.52844605,11.58499436,-0.414954778,0.476669953,0.229805663,0.939792056,0.409213995,0.631691479,0.626364625
AT5G59820,11.48582597,36.57329815,28.90993349,148.5799071,2.521641838,2.46265E-15,1.883410822,2.97873E-06,0.397296866,0.246152383,-0.690665709
AT5G59840,3.856257875,2.514899179,11.68674355,8.785905192,-0.250121012,0.825794049,0.397724329,0.927958111,0.329968554,0.286242467,-0.205090816
AT5G59850,9.981225064,5.257002145,40.63525314,29.86804985,-0.336696235,0.438614711,-0.119971756,0.985287668,0.245629701,0.176007546,-0.480847737
AT5G59870,8.356379785,7.465987933,35.07194788,15.75060224,-0.77041567,0.532420847,-0.130116922,0.985607912,0.23826392,0.474012855,0.992365681
AT5G59880,33.67897665,29.30685074,143.4579888,144.6882279,0.144861094,0.724885573,-0.372088311,0.789698208,0.234765432,0.202551729,-0.212929591
AT5G59890,16.40594947,10.96651218,54.60016823,54.675907,-0.146684601,0.833523592,0.511982436,0.698563147,0.300474339,0.200573027,-0.583114181
AT5G59910,17.03168999,11.73131032,42.79140166,11.89726427,-0.962503811,0.061714474,-0.568256401,0.729027579,0.398016642,0.986051083,1.308833635
AT5G59950,8.472929064,6.281119453,37.02571133,31.84896053,-0.084792477,0.947007976,-0.519475789,0.824365957,0.228839062,0.197215838,-0.214557919
AT5G59960,5.735298438,4.181142475,10.79799464,8.038887161,-0.486922121,0.739793722,-0.046936128,0.991579971,0.531144776,0.520114587,-0.030275654
AT5G60160,5.008270004,2.357512987,10.83891344,2.100428044,-2.046390357,0.000281814,-0.799403887,0.605561878,0.462063844,1.122396453,1.280418247
AT5G60170,3.832095124,2.443002495,6.607370783,6.647629851,0.082363426,0.951036865,-0.742411257,0.439395485,0.579972768,0.367499778,-0.658241784
AT5G60270,2.365447275,3.591590486,4.877767243,3.695926833,-0.066195736,0.984023488,0.492513048,0.859996219,0.48494468,0.97176991,1.00279458
AT5G60340,4.140543116,4.05849153,36.2901879,21.55915213,-0.363730332,0.661362023,0.57630522,0.881484854,0.114095389,0.188249125,0.722402669
AT5G60360,26.53763872,32.55741517,85.84288462,69.21033043,-0.23895979,0.171071666,0.30295718,0.762678503,0.309141973,0.470412653,0.605657321
AT5G60390,83.44414103,67.43434692,260.5279922,222.8652305,-0.049329978,0.842677694,-0.164282819,0.769216459,0.320288581,0.302579037,-0.082060324
AT5G60410,7.642263112,6.842766247,13.16925599,15.67400219,0.486673537,0.160320774,0.20787062,0.920224397,0.580310924,0.436567902,-0.410620025
AT5G60540,2.399619684,1.759260104,6.812634863,3.734259941,-0.654440458,0.69866452,-0.056300447,0.993235243,0.352230779,0.471113455,0.419553555
AT5G60570,4.35910313,2.653161393,5.227906375,4.640924026,0.190008208,0.905437541,-0.61604434,0.789698208,0.833814307,0.571688176,-0.544497674
AT5G60600,40.06502909,35.36189959,70.36049045,62.19045097,-0.112549893,0.843780853,-0.058705414,0.971959027,0.569425097,0.568606579,-0.002075287
AT5G60620,2.18545263,1.860584142,7.721598472,10.69129816,0.496799925,0.526672634,0.223396806,0.971959027,0.283031116,0.174027898,-0.70164207
AT5G60640,5.87409311,4.340273317,11.753042,8.083358948,-0.422464956,0.806257361,-0.292610781,0.922491402,0.499793424,0.536939327,0.103427157
AT5G60670,5.874321832,6.894302104,44.58764943,30.72928374,-0.502358328,0.376025495,0.281657787,0.957926244,0.131747735,0.224356095,0.768012216
AT5G60680,16.47548509,14.03794047,92.06925608,136.8897084,0.537312675,0.061058764,0.092097579,0.987121396,0.178946652,0.102549276,-0.803212245
AT5G60710,2.695567978,3.76953871,4.753575038,6.875243859,0.525958526,0.53265259,0.401019958,0.901612329,0.567061203,0.548277092,-0.048599256
AT5G60750,2.151706896,3.82497091,18.44775546,19.1552098,0.129455513,0.894764299,0.579696745,0.878842945,0.11663787,0.19968306,0.775675674
AT5G60790,10.30758074,9.024608701,23.98560293,9.474136026,-1.151806086,0.009841777,-0.122333442,0.970346925,0.429740323,0.952552156,1.148332936
AT5G60800,1.90317779,3.915348392,3.717535554,18.36914787,2.101569949,0.000341248,0.74732037,0.788560594,0.51194609,0.213148069,-1.264135913
AT5G60820,2.523790133,5.659424889,6.153396047,3.287584274,-0.682976466,0.463354383,1.005925786,0.432544777,0.410145896,1.721453936,2.06941848
AT5G60850,9.440015342,3.508098914,27.92159847,21.348023,-0.496895654,0.648931167,-1.023953489,0.263222154,0.338090076,0.164328983,-1.040820713
AT5G60860,11.94330696,9.513090998,42.68505592,33.54906,-0.177099362,0.828590566,-0.012024508,0.997324194,0.279800663,0.283557602,0.019242452
AT5G60900,1.755176594,4.12455834,4.088294939,4.466869109,0.075360361,0.981376755,1.088888011,0.222186516,0.429317508,0.923366734,1.10485875
AT5G60920,38.46273616,27.79349371,66.53714553,55.91389205,-0.1478102,0.713723872,-0.337618069,0.590845303,0.578064115,0.497076714,-0.217760996
AT5G60960,2.959000466,2.431987448,4.843612679,4.961653587,0.314198234,0.770024838,-0.215736826,0.970346925,0.610907738,0.490156639,-0.317711649
AT5G61010,7.305110797,7.196750903,12.59960171,26.48368488,1.100062518,7.34587E-06,0.05618768,0.987703677,0.579789025,0.271742808,-1.093286171
AT5G61020,5.096684938,3.095861994,12.08108923,6.882600119,-0.817777947,0.080037213,-0.413185409,0.892181608,0.421872965,0.449809947,0.092506926
AT5G61130,6.07757639,3.644097951,17.07651424,22.14936173,0.200296996,0.846075218,-0.276409023,0.956206514,0.355902634,0.164523836,-1.113185996
AT5G61140,2.844067141,2.33352528,2.221571802,3.754921154,0.804304369,0.045815375,-0.297997991,0.915554809,1.280204916,0.621457864,-1.04264627
AT5G61170,8.863604618,14.19118221,93.72734031,117.1824357,0.202649828,0.863806033,0.512821908,0.847531205,0.094567973,0.121103322,0.356814853
AT5G61210,22.76215291,46.036492,71.97779231,219.3429724,1.655843142,3.30827E-28,1.140629124,2.28323E-06,0.316238553,0.209883597,-0.591423841
AT5G61230,6.676735323,5.210978535,35.73340685,14.02192375,-1.139705035,0.000841853,-0.112749152,0.980554701,0.186848552,0.371630785,0.992000636
AT5G61240,8.12001638,7.793863467,19.40290075,13.14347305,-0.479876,0.249186382,0.006957131,0.998616188,0.418494971,0.592983562,0.502781828
AT5G61270,4.110132333,5.391175078,13.67442029,20.01280577,0.581979233,0.242970601,0.168803673,0.97421589,0.300570865,0.269386269,-0.158028855
AT5G61380,3.277478356,2.720201821,7.320163883,8.618443993,0.702448828,0.022087468,0.090346078,0.987703677,0.447732921,0.315625631,-0.504424034
AT5G61410,113.52822,96.19313478,313.2982778,288.9679488,-0.079156545,0.792011456,-0.043043376,0.982876393,0.362364648,0.332885135,-0.122417763
AT5G61500,7.477147888,6.46495227,12.65800875,4.724737686,-0.451051808,0.828660433,-0.032151386,0.993889967,0.590704907,1.368319831,1.211895982
AT5G61510,7.089474927,4.506922883,15.51683227,18.09348702,0.405602502,0.505672135,-0.492227202,0.871450789,0.456889319,0.249090895,-0.875172426
AT5G61560,3.777244591,16.68973546,8.628595878,32.36476881,2.065477539,7.1301E-40,2.106479102,5.32012E-07,0.437758894,0.515676029,0.236328493
AT5G61590,17.52613157,11.70538024,99.09268721,65.37135032,-0.801294852,0.136272396,-0.429259436,0.870892269,0.176866044,0.17905979,0.017784301
AT5G61600,2.31960573,6.869859966,9.743851725,19.47727618,0.974251961,0.040604462,1.539340689,0.065672491,0.238058398,0.352711534,0.567173232
AT5G61660,3.630084795,4.797641577,28.10569328,24.70934286,-0.13879428,0.970907841,0.475626663,0.901612329,0.129158344,0.194163058,0.588127891
AT5G61670,12.49297146,10.30699699,40.92004733,34.1420656,-0.211831108,0.770024838,-0.236869399,0.936826375,0.30530198,0.301885572,-0.016235139
AT5G61780,12.06056639,6.215712176,22.43271914,20.3035857,0.022832005,0.986347312,-0.887652582,0.049730145,0.537632835,0.306138643,-0.812436087
AT5G61790,4.887589289,3.72643037,12.80282825,5.010182279,-1.084933241,0.000639171,-0.072953897,0.987703677,0.381758561,0.743771416,0.962198795
AT5G61810,3.28335151,1.638023613,9.757812035,10.78561176,0.000892757,0.999411963,-0.471108802,0.901612329,0.336484398,0.151871183,-1.147691466
AT5G61820,2.381861925,4.697796913,10.54077784,7.961283221,-0.249961855,0.779934126,0.819846521,0.600202235,0.225966429,0.590080366,1.384803004
AT5G61840,2.583432081,2.24257607,5.13236927,8.096078708,0.423475891,0.749068518,-0.451433195,0.912279789,0.503360523,0.276995339,-0.861730373
AT5G61900,6.199779233,8.567098531,16.35683623,33.4684512,1.081148249,6.7035E-05,0.491094067,0.754489831,0.37903291,0.255975351,-0.566318226
AT5G61960,3.578411307,3.446500826,5.865148878,3.793418777,-0.313518945,0.598045171,-0.06356663,0.989001094,0.610114318,0.908547416,0.574482221
AT5G61970,3.727686727,2.455613613,5.643775071,4.673392576,-0.194684309,0.906019898,-0.48624405,0.879698359,0.660495268,0.52544561,-0.330006789
AT5G62000,29.82827057,27.47547008,54.04900024,45.95880892,-0.14204092,0.465701978,-0.08394967,0.956206514,0.551874603,0.597828158,0.115390354
AT5G62020,3.810269748,7.904203021,14.1768083,13.36794855,-0.265296258,0.78749302,1.11192843,0.228169053,0.268767812,0.59128018,1.137481548
AT5G62070,4.257569023,4.502050313,18.72947785,19.24571132,0.066528997,0.93607786,0.01051176,0.997794476,0.227319152,0.233924859,0.041325947
AT5G62090,2.800864245,4.930864814,7.529033882,6.686106171,-0.058265348,0.975634941,0.745253577,0.585486469,0.372008453,0.737479287,0.987267129
AT5G62140,1.654944108,1.20548614,11.33159971,5.624561949,-0.878709286,0.262745068,-0.302621627,0.964811001,0.14604682,0.214325338,0.553371468
AT5G62190,4.095380529,4.153585043,16.91817201,9.753247155,-0.772408915,0.020998132,0.437214527,0.806015015,0.242069919,0.425866891,0.814978759
AT5G62300,24.24667385,12.7007128,68.94738274,35.65340566,-0.447359161,0.237334891,-0.418441748,0.843937539,0.351669242,0.356227198,0.018578511
AT5G62350,32.70910425,20.58214735,168.5786738,111.4103216,-0.48949797,0.004742837,-0.690230309,0.260715213,0.19402872,0.184741836,-0.070759602
AT5G62360,10.89318562,5.940801272,37.64783591,5.674094454,-2.220390495,0.00028648,-0.594733359,0.788384684,0.289344271,1.047004297,1.855408381
AT5G62390,8.847773953,7.813977952,28.059419,12.60198231,-0.951111689,0.022902991,-0.208757984,0.943661442,0.315322778,0.620059429,0.975577105
AT5G62460,5.1387359,11.72200797,20.83062913,38.71226547,1.094088289,4.34471E-08,1.070901467,0.133801721,0.246691344,0.302798295,0.295649986
AT5G62470,6.997406196,14.74184609,15.80478289,13.63282064,0.149932019,0.867762084,1.123869494,0.011525487,0.442739786,1.08134967,1.288302185
AT5G62520,12.39269488,16.79462816,23.52080261,24.53452342,0.08764013,0.960313888,0.470375069,0.668084604,0.526882313,0.684530442,0.377633951
AT5G62530,2.594933882,3.344045338,10.47521763,10.12428755,0.029255216,0.983953622,0.054478794,0.991579971,0.247721238,0.330299325,0.415056458
AT5G62540,6.516422155,3.026957269,26.86439185,23.0479117,-0.416228333,0.751891252,0.056276247,0.993235243,0.242567269,0.131333255,-0.88515262
AT5G62560,5.617875259,6.889741791,16.04391291,17.26953059,0.219858339,0.733758203,0.228749078,0.944643059,0.35015618,0.398953623,0.188222496
AT5G62570,19.59395178,24.12118121,51.37802633,73.68269001,0.805811693,4.68832E-10,0.275399727,0.808039381,0.381368324,0.327365643,-0.220282099
AT5G62600,3.743493343,4.352403214,5.806293306,6.309940098,0.116548227,0.92607408,0.116315231,0.977375972,0.64473032,0.68976934,0.09741817
AT5G62630,2.227105857,1.349314296,3.167053937,2.677704412,-0.082513261,0.975796871,-0.60459773,0.836101519,0.703210587,0.503907112,-0.480798973
AT5G62640,2.819188344,2.28785545,5.022301731,3.129420057,-0.632385384,0.501745471,-0.216610004,0.970346925,0.561333925,0.731079691,0.381169422
AT5G62670,11.41289971,10.85885027,18.74229894,12.82711437,-0.454092108,0.410022068,-0.106323658,0.964026953,0.60893809,0.846554413,0.475307243
AT5G62680,5.109042933,8.406992773,8.879918695,16.55377216,0.9084402,0.003157419,0.781401697,0.352058851,0.575347941,0.50785964,-0.18000486
AT5G62690,5.435737085,3.620036011,8.897100529,6.627799754,0.155367554,0.770024838,-0.442805559,0.76803886,0.610956015,0.546189708,-0.16166639
AT5G62700,3.58801508,1.668511526,5.745534829,6.660998469,-0.255724025,0.701520018,-0.635557532,0.694972648,0.624487569,0.250489703,-1.317921558
AT5G62720,4.951550085,5.473417875,20.97195145,33.58537445,0.693549079,0.051477513,0.227383895,0.968710998,0.23610345,0.16297028,-0.53481023
AT5G62790,12.85647934,12.88048702,37.24618034,29.91793216,-0.302469964,0.214041343,0.115512381,0.970346925,0.34517578,0.430527315,0.318773537
AT5G62810,10.44150237,5.536044273,28.08924185,28.68623503,-0.027399018,0.981376755,-0.625461916,0.495091131,0.37172603,0.192986088,-0.945742869
AT5G62840,3.591745175,2.334756308,7.217138058,8.75955459,0.220214058,0.92410538,-0.47027461,0.922062997,0.497668902,0.266538245,-0.900843683
AT5G62865,4.538195601,3.896087586,38.63636533,70.06645794,0.868171969,0.000405162,0.050998062,0.993885949,0.117459175,0.055605602,-1.078857267
AT5G62890,5.321658066,7.64484977,14.20141477,18.67685276,0.407008452,0.239218806,0.58347406,0.665298316,0.374727318,0.409322163,0.12739563
AT5G63020,4.871971737,4.194709407,8.603355498,6.339562381,-0.247676226,0.823769645,-0.051836551,0.99028252,0.566287391,0.661671761,0.224581304
AT5G63040,4.762794134,2.169357007,10.21640027,8.012019879,0.061480155,0.975009112,-0.631569105,0.80418924,0.466191027,0.270762809,-0.783891647
AT5G63050,5.856876685,9.906495977,20.98610372,10.6728413,-0.584830186,0.338407906,0.527082438,0.769952854,0.279083567,0.928196691,1.733733376
AT5G63060,2.13637821,1.319716334,10.16329794,8.106639373,-0.169279143,0.931860502,-0.798591808,0.762678503,0.210205213,0.162794504,-0.368746457
AT5G63160,26.29680546,20.59325295,55.88670437,75.87132654,0.569942616,0.000133928,-0.027397681,0.992589008,0.470537774,0.271423394,-0.793765472
AT5G63190,6.008517341,2.7245262,8.273018979,11.97397915,0.667284878,0.080037213,-0.834250216,0.407639997,0.726278684,0.227537243,-1.674420538
AT5G63310,26.90988568,19.13671204,122.8988559,98.59187578,-0.241903961,0.432941034,-0.331374474,0.836101519,0.218959611,0.194100294,-0.173862476
AT5G63320,4.974061689,6.222721957,8.565460235,7.977355669,0.084703484,0.938394847,0.374040936,0.811949763,0.58071155,0.780048203,0.42574155
AT5G63370,11.60481947,11.35972739,32.60637306,32.18974349,0.084086236,0.822774047,-0.055081863,0.987703677,0.35590648,0.352898972,-0.012242973
AT5G63380,7.53517499,5.507892689,17.78102877,10.04365538,-0.488699643,0.124256005,-0.461836562,0.797273237,0.423776098,0.548395229,0.371913801
AT5G63400,10.14197274,7.962834936,48.22027824,44.35523667,-0.062166358,0.975009112,0.156208859,0.97421589,0.210325886,0.179524122,-0.228448711
AT5G63410,2.594895767,4.465944827,6.251918094,5.893354129,0.067196731,0.98196398,0.739075759,0.587220481,0.415055944,0.757793394,0.868498757
AT5G63420,1.832788486,1.758374971,1.817772745,2.412941725,0.39335754,0.768833314,-0.079202718,0.989950827,1.008260516,0.728726663,-0.46841877
AT5G63470,4.554739192,4.405031967,21.7716196,19.10907564,-0.26145666,0.685251906,-0.026129987,0.996883172,0.209205345,0.230520411,0.139974784
AT5G63490,5.342912838,6.949960512,9.421637119,12.3093756,0.730662384,0.081412528,0.201423987,0.961966014,0.567089644,0.564607072,-0.006329612
AT5G63510,3.941697652,2.331422946,16.04938936,19.42881653,0.32891352,0.593095765,-0.72296464,0.756591889,0.245597983,0.119998197,-1.033285986
AT5G63530,2.400440446,1.53494014,9.749042501,10.41670228,0.465926338,0.74034389,-0.006579388,0.998984146,0.2462232,0.14735375,-0.740682933
AT5G63570,16.46387451,16.08329896,43.09950978,30.2528529,-0.437076952,0.170379803,-0.092313169,0.971959027,0.381996793,0.531629166,0.47685973
AT5G63610,6.022394369,2.464999698,10.60795234,5.237280088,-1.050679768,0.051721295,-1.022219266,0.26540414,0.567724494,0.470664096,-0.270493183
AT5G63620,4.830119873,4.139874522,9.766903792,9.891121959,0.206872202,0.817224768,-0.023403071,0.996883172,0.494539516,0.418544483,-0.240704844
AT5G63640,3.493927618,1.821405865,7.443925822,3.441510926,-0.565325146,0.460948828,-0.87665061,0.668084604,0.469366259,0.529245992,0.173224303
AT5G63710,2.021547327,2.045587585,5.223851543,2.079982112,-1.237421013,0.018022329,-0.183463791,0.97690286,0.386984069,0.983464028,1.345598107
AT5G63770,14.3046496,9.144864186,25.96743889,38.08866141,0.516381468,0.000426106,-0.679600884,0.1214837,0.550868712,0.240094134,-1.198108365
AT5G63780,2.356958425,2.006823989,8.457362012,5.893782314,0.046381586,0.977034019,0.044909577,0.993889967,0.278687187,0.340498492,0.289001736
AT5G63790,11.89698144,31.16905887,42.84466717,104.9021134,1.274601875,1.8449E-05,1.493032536,1.17019E-06,0.277677065,0.297125176,0.097662828
AT5G63800,12.9057218,12.30402843,16.40225584,15.89412619,0.151433051,0.790782594,0.011454374,0.996883172,0.786826027,0.774124245,-0.023479547
AT5G63840,3.622597504,3.750018171,9.067269261,7.566978132,0.033367627,0.978895793,0.066499683,0.989950827,0.399524642,0.495576716,0.310823917
AT5G63850,7.318373472,10.71689902,21.97005646,40.96759697,0.916273304,0.000762742,0.618024597,0.512236835,0.333106721,0.261594524,-0.348652124
AT5G63860,4.088471337,2.52776325,9.653402689,11.29163161,0.05176971,0.975009112,-0.440439839,0.915554809,0.423526446,0.223861647,-0.919844678
AT5G63870,2.285267106,3.305783972,7.802722798,6.679292463,-0.368245699,0.772679996,0.109475098,0.987703677,0.292880724,0.494930263,0.756912011
AT5G63890,7.794564999,3.215851454,16.77344657,13.16609874,-0.249786123,0.659246047,-1.040394443,0.230977819,0.464696684,0.244252418,-0.927916506
AT5G63980,4.002304615,4.312116944,16.12263601,11.4799737,-0.489299415,0.677486414,0.247352709,0.957943641,0.248241331,0.375620803,0.597533633
AT5G64030,1.961470684,2.133412488,7.756057721,2.842416155,-0.937827738,0.004729023,0.153123969,0.977375972,0.252895318,0.750563032,1.569432906
AT5G64040,815.3153946,753.6610774,3483.99516,3547.067079,0.104106925,0.451718682,-0.070793587,0.938422258,0.234017373,0.212474436,-0.139326363
AT5G64050,6.758485746,4.03229066,11.94648213,13.53152248,0.280593418,0.841484661,-0.587101271,0.657356348,0.565730202,0.297992385,-0.924838726
AT5G64070,3.667396313,3.900379712,8.839813633,6.707934314,-0.319277504,0.415500127,0.016192178,0.996883172,0.414872583,0.581457648,0.487005796
AT5G64090,2.701615047,3.883778982,9.940825947,12.30167234,0.375024128,0.676177471,0.460552285,0.902085818,0.271769676,0.315711464,0.216222158
AT5G64120,16.81268916,82.77369293,68.83643943,354.6886203,2.462850761,1.238E-136,2.209536779,2.29012E-22,0.244241121,0.233370027,-0.065686839
AT5G64130,8.438515472,14.71764765,78.78283446,59.18486682,-0.279504198,0.793664193,0.485042767,0.812854533,0.107111093,0.248672481,1.215138966
AT5G64140,7.26315237,7.455388195,77.78021084,63.58466103,-0.355434602,0.539139231,0.29103508,0.945092588,0.093380466,0.117251363,0.328411998
AT5G64170,10.85527971,7.915235101,23.86924307,17.7917278,-0.538444448,0.137670356,-0.336490679,0.811949763,0.454781062,0.44488288,-0.031746598
AT5G64200,2.959468447,3.179526084,14.22416344,25.32574655,0.533390759,0.359025574,0.384681615,0.929043955,0.208059227,0.125545207,-0.728787321
AT5G64220,4.059459295,3.365096429,5.105298046,3.578418044,-0.281743175,0.672990488,-0.167560612,0.963798813,0.795146387,0.940386614,0.242033518
AT5G64240,13.77696402,10.7506952,46.20713979,61.20119943,0.212552134,0.474227514,-0.335505583,0.87038897,0.298156607,0.175661511,-0.763272184
AT5G64260,39.96285987,55.19867145,204.3706286,348.7960105,0.833848397,1.56674E-07,0.385179546,0.42705573,0.195541111,0.158254882,-0.305221953
AT5G64270,13.09607261,8.17472641,15.58738963,9.308239357,-0.692352454,0.000100439,-0.566778282,0.254177087,0.840170992,0.878224774,0.063907257
AT5G64280,3.924883979,3.088441351,5.74183325,8.443851549,0.708310847,0.410877292,-0.267060559,0.943845246,0.68355938,0.365762156,-0.902160855
AT5G64290,28.5792501,30.96301188,53.27390306,38.21928925,-0.300833711,0.199108647,0.107958998,0.943207839,0.536458725,0.810140965,0.594705785
AT5G64300,13.78452835,19.5543424,28.37113007,52.16452017,0.974453665,1.98333E-06,0.55228973,0.315116707,0.485864621,0.374859049,-0.374206156
AT5G64310,94.55374263,291.93981,450.0080918,1939.633175,2.162678533,4.81517E-86,1.568684545,1.77166E-14,0.21011565,0.150512898,-0.4812965
AT5G64350,9.085176419,5.284093324,80.04634877,111.8230569,0.369995972,0.261925878,0.027693951,0.996883172,0.113498949,0.047254059,-1.26416877
AT5G64390,1.519126089,2.023893808,2.64842709,3.493928266,0.779617093,0.255374184,0.340966026,0.938422258,0.573595586,0.579260264,0.014177779
AT5G64400,26.51825546,22.60268216,221.5715029,311.1881108,0.510776033,0.011024633,0.342724733,0.847531205,0.119682609,0.072633502,-0.720506487
AT5G64410,4.31620356,3.451116276,7.965781293,4.893519869,-0.598189603,0.370953553,-0.241056241,0.94482302,0.541843091,0.70524211,0.380243488
AT5G64420,4.024947526,3.1542895,4.714736073,5.418731292,0.145958824,0.933683952,-0.300563477,0.901612329,0.853695194,0.582108492,-0.552432993
AT5G64440,3.088798737,2.413829799,3.837539506,11.08836022,1.159640484,0.00120579,-0.145497201,0.979406211,0.804890408,0.217690421,-1.886514439
AT5G64460,9.533585683,13.17773393,30.45296142,44.86881721,0.438281033,0.492141177,0.025719809,0.993889967,0.313059395,0.293694703,-0.092119154
AT5G64500,2.973031892,2.29773916,10.3370228,14.48197906,0.495236498,0.312345687,-0.347531828,0.936826375,0.287610074,0.158661958,-0.858157947
AT5G64570,10.50823779,4.957959999,19.67326842,13.67224137,-0.456633666,0.146429235,-1.016723224,0.029678603,0.534137875,0.362629642,-0.558715327
AT5G64580,3.88555924,3.817817859,5.241827481,5.926554583,0.187512128,0.888113071,-0.090698329,0.987703677,0.74126042,0.644188424,-0.202497743
AT5G64620,6.947329357,5.285942273,20.9939541,21.74979584,0.054393746,0.981964984,-0.353297522,0.936826375,0.330920479,0.24303411,-0.445325766
AT5G64660,6.622095098,22.26485575,12.67400079,57.20464523,2.348011386,5.61502E-15,1.767522556,1.11872E-07,0.522494452,0.389214122,-0.424851662
AT5G64740,17.00626354,14.08579482,35.25194635,28.25891896,-0.078782577,0.808874175,-0.249344602,0.740744428,0.482420555,0.498454836,0.047171411
AT5G64750,18.6866418,23.05776524,84.11084245,57.79044021,-0.313915063,0.565568719,0.4746966,0.640807688,0.22216686,0.398989265,0.844706296
AT5G64816,6.070988746,4.715484487,9.846627292,5.586687663,-0.536420498,0.74771509,-0.288893083,0.967951052,0.616555148,0.844057297,0.453110994
AT5G64840,36.49682033,34.8806247,80.01151294,66.15583262,-0.080655367,0.968520532,0.020825926,0.99143278,0.45614461,0.527249425,0.208994348
AT5G64870,3.352779332,8.947261169,4.69061989,14.92267768,1.615069827,3.42477E-07,1.42749485,0.024795301,0.714783847,0.599574779,-0.253567335
AT5G64920,10.76282896,7.200277385,31.33598768,25.60279883,-0.161147722,0.738441353,-0.527069531,0.765758805,0.343465445,0.281230089,-0.288414007
AT5G64930,2.421066599,2.279435831,6.79672093,7.3198005,0.029756176,0.990001729,-0.136295518,0.985003046,0.356210977,0.311406825,-0.193931411
AT5G64940,21.29912537,19.34261499,56.69375191,33.58447434,-0.556684028,0.036058702,0.032344267,0.988909536,0.375687349,0.575939191,0.616383962
AT5G64960,7.551421278,7.36108026,16.91610801,13.46229077,-0.290907558,0.643431789,-0.178969197,0.95807376,0.446404177,0.546792547,0.292643052
AT5G65010,4.23970896,9.322313108,15.21093357,19.78788533,0.405389934,0.128395682,0.757604466,0.171773562,0.278727728,0.471112145,0.757213994
AT5G65020,2.403160994,4.708597627,5.909794427,7.631552847,0.330475138,0.82885049,0.664350927,0.800576749,0.40664037,0.616990765,0.601495445
AT5G65110,9.39535814,6.204695555,22.08868297,18.29379704,-0.190967969,0.620060635,-0.556216096,0.564885687,0.425347141,0.339169367,-0.326634883
AT5G65220,37.10062673,28.78828568,314.3364855,271.9955331,-0.178180319,0.379268125,-0.162193348,0.939534869,0.118028382,0.105841024,-0.157234899
AT5G65270,4.473600336,5.591305257,15.76934206,15.36816188,0.236245196,0.802751431,0.265346472,0.963685245,0.283689726,0.363823943,0.358926585
AT5G65300,4.942246851,10.82474002,43.49551397,72.31150349,0.942396737,0.006179069,1.249019246,0.223506062,0.113626588,0.149695961,0.397734839
AT5G65310,3.267422625,1.960312952,16.3581467,8.409282976,-0.91705665,0.011206779,-0.570076762,0.864081627,0.199742837,0.233112973,0.222885526
AT5G65360,6.667356253,4.364587167,46.72203609,22.45961414,-0.770357551,0.05518486,-0.508643401,0.889332759,0.142702605,0.194330461,0.445500389
AT5G65380,7.15591435,3.218212968,19.03409132,14.23717928,-0.157507746,0.828044294,-0.86716679,0.42554164,0.375952507,0.226042877,-0.733953964
AT5G65430,22.35256886,14.66316478,107.3554346,88.17930947,-0.160741867,0.504741006,-0.371459789,0.678006934,0.208210874,0.166288043,-0.324360984
AT5G65440,4.404463829,2.596568354,5.360470455,4.92192558,-0.135761068,0.881080612,-0.61682587,0.627706351,0.821656208,0.527551324,-0.639223423
AT5G65470,12.3336996,8.329397308,29.59182055,14.61665616,-0.747733626,0.10245454,-0.389298257,0.793389684,0.416794214,0.569856554,0.451263554
AT5G65480,2.428241283,3.408963833,17.89154196,26.5048459,0.616502291,0.462441712,-0.353417119,0.943661442,0.135720068,0.128616625,-0.077556912
AT5G65620,15.42238232,12.00440553,25.20505344,23.22741006,-0.003902071,0.996592681,-0.310096283,0.784808883,0.611876597,0.516820666,-0.243576959
AT5G65630,8.624006138,6.519061476,21.05271118,17.71439312,-0.105340425,0.931860502,-0.277194224,0.906973926,0.409638743,0.368009304,-0.154609929
AT5G65660,4.272391342,11.00471445,31.70458708,17.3701882,-0.44659709,0.701482386,0.82520592,0.643722239,0.134756253,0.633540312,2.233084206
AT5G65670,8.590928,10.21671101,25.06556648,34.04498052,0.372832619,0.301093195,0.247227756,0.938037002,0.342738234,0.300094488,-0.19169032
AT5G65685,2.054917244,1.408330105,10.00979995,12.32882439,0.320555537,0.740296367,-0.17695738,0.979422389,0.205290541,0.114230689,-0.845716859
AT5G65700,8.678932215,6.135590536,12.59120888,10.57755861,-0.248867842,0.719870361,-0.437554786,0.650427917,0.689285064,0.580057342,-0.248905227
AT5G65730,19.26152394,22.48487244,56.81323789,53.49384493,-0.113071554,0.889354665,0.24060015,0.908380112,0.339032322,0.420326347,0.310087072
AT5G65750,1.884394511,1.749768366,2.305725529,2.145054037,-0.117437496,0.953139929,0.152703704,0.977375972,0.817267488,0.815722278,-0.002730289
AT5G65770,3.259716856,3.460814904,3.234064791,4.21365257,0.267516346,0.87164056,0.106389984,0.984337283,1.007931834,0.821333711,-0.295357654
AT5G65810,1.793990539,1.649530305,6.183715476,6.426373455,0.136101119,0.956311975,0.821860482,0.749215808,0.290115311,0.256681364,-0.176647882
AT5G65840,10.90359875,16.5505884,38.54642949,27.09396273,-0.471920479,0.169562491,0.672666108,0.579658915,0.282869228,0.610858905,1.110703946
AT5G65870,4.23928585,5.211169663,12.55889852,14.79381983,0.101232811,0.970580026,1.395862302,0.22394717,0.337552361,0.352253152,0.061501305
AT5G65910,5.465939199,3.073661777,11.43103867,4.4836258,-1.123996592,0.058179258,-0.654805651,0.744731778,0.478166452,0.685530397,0.519707726
AT5G65920,2.474425674,6.028066839,4.692137555,7.837896596,0.725525408,0.405554742,1.218424445,0.140785243,0.52735574,0.769092417,0.544380474
AT5G65950,3.934167821,4.700603023,9.822756908,8.392717622,-0.061968277,0.97327702,0.276585534,0.915554809,0.400515645,0.56008116,0.483777301
AT5G65960,3.241776807,3.357262849,8.564584583,11.26237462,0.304642374,0.761143793,-0.089944572,0.989720825,0.378509521,0.298095469,-0.34455514
AT5G65990,3.705585813,2.25489212,4.986072143,5.140909195,-0.003138604,0.998866977,-0.690335044,0.771515916,0.743187364,0.43861738,-0.760762995
AT5G66030,2.299353585,1.574051732,3.953781362,8.775168472,1.121033196,0.039213199,-0.031769109,0.996105458,0.581558102,0.179375671,-1.696939108
AT5G66040,22.38329975,19.84739815,75.96838063,89.94174955,0.136464494,0.860680609,-0.17820059,0.968936277,0.294639685,0.220669469,-0.41706472
AT5G66050,3.801850485,1.70263111,14.51420115,6.614513121,-1.074112463,0.013815178,-1.034970003,0.536641217,0.261940044,0.25740838,-0.025177603
AT5G66055,8.117235907,6.357733124,23.10000996,9.642395395,-1.113441482,0.00371581,-0.17635825,0.967951052,0.351395342,0.659352045,0.907953895
AT5G66060,3.327308241,3.898659355,6.465160363,10.81949285,0.494599511,0.777960141,0.328025614,0.952358219,0.514652082,0.360336608,-0.514252235
AT5G66070,6.999054539,17.93333435,24.67055965,101.8138216,1.968139655,2.22182E-34,1.528186925,0.000652585,0.28370068,0.176138505,-0.687659278
AT5G66100,3.844535308,3.298493839,8.163390691,6.853664149,-0.200324288,0.870727579,-0.294314194,0.951598524,0.470948342,0.481274508,0.031291189
AT5G66120,11.61633339,5.983889971,19.82628384,11.68837999,-0.696115563,0.453412835,-0.731555146,0.543327996,0.585905734,0.511952039,-0.194659908
AT5G66190,101.5353319,86.96767243,342.5554083,318.3778108,0.029598819,0.943262951,-0.128174144,0.898806444,0.296405572,0.273158711,-0.117833139
AT5G66200,10.64332326,11.02531771,36.20558619,48.30558663,0.512477328,0.010209553,0.061713996,0.987459256,0.293969091,0.228241048,-0.365106197
AT5G66210,63.7942222,130.7759113,125.1464102,320.8420766,1.435897707,6.807E-50,1.062271828,3.10293E-15,0.509756709,0.407602122,-0.322647295
AT5G66240,4.2898063,4.991083637,10.48565467,11.01315634,-0.094376376,0.951099297,0.088883888,0.988076608,0.409111919,0.453192843,0.14762951
AT5G66320,3.386865384,3.725145159,7.833208351,31.86137498,1.786783343,8.44845E-06,0.300116709,0.953728363,0.432372692,0.116917276,-1.886787292
AT5G66400,4.163025372,4.120059163,8.459855334,17.19206173,0.461165482,0.844109682,-0.256858673,0.964661474,0.492091792,0.239648928,-1.038004967
AT5G66420,1.45617104,1.952707784,2.294820575,2.548909393,-0.224477226,0.897215974,-0.270290517,0.959670996,0.634546795,0.766095409,0.271797517
AT5G66470,3.886959103,2.979703085,11.54979331,10.26678541,0.027532402,0.988083363,0.027016409,0.996883172,0.336539278,0.290227463,-0.213590851
AT5G66510,7.914897774,7.007443303,28.44259237,42.51464282,0.371834287,0.617018871,0.002687738,0.999363834,0.278276244,0.164824231,-0.755589404
AT5G66530,8.728114975,4.911092952,31.09371825,29.84724261,0.017944606,0.991366964,-0.717304916,0.69286726,0.280703482,0.164540926,-0.770600487
AT5G66570,792.9344938,592.4041773,3395.205738,3219.193956,0.01219423,0.972678506,-0.317774459,0.002660731,0.233545345,0.184022518,-0.343820375
AT5G66590,1.618155606,1.453306852,10.87829278,8.039499566,-0.301379926,0.843284748,-0.085874629,NA,0.148750878,0.18077081,0.281263553
AT5G66620,1.698014862,4.659354305,2.809715514,6.679473366,1.205289771,0.124500635,1.289901872,0.087430323,0.604336935,0.697563124,0.206970657
AT5G66640,3.080739272,3.944170223,4.900115402,10.82907233,1.061600146,0.010718995,0.521845884,0.858745023,0.628707493,0.364220508,-0.787576801
AT5G66650,6.460760344,24.91596204,23.90657193,113.0347342,2.287523297,2.74716E-36,2.326311093,4.18607E-16,0.270250388,0.220427484,-0.293992574
AT5G66675,9.141328628,26.92364161,25.07777087,50.52792383,1.292316426,2.77036E-15,1.698007971,2.85611E-13,0.364519186,0.532846782,0.547726
AT5G66680,8.03967373,10.0997925,19.12284618,20.80693581,0.310790279,0.592434158,-0.002873238,0.999274118,0.420422444,0.485405088,0.207349541
AT5G66720,7.66126724,8.550405695,17.76485267,21.87489987,0.214337636,0.700207226,-0.111799248,0.979467805,0.431259824,0.390877478,-0.141840861
AT5G66730,2.760817982,3.398955692,15.09751037,14.04669685,-0.072316269,0.933683952,0.459802764,0.889332759,0.182865778,0.241975443,0.404075529
AT5G66760,10.36456082,7.832634722,17.60051855,14.40597701,-0.321578672,0.609974968,-0.132781078,0.966592012,0.588878151,0.54370729,-0.115138974
AT5G66790,2.157592736,5.772641119,5.738147514,23.09700394,2.052180025,2.09311E-16,1.602189055,0.003500212,0.376008586,0.2499303,-0.589239793
AT5G66850,7.052288023,18.4292181,22.00567964,75.19999226,1.863116021,5.84157E-21,1.322238701,6.12234E-06,0.320475811,0.245069415,-0.387025023
AT5G66880,1.928096797,1.33783602,4.157312026,12.57484798,1.54073296,0.000463781,-0.482242673,0.917361643,0.46378448,0.106389836,-2.124094208
AT5G66900,5.473152136,13.18881281,8.624449474,23.09370748,1.600172665,1.00218E-14,1.276161782,0.000378393,0.63460887,0.571099847,-0.152124688
AT5G66920,2.957944356,3.08583549,8.885928306,10.3436748,0.359082029,0.826656034,0.209968671,0.9676473,0.332879611,0.298330676,-0.158088178
AT5G67030,75.27125251,67.01777801,120.5670059,88.973899,-0.319601816,0.063784012,-0.057810508,0.961585417,0.624310539,0.753229641,0.270825953
AT5G67070,7.270463711,3.292089506,19.58190703,17.18120998,-0.056615162,0.978727357,-0.708679744,0.788384684,0.371284763,0.191609876,-0.954354191
AT5G67210,1.796247867,1.648464308,4.07699732,10.10009967,1.159491422,0.02211357,0.407650843,0.936826375,0.440581076,0.163212677,-1.432654409
AT5G67220,4.710209949,5.390720331,20.05320395,20.19926222,0.327980877,0.758966982,-0.19507508,0.968345507,0.234885655,0.26687709,0.184216856
AT5G67250,11.89946393,16.38906259,28.74851098,61.26039992,1.142069714,2.97086E-18,0.392440912,0.731176934,0.413915835,0.267531107,-0.629630794
AT5G67260,1.518643079,2.458874333,7.417720985,4.88881828,-0.352086438,0.796721762,0.584122514,0.881484854,0.204731761,0.502958832,1.296705388
AT5G67300,48.04599156,43.34127635,165.8481246,175.9960805,0.175136811,0.441845847,0.178190293,0.87038897,0.289698733,0.246262736,-0.234355034
AT5G67330,2.75535168,2.902611664,8.380031709,8.046843479,0.131553022,0.915784563,-0.069019374,0.990516992,0.328799672,0.360714319,0.133647832
AT5G67360,14.10032858,14.29696198,41.10205635,28.88627754,-0.490366318,0.184708017,0.060141035,0.987703677,0.343056524,0.494939577,0.528806106
AT5G67370,16.00836689,10.25226566,45.98358681,31.72563088,-0.333088473,0.679011592,-0.413211637,0.766398879,0.348132193,0.323154036,-0.10741322
AT5G67380,4.10372382,4.024570885,17.10400709,12.31946194,-0.29560562,0.772321254,-0.005186983,0.999096263,0.239927626,0.326683982,0.445296434
AT5G67385,6.183365426,6.637280237,15.47600008,15.07252539,-0.026855664,0.981964984,0.206299483,0.953821357,0.399545451,0.440356216,0.140311402
AT5G67420,19.55636866,10.08443587,69.23866828,48.91556911,-0.445300271,0.016838807,-0.94264178,0.153615968,0.282448654,0.206160044,-0.454223876
AT5G67440,1.326484936,2.464372533,4.142193718,2.545530945,-0.715040288,0.350860984,0.291648731,0.957926244,0.320237301,0.968117295,1.596040491
AT5G67470,3.241668188,3.055272694,7.897452858,3.689329068,-0.938805736,0.041932821,-0.199754542,0.957770699,0.41047009,0.828137756,1.01259367
AT5G67490,7.144919592,7.586324207,32.7624049,35.96748861,0.220054083,0.820893187,-0.000257474,0.999997657,0.218082879,0.21092171,-0.048168915
AT5G67500,12.50284325,11.31192038,38.45324655,33.30687636,-0.019568567,0.992783871,-0.01567145,0.996883172,0.325144022,0.339627177,0.062873007
AT5G67510,6.999193976,4.296022383,40.29765456,22.77818594,-0.671968313,0.152412886,0.130778772,0.987459256,0.173687378,0.188602481,0.118855736
AT5G67560,3.940024603,4.876680229,30.11152385,32.06946809,0.082580777,0.928748446,0.414262556,0.886523238,0.130847732,0.15206614,0.216810033
AT5G67590,16.98442302,11.56151221,92.96174437,49.39097439,-0.810619233,0.082481318,-0.103574788,0.984029199,0.18270336,0.234081477,0.357507611
AT5G67600,7.088822509,4.167135847,52.30299695,59.9459053,0.278757791,0.801015585,0.097804443,0.989950827,0.135533773,0.069514937,-0.963257473
AT5G67630,3.286374534,3.050491116,6.525518599,12.63522455,0.809710438,0.087927586,-0.246353079,0.95807376,0.503618905,0.241427535,-1.060742217
